brand_name,generic_name,application_number,sponsor_name,dosage_form,route,marketing_status
8-HOUR BAYER,ASPIRIN,NDA016030,BAYER,"TABLET, EXTENDED RELEASE",ORAL,Discontinued
8-MOP,METHOXSALEN,NDA009048,VALEANT PHARM INTL,CAPSULE,ORAL,Discontinued
A-HYDROCORT,HYDROCORTISONE SODIUM SUCCINATE,ANDA089577,ABBOTT,INJECTABLE,INJECTION,Discontinued
A-METHAPRED,METHYLPREDNISOLONE SODIUM SUCCINATE,ANDA085852,HOSPIRA,INJECTABLE,INJECTION,Discontinued
A-POXIDE,CHLORDIAZEPOXIDE HYDROCHLORIDE,ANDA085513,ABBOTT,CAPSULE,ORAL,Discontinued
A.P.L.,"GONADOTROPIN, CHORIONIC",BLA017055,FERRING,INJECTABLE,INJECTION,Discontinued
A/T/S,ERYTHROMYCIN,ANDA062405,TARO,SOLUTION,TOPICAL,Discontinued
ABACAVIR AND LAMIVUDINE,ABACAVIR; LAMIVUDINE,NDA208775,CIPLA LIMITED,"TABLET, FOR SUSPENSION",ORAL,None (Tentative Approval)
ABACAVIR SULFATE,ABACAVIR SULFATE,ANDA201107,HETERO LABS LTD III,SOLUTION,ORAL,Prescription
ABACAVIR SULFATE AND LAMIVUDINE,ABACAVIR SULFATE; LAMIVUDINE,ANDA212663,MACLEODS PHARMS,TABLET,ORAL,Discontinued
"ABACAVIR SULFATE, LAMIVUDINE AND ZIDOVUDINE",ABACAVIR SULFATE; LAMIVUDINE; ZIDOVUDINE,ANDA090309,MYLAN PHARMA,TABLET,ORAL,None (Tentative Approval)
ABACAVIR SULFATE; LAMIVUDINE,ABACAVIR SULFATE; LAMIVUDINE,NDA202381,MYLAN LABS,TABLET,ORAL,None (Tentative Approval)
ABACAVIR || DOLUTEGRAVIR || LAMIVUDINE,ABACAVIR || DOLUTEGRAVIR || LAMIVUDINE,ANDA212181,EMCURE PHARMS LTD,TABLET,,None (Tentative Approval)
"ABACAVIR, DOLUTEGRAVIR AND LAMIVUDINE","ABACAVIR, DOLUTEGRAVIR, LAMIVUDINE",ANDA217830,MACLEODS PHARMACEUTICALS LTD,TABLET,,None (Tentative Approval)
"ABACAVIR, DOLUTEGRAVIR, LAMIVUDINE","ABACAVIR, DOLUTEGRAVIR, LAMIVUDINE",ANDA210391,CIPLA LIMITED,TABLET,,None (Tentative Approval)
ABACAVIR; DOLUTEGRAVIR; LAMIVUDINE,ABACAVIR; DOLUTEGRAVIR; LAMIVUDINE,ANDA216223,LAURUS LABS LTD,TABLET,ORAL,None (Tentative Approval)
ABACAVIR; LAMIVUDINE,ABACAVIR; LAMIVUDINE,NDA207369,HETERO LABS LTD V,TABLET,ORAL,None (Tentative Approval)
ABANTA,APIXABAN,NDA221024,AZURITY,CAPSULE,ORAL,Prescription
ABELCET,AMPHOTERICIN B,NDA050724,LEADIANT BIOSCI INC,"INJECTABLE, LIPID COMPLEX",INJECTION,Discontinued
ABEMACICLIB,ABEMACICLIB,ANDA220238,"QILU PHARMACEUTICAL CO., LTD.",TABLET,,None (Tentative Approval)
ABILIFY,ARIPIPRAZOLE,NDA021436,OTSUKA,TABLET,ORAL,Prescription
ABILIFY ASIMTUFII,ARIPIPRAZOLE,NDA217006,OTSUKA,"SUSPENSION, EXTENDED RELEASE",INTRAMUSCULAR,Prescription
ABILIFY MAINTENA KIT,ARIPIPRAZOLE,NDA202971,OTSUKA PHARM CO LTD,"FOR SUSPENSION, EXTENDED RELEASE",INTRAMUSCULAR,Prescription
ABILIFY MYCITE KIT,ARIPIPRAZOLE,NDA207202,OTSUKA,TABLET,ORAL,Discontinued
ABIRATERONE ACETATE,ABIRATERONE ACETATE,ANDA208339,HIKMA,TABLET,ORAL,Prescription
ABITREXATE,METHOTREXATE SODIUM,ANDA089355,ABIC,INJECTABLE,INJECTION,Discontinued
ABLAVAR,GADOFOSVESET TRISODIUM,NDA021711,LANTHEUS MEDCL,SOLUTION,INTRAVENOUS,Discontinued
ABLYSINOL,DEHYDRATED ALCOHOL,NDA207987,BPI LABS,SOLUTION,INTRA-ARTERIAL,Prescription
ABRAXANE,PACLITAXEL,NDA021660,BRISTOL-MYERS,POWDER,INTRAVENOUS,Prescription
ABREVA,DOCOSANOL,NDA020941,HALEON US HOLDINGS,CREAM,TOPICAL,Over-the-counter
ABRILADA,ADALIMUMAB-AFZB,BLA761118,PFIZER INC,INJECTABLE,INJECTION,Prescription
ABSORICA,ISOTRETINOIN,NDA021951,SUN PHARM INDS INC,CAPSULE,ORAL,Prescription
ABSORICA LD,ISOTRETINOIN,NDA211913,SUN PHARM,CAPSULE,ORAL,Discontinued
ABSTRAL,FENTANYL CITRATE,NDA022510,SENTYNL THERAPS INC,TABLET,SUBLINGUAL,Discontinued
ACALABRUTINIB,ACALABRUTINIB,ANDA216833,MSN LABORATORIES PRIVATE LTD,CAPSULE,,None (Tentative Approval)
ACAMPROSATE CALCIUM,ACAMPROSATE CALCIUM,ANDA200143,BARR LABS DIV TEVA,"TABLET, DELAYED RELEASE",ORAL,Discontinued
ACANYA,BENZOYL PEROXIDE; CLINDAMYCIN PHOSPHATE,NDA050819,BAUSCH,GEL,TOPICAL,Prescription
ACARBOSE,ACARBOSE,ANDA078441,IMPAX LABS,TABLET,ORAL,Prescription
ACCOLATE,ZAFIRLUKAST,NDA020547,STRIDES PHARMA INTL,TABLET,ORAL,Prescription
ACCRETROPIN,SOMATROPIN,BLA021538,EMERGENT,INJECTABLE,INJECTION,Discontinued
ACCRUFER,FERRIC MALTOL,NDA212320,SHIELD TX,CAPSULE,ORAL,Prescription
ACCUNEB,ALBUTEROL SULFATE,NDA020949,PHARMOBEDIENT,SOLUTION,INHALATION,Discontinued
ACCUPRIL,QUINAPRIL HYDROCHLORIDE,NDA019885,PFIZER PHARMS,TABLET,ORAL,Discontinued
ACCURBRON,THEOPHYLLINE,ANDA088746,SANOFI AVENTIS US,SYRUP,ORAL,Discontinued
ACCURETIC,HYDROCHLOROTHIAZIDE; QUINAPRIL HYDROCHLORIDE,NDA020125,PFIZER PHARMS,TABLET,ORAL,Discontinued
ACCUTANE,ISOTRETINOIN,NDA018662,HOFFMANN LA ROCHE,CAPSULE,ORAL,Discontinued
ACEBUTOLOL HYDROCHLORIDE,ACEBUTOLOL HYDROCHLORIDE,ANDA074288,PHARMOBEDIENT,CAPSULE,ORAL,Discontinued
ACEON,PERINDOPRIL ERBUMINE,NDA020184,SYMPLMED PHARMS LLC,TABLET,ORAL,Discontinued
ACEPHEN,ACETAMINOPHEN,ANDA072237,COSETTE PHARMS NC,SUPPOSITORY,RECTAL,Discontinued
ACETADOTE,ACETYLCYSTEINE,NDA021539,APOTEX,INJECTABLE,INTRAVENOUS,Prescription
ACETAMINOPHEN,ACETAMINOPHEN,NDA018337,TARO,SUPPOSITORY,RECTAL,Over-the-counter
ACETAMINOPHEN AND CODEINE PHOSPHATE,ACETAMINOPHEN; CODEINE PHOSPHATE,ANDA085288,KV PHARM,TABLET,ORAL,Discontinued
ACETAMINOPHEN AND HYDROCODONE BITARTRATE,ACETAMINOPHEN; HYDROCODONE BITARTRATE,ANDA088898,CENT PHARMS,CAPSULE,ORAL,Discontinued
ACETAMINOPHEN AND IBUPROFEN,ACETAMINOPHEN; IBUPROFEN,ANDA214836,L PERRIGO CO,TABLET,ORAL,Over-the-counter
ACETAMINOPHEN AND PENTAZOCINE HYDROCHLORIDE,ACETAMINOPHEN; PENTAZOCINE HYDROCHLORIDE,ANDA076202,GAVIS PHARMS,TABLET,ORAL,Discontinued
"ACETAMINOPHEN, ASPIRIN AND CAFFEINE",ACETAMINOPHEN; ASPIRIN; CAFFEINE,ANDA211695,AUROBINDO PHARMA LTD,TABLET,ORAL,Over-the-counter
"ACETAMINOPHEN, ASPIRIN, AND CODEINE PHOSPHATE",ACETAMINOPHEN; ASPIRIN; CODEINE PHOSPHATE,ANDA081097,MIKART,CAPSULE,ORAL,Discontinued
"ACETAMINOPHEN, CAFFEINE AND DIHYDROCODEINE BITARTRATE",ACETAMINOPHEN; CAFFEINE; DIHYDROCODEINE BITARTRATE,ANDA204209,PHARMOBEDIENT,TABLET,ORAL,Discontinued
"ACETAMINOPHEN, CAFFEINE, AND DIHYDROCODEINE BITARTRATE",ACETAMINOPHEN; CAFFEINE; DIHYDROCODEINE BITARTRATE,ANDA040637,WEST-WARD PHARM CORP,TABLET,ORAL,Discontinued
ACETAMINOPHEN; OXYCODONE HYDROCHLORIDE,ACETAMINOPHEN; OXYCODONE HYDROCHLORIDE,ANDA207113,ACTAVIS LABS FL INC,"TABLET, EXTENDED RELEASE",ORAL,None (Tentative Approval)
ACETASOL,"ACETIC ACID, GLACIAL",ANDA087146,ACTAVIS MID ATLANTIC,SOLUTION/DROPS,OTIC,Discontinued
ACETASOL HC,"ACETIC ACID, GLACIAL; HYDROCORTISONE",ANDA087143,ACTAVIS MID ATLANTIC,SOLUTION/DROPS,OTIC,Discontinued
ACETATED RINGER'S IN PLASTIC CONTAINER,CALCIUM CHLORIDE; POTASSIUM CHLORIDE; SODIUM ACETATE; SODIUM CHLORIDE,NDA018725,B BRAUN,INJECTABLE,INJECTION,Discontinued
ACETAZOLAMIDE,ACETAZOLAMIDE,ANDA084840,CHARTWELL MOLECULAR,TABLET,ORAL,Prescription
ACETAZOLAMIDE SODIUM,ACETAZOLAMIDE SODIUM,ANDA206533,ZYDUS PHARMS,INJECTABLE,INJECTION,Prescription
ACETIC ACID,"ACETIC ACID, GLACIAL",ANDA040166,CHARTWELL RX,SOLUTION/DROPS,OTIC,Discontinued
ACETIC ACID 0.25% IN PLASTIC CONTAINER,"ACETIC ACID, GLACIAL",NDA018161,B BRAUN,SOLUTION,"IRRIGATION, URETHRAL",Prescription
ACETIC ACID 2% IN AQUEOUS ALUMINUM ACETATE,"ACETIC ACID, GLACIAL; ALUMINUM ACETATE",ANDA040063,BAUSCH AND LOMB,SOLUTION/DROPS,OTIC,Discontinued
ACETIC ACID W/ HYDROCORTISONE,"ACETIC ACID, GLACIAL; HYDROCORTISONE",ANDA085492,KV PHARM,SOLUTION/DROPS,OTIC,Discontinued
ACETOHEXAMIDE,ACETOHEXAMIDE,ANDA070754,USL PHARMA,TABLET,ORAL,Discontinued
ACETYLCYSTEINE,ACETYLCYSTEINE,ANDA203853,ALVOGEN,SOLUTION,"INHALATION, ORAL",Prescription
ACHES-N-PAIN,IBUPROFEN,ANDA071065,LEDERLE,TABLET,ORAL,Discontinued
ACHROMYCIN,HYDROCORTISONE; TETRACYCLINE HYDROCHLORIDE,NDA050272,LEDERLE,OINTMENT,OPHTHALMIC,Discontinued
ACHROMYCIN,PROCAINE HYDROCHLORIDE; TETRACYCLINE HYDROCHLORIDE,NDA050276,LEDERLE,INJECTABLE,INJECTION,Discontinued
ACHROMYCIN,TETRACYCLINE HYDROCHLORIDE,NDA050268,STORZ,SUSPENSION/DROPS,OPHTHALMIC,Discontinued
ACHROMYCIN V,TETRACYCLINE HYDROCHLORIDE,NDA050263,LEDERLE,SUSPENSION,ORAL,Discontinued
ACILAC,LACTULOSE,ANDA073685,NOSTRUM LABS,SOLUTION,"ORAL, RECTAL",Discontinued
ACIPHEX,RABEPRAZOLE SODIUM,NDA020973,WAYLIS THERAP,"TABLET, DELAYED RELEASE",ORAL,Discontinued
ACIPHEX SPRINKLE,RABEPRAZOLE SODIUM,NDA204736,AYTU,"CAPSULE, DELAYED RELEASE",ORAL,Discontinued
ACITRETIN,ACITRETIN,ANDA091455,BARR LABS INC,CAPSULE,ORAL,Prescription
ACLOVATE,ALCLOMETASONE DIPROPIONATE,NDA018707,FOUGERA,CREAM,TOPICAL,Discontinued
ACTAHIST,PSEUDOEPHEDRINE HYDROCHLORIDE; TRIPROLIDINE HYDROCHLORIDE,ANDA088344,CENCI,SYRUP,ORAL,Discontinued
ACTEMRA,TOCILIZUMAB,BLA125472,GENENTECH,INJECTABLE,"INTRAVENOUS, SUBCUTANEOUS",Prescription
ACTH,CORTICOTROPIN,NDA008317,PARKEDALE,INJECTABLE,INJECTION,Discontinued
ACTHAR,CORTICOTROPIN,NDA007504,SANOFI AVENTIS US,INJECTABLE,INJECTION,Discontinued
ACTHAR GEL,CORTICOTROPIN,NDA008372,MALLINCKRODT IRELAND,INJECTABLE,INJECTION,Discontinued
ACTHAR GEL (AUTOINJECTOR),CORTICOTROPIN,NDA008372,MALLINCKRODT IRELAND,INJECTABLE,INJECTION,Prescription
ACTHREL,CORTICORELIN OVINE TRIFLUTATE,BLA020162,FERRING,INJECTABLE,INJECTION,Prescription
ACTICLATE,DOXYCYCLINE HYCLATE,NDA205931,CHARTWELL RX,TABLET,ORAL,Prescription
ACTICLATE CAP,DOXYCYCLINE HYCLATE,NDA208253,CHARTWELL RX,CAPSULE,ORAL,Discontinued
ACTICORT,HYDROCORTISONE,ANDA086535,BAKER NORTON,LOTION,TOPICAL,Discontinued
ACTIDIL,TRIPROLIDINE HYDROCHLORIDE,NDA011110,GLAXOSMITHKLINE,TABLET,ORAL,Discontinued
ACTIFED,PSEUDOEPHEDRINE HYDROCHLORIDE; TRIPROLIDINE HYDROCHLORIDE,NDA018996,GLAXOSMITHKLINE,"CAPSULE, EXTENDED RELEASE",ORAL,Discontinued
ACTIFED W/ CODEINE,CODEINE PHOSPHATE; PSEUDOEPHEDRINE HYDROCHLORIDE; TRIPROLIDINE HYDROCHLORIDE,NDA012575,GLAXOSMITHKLINE,SYRUP,ORAL,Discontinued
ACTIGALL,URSODIOL,NDA019594,TEVA BRANDED PHARM,CAPSULE,ORAL,Discontinued
ACTIMMUNE,INTERFERON GAMMA-1B,BLA103836,HORIZON THERAPEUTICS IRELAND DAC,VIAL,SINGLE-USE,Prescription
ACTIN-N,NITROFURAZONE,NDA017343,SHERWOOD MEDCL,DRESSING,TOPICAL,Discontinued
ACTINEX,MASOPROCOL,NDA019940,UNIV AZ CANCER CTR,CREAM,TOPICAL,Discontinued
ACTIQ,FENTANYL CITRATE,NDA020747,CEPHALON,TROCHE/LOZENGE,TRANSMUCOSAL,Discontinued
ACTISITE,TETRACYCLINE HYDROCHLORIDE,NDA050653,SCHIFF AND CO,"FIBER, EXTENDED RELEASE",PERIODONTAL,Discontinued
ACTIVASE,ALTEPLASE,BLA103172,GENENTECH,VIAL,SINGLE-USE,Prescription
ACTIVELLA,ESTRADIOL; NORETHINDRONE ACETATE,NDA020907,AMNEAL,TABLET,ORAL,Prescription
ACTONEL,RISEDRONATE SODIUM,NDA020835,APIL,TABLET,ORAL,Discontinued
ACTONEL WITH CALCIUM (COPACKAGED),CALCIUM CARBONATE; RISEDRONATE SODIUM,NDA021823,WARNER CHILCOTT,TABLET,ORAL,Discontinued
ACTOPLUS MET,METFORMIN HYDROCHLORIDE; PIOGLITAZONE HYDROCHLORIDE,NDA021842,TAKEDA PHARMS USA,TABLET,ORAL,Discontinued
ACTOPLUS MET XR,METFORMIN HYDROCHLORIDE; PIOGLITAZONE HYDROCHLORIDE,NDA022024,TAKEDA PHARMS USA,"TABLET, EXTENDED RELEASE",ORAL,Discontinued
ACTOS,PIOGLITAZONE HYDROCHLORIDE,NDA021073,TAKEDA PHARMS USA,TABLET,ORAL,Prescription
ACTRON,KETOPROFEN,NDA020499,BAYER,TABLET,ORAL,Discontinued
ACULAR,KETOROLAC TROMETHAMINE,NDA019700,ABBVIE,SOLUTION/DROPS,OPHTHALMIC,Prescription
ACULAR LS,KETOROLAC TROMETHAMINE,NDA021528,ABBVIE,SOLUTION/DROPS,OPHTHALMIC,Prescription
ACULAR PRESERVATIVE FREE,KETOROLAC TROMETHAMINE,NDA020811,ALLERGAN,SOLUTION/DROPS,OPHTHALMIC,Discontinued
ACUTECT,TECHNETIUM TC-99M APCITIDE,NDA020887,CIS BIO INTL SA,INJECTABLE,INJECTION,Discontinued
ACUVAIL,KETOROLAC TROMETHAMINE,NDA022427,ABBVIE,SOLUTION/DROPS,OPHTHALMIC,Prescription
ACUVUE THERAVISION WITH KETOTIFEN,KETOTIFEN FUMARATE,NDA022388,JOHNSON JOHNSON VISN,DRUG-ELUTING CONTACT LENS,OPHTHALMIC,Discontinued
ACYCLOVIR,ACYCLOVIR,ANDA208766,AMNEAL,CREAM,TOPICAL,Prescription
ACYCLOVIR,ACYCLOVIR SODIUM,ANDA075114,ABBVIE,INJECTABLE,INJECTION,Discontinued
ACYCLOVIR IN SODIUM CHLORIDE 0.9% PRESERVATIVE FREE,ACYCLOVIR SODIUM,ANDA074885,EUROHLTH INTL SARL,INJECTABLE,INJECTION,Discontinued
ACYCLOVIR SODIUM,ACYCLOVIR SODIUM,ANDA074596,CHARTWELL INJECTABLE,INJECTABLE,INJECTION,Discontinued
ACYLANID,ACETYLDIGITOXIN,NDA009436,NOVARTIS,TABLET,ORAL,Discontinued
ACZONE,DAPSONE,NDA021794,ALMIRALL,GEL,TOPICAL,Prescription
ADAGEN,PEGADEMASE BOVINE,BLA019818,LEADIANT BIOSCI INC,INJECTABLE,INJECTION,Discontinued
ADAKVEO,CRIZANLIZUMAB-TMCA,BLA761128,NOVARTIS PHARMS CORP,INJECTABLE,INJECTION,Prescription
ADALAT,NIFEDIPINE,NDA019478,BAYER PHARMS,CAPSULE,ORAL,Discontinued
ADALAT CC,NIFEDIPINE,NDA020198,NORWICH,"TABLET, EXTENDED RELEASE",ORAL,Discontinued
ADAPALENE,ADAPALENE,ANDA201000,ACTAVIS MID ATLANTIC,GEL,TOPICAL,Prescription
ADAPALENE AND BENZOYL PEROXIDE,ADAPALENE; BENZOYL PEROXIDE,ANDA206164,ENCUBE,GEL,TOPICAL,Prescription
ADASUVE,LOXAPINE,NDA022549,NOVA PNEUMA,POWDER,INHALATION,Prescription
ADBRY,TRALOKINUMAB,BLA761180,LEO PHARMA AS,INJECTABLE,INJECTION,Prescription
ADCETRIS,BRENTUXIMAB VEDOTIN,BLA125388,SEATTLE GENETICS,INJECTABLE,INJECTION,Prescription
ADCIRCA,TADALAFIL,NDA022332,ELI LILLY CO,TABLET,ORAL,Prescription
ADDERALL 10,AMPHETAMINE ASPARTATE; AMPHETAMINE SULFATE; DEXTROAMPHETAMINE SACCHARATE; DEXTROAMPHETAMINE SULFATE,NDA011522,TEVA WOMENS,TABLET,ORAL,Discontinued
ADDERALL 12.5,AMPHETAMINE ASPARTATE; AMPHETAMINE SULFATE; DEXTROAMPHETAMINE SACCHARATE; DEXTROAMPHETAMINE SULFATE,NDA011522,TEVA WOMENS,TABLET,ORAL,Discontinued
ADDERALL 15,AMPHETAMINE ASPARTATE; AMPHETAMINE SULFATE; DEXTROAMPHETAMINE SACCHARATE; DEXTROAMPHETAMINE SULFATE,NDA011522,TEVA WOMENS,TABLET,ORAL,Discontinued
ADDERALL 20,AMPHETAMINE ASPARTATE; AMPHETAMINE SULFATE; DEXTROAMPHETAMINE SACCHARATE; DEXTROAMPHETAMINE SULFATE,NDA011522,TEVA WOMENS,TABLET,ORAL,Discontinued
ADDERALL 30,AMPHETAMINE ASPARTATE; AMPHETAMINE SULFATE; DEXTROAMPHETAMINE SACCHARATE; DEXTROAMPHETAMINE SULFATE,NDA011522,TEVA WOMENS,TABLET,ORAL,Discontinued
ADDERALL 5,AMPHETAMINE ASPARTATE; AMPHETAMINE SULFATE; DEXTROAMPHETAMINE SACCHARATE; DEXTROAMPHETAMINE SULFATE,NDA011522,TEVA WOMENS,TABLET,ORAL,Discontinued
ADDERALL 7.5,AMPHETAMINE ASPARTATE; AMPHETAMINE SULFATE; DEXTROAMPHETAMINE SACCHARATE; DEXTROAMPHETAMINE SULFATE,NDA011522,TEVA WOMENS,TABLET,ORAL,Discontinued
ADDERALL XR 10,AMPHETAMINE ASPARTATE; AMPHETAMINE SULFATE; DEXTROAMPHETAMINE SACCHARATE; DEXTROAMPHETAMINE SULFATE,NDA021303,TAKEDA PHARMS USA,"CAPSULE, EXTENDED RELEASE",ORAL,Prescription
ADDERALL XR 15,AMPHETAMINE ASPARTATE; AMPHETAMINE SULFATE; DEXTROAMPHETAMINE SACCHARATE; DEXTROAMPHETAMINE SULFATE,NDA021303,TAKEDA PHARMS USA,"CAPSULE, EXTENDED RELEASE",ORAL,Prescription
ADDERALL XR 20,AMPHETAMINE ASPARTATE; AMPHETAMINE SULFATE; DEXTROAMPHETAMINE SACCHARATE; DEXTROAMPHETAMINE SULFATE,NDA021303,TAKEDA PHARMS USA,"CAPSULE, EXTENDED RELEASE",ORAL,Prescription
ADDERALL XR 25,AMPHETAMINE ASPARTATE; AMPHETAMINE SULFATE; DEXTROAMPHETAMINE SACCHARATE; DEXTROAMPHETAMINE SULFATE,NDA021303,TAKEDA PHARMS USA,"CAPSULE, EXTENDED RELEASE",ORAL,Prescription
ADDERALL XR 30,AMPHETAMINE ASPARTATE; AMPHETAMINE SULFATE; DEXTROAMPHETAMINE SACCHARATE; DEXTROAMPHETAMINE SULFATE,NDA021303,TAKEDA PHARMS USA,"CAPSULE, EXTENDED RELEASE",ORAL,Prescription
ADDERALL XR 5,AMPHETAMINE ASPARTATE; AMPHETAMINE SULFATE; DEXTROAMPHETAMINE SACCHARATE; DEXTROAMPHETAMINE SULFATE,NDA021303,TAKEDA PHARMS USA,"CAPSULE, EXTENDED RELEASE",ORAL,Prescription
ADDYI,FLIBANSERIN,NDA022526,SPROUT PHARMS,TABLET,ORAL,Prescription
ADEFOVIR DIPIVOXIL,ADEFOVIR DIPIVOXIL,ANDA202051,SIGMAPHARM LABS LLC,TABLET,ORAL,Prescription
ADEMPAS,RIOCIGUAT,NDA204819,BAYER HLTHCARE,TABLET,ORAL,Prescription
ADENOCARD,ADENOSINE,NDA019937,ASTELLAS,INJECTABLE,INJECTION,Discontinued
ADENOSCAN,ADENOSINE,NDA020059,ASTELLAS,SOLUTION,INTRAVENOUS,Discontinued
ADENOSINE,ADENOSINE,ANDA078676,TEVA PHARMS USA,INJECTABLE,INJECTION,Discontinued
ADHANSIA XR,METHYLPHENIDATE HYDROCHLORIDE,NDA212038,KNOA PHARMA,"CAPSULE, EXTENDED RELEASE",ORAL,Discontinued
ADIPEX-P,PHENTERMINE HYDROCHLORIDE,ANDA085128,TEVA,TABLET,ORAL,Prescription
ADLARITY,DONEPEZIL HYDROCHLORIDE,NDA212304,CORIUM,SYSTEM,TRANSDERMAL,Discontinued
ADLYXIN,LIXISENATIDE,BLA208471,SANOFI-AVENTIS US,SOLUTION,SUBCUTANEOUS,Prescription
ADMELOG,INSULIN LISPRO,BLA209196,SANOFI-AVENTIS US,SOLUTION,"INTRAVENOUS, SUBCUTANEOUS",Prescription
ADMELOG SOLOSTAR,INSULIN LISPRO,BLA209196,SANOFI-AVENTIS US,SOLUTION,SUBCUTANEOUS,Prescription
ADPHEN,PHENDIMETRAZINE TARTRATE,ANDA083655,FERNDALE LABS,TABLET,ORAL,Discontinued
ADQUEY,DIFAMILAST,NDA219474,ACROTECH BIOPHARMA,OINTMENT,TOPICAL,Prescription
ADRENACLICK,EPINEPHRINE,NDA020800,IMPAX,INJECTABLE,"INTRAMUSCULAR, SUBCUTANEOUS",Prescription
ADRENALIN,EPINEPHRINE,NDA204200,PH HEALTH,SOLUTION,"INTRAMUSCULAR, INTRAVENOUS, SUBCUTANEOUS",Prescription
ADREVIEW,IOBENGUANE SULFATE I-123,NDA022290,GE HEALTHCARE,SOLUTION,INTRAVENOUS,Prescription
ADRIAMYCIN PFS,DOXORUBICIN HYDROCHLORIDE,ANDA063165,PFIZER,INJECTABLE,INJECTION,Discontinued
ADRUCIL,FLUOROURACIL,NDA017959,PHARMACIA AND UPJOHN,INJECTABLE,INJECTION,Discontinued
ADUHELM,ADUCANUMAB-AVWA,BLA761178,BIOGEN INC,INJECTABLE,INJECTION,Prescription
ADVAIR DISKUS 100/50,FLUTICASONE PROPIONATE; SALMETEROL XINAFOATE,NDA021077,GLAXO GRP LTD,POWDER,INHALATION,Prescription
ADVAIR DISKUS 250/50,FLUTICASONE PROPIONATE; SALMETEROL XINAFOATE,NDA021077,GLAXO GRP LTD,POWDER,INHALATION,Prescription
ADVAIR DISKUS 500/50,FLUTICASONE PROPIONATE; SALMETEROL XINAFOATE,NDA021077,GLAXO GRP LTD,POWDER,INHALATION,Prescription
ADVAIR HFA,FLUTICASONE PROPIONATE; SALMETEROL XINAFOATE,NDA021254,GLAXO GRP LTD,"AEROSOL, METERED",INHALATION,Prescription
ADVIL,IBUPROFEN,NDA018989,HALEON US HOLDINGS,TABLET,ORAL,Over-the-counter
ADVIL,IBUPROFEN SODIUM,NDA201803,HALEON US HOLDINGS,TABLET,ORAL,Over-the-counter
ADVIL ALLERGY AND CONGESTION RELIEF,CHLORPHENIRAMINE MALEATE; IBUPROFEN; PHENYLEPHRINE HYDROCHLORIDE,NDA022113,HALEON US HOLDINGS,TABLET,ORAL,Over-the-counter
ADVIL ALLERGY SINUS,CHLORPHENIRAMINE MALEATE; IBUPROFEN; PSEUDOEPHEDRINE HYDROCHLORIDE,NDA021441,HALEON US HOLDINGS,TABLET,ORAL,Over-the-counter
ADVIL COLD AND SINUS,IBUPROFEN; PSEUDOEPHEDRINE HYDROCHLORIDE,NDA019771,HALEON US HOLDINGS,TABLET,ORAL,Over-the-counter
ADVIL CONGESTION RELIEF,IBUPROFEN; PHENYLEPHRINE HYDROCHLORIDE,NDA022565,HALEON US HOLDINGS,TABLET,ORAL,Over-the-counter
ADVIL DUAL ACTION WITH ACETAMINOPHEN,ACETAMINOPHEN; IBUPROFEN,NDA211733,HALEON US HOLDINGS,TABLET,ORAL,Over-the-counter
ADVIL LIQUI-GELS,IBUPROFEN,NDA020402,HALEON US HOLDINGS,CAPSULE,ORAL,Over-the-counter
ADVIL MIGRAINE LIQUI-GELS,IBUPROFEN,NDA020402,HALEON US HOLDINGS,CAPSULE,ORAL,Over-the-counter
ADVIL MULTI-SYMPTOM COLD & FLU,CHLORPHENIRAMINE MALEATE; IBUPROFEN; PHENYLEPHRINE HYDROCHLORIDE,NDA022113,HALEON US HOLDINGS,TABLET,ORAL,Over-the-counter
ADVIL PM,DIPHENHYDRAMINE CITRATE; IBUPROFEN,NDA021394,HALEON US HOLDINGS,TABLET,ORAL,Over-the-counter
ADVIL PM,DIPHENHYDRAMINE HYDROCHLORIDE; IBUPROFEN,NDA021393,HALEON US HOLDINGS,CAPSULE,ORAL,Over-the-counter
ADZENYS ER,AMPHETAMINE,NDA204325,NEOS THERAPS INC,"SUSPENSION, EXTENDED RELEASE",ORAL,Discontinued
ADZENYS XR-ODT,AMPHETAMINE,NDA204326,NEOS THERAPS,"TABLET, ORALLY DISINTEGRATING, EXTENDED RELEASE",ORAL,Prescription
AEMCOLO,RIFAMYCIN SODIUM,NDA210910,COSMO TECHNOLOGIES,"TABLET, DELAYED RELEASE",ORAL,Discontinued
AEROBID,FLUNISOLIDE,NDA018340,ROCHE PALO,"AEROSOL, METERED",INHALATION,Discontinued
AEROLATE,THEOPHYLLINE,ANDA089141,FLEMING PHARMS,SOLUTION,ORAL,Discontinued
AEROLATE III,THEOPHYLLINE,ANDA085075,FLEMING PHARMS,"CAPSULE, EXTENDED RELEASE",ORAL,Discontinued
AEROLATE JR,THEOPHYLLINE,ANDA085075,FLEMING PHARMS,"CAPSULE, EXTENDED RELEASE",ORAL,Discontinued
AEROLATE SR,THEOPHYLLINE,ANDA085075,FLEMING PHARMS,"CAPSULE, EXTENDED RELEASE",ORAL,Discontinued
AEROLONE,ISOPROTERENOL HYDROCHLORIDE,NDA007245,LILLY,SOLUTION,INHALATION,Discontinued
AEROSEB-DEX,DEXAMETHASONE,ANDA083296,ALLERGAN HERBERT,AEROSOL,TOPICAL,Discontinued
AEROSEB-HC,HYDROCORTISONE,ANDA085805,ALLERGAN HERBERT,AEROSOL,TOPICAL,Discontinued
AEROSPAN HFA,FLUNISOLIDE,NDA021247,PHARMOBEDIENT,"AEROSOL, METERED",INHALATION,Discontinued
AEROSPORIN,POLYMYXIN B SULFATE,ANDA062036,GLAXOSMITHKLINE,INJECTABLE,INJECTION,Discontinued
AFATINIB,AFATINIB,ANDA210703,SANDOZ INC,TABLET,,None (Tentative Approval)
AFATINIB DIMALEATE,AFATINIB DIMALEATE,ANDA210725,APOTEX,TABLET,ORAL,Prescription
AFAXIN,VITAMIN A PALMITATE,ANDA083187,STERLING WINTHROP,CAPSULE,ORAL,Discontinued
AFEDITAB CR,NIFEDIPINE,ANDA075128,WATSON LABS TEVA,"TABLET, EXTENDED RELEASE",ORAL,Discontinued
AFINITOR,EVEROLIMUS,NDA022334,NOVARTIS,TABLET,ORAL,Prescription
AFINITOR DISPERZ,EVEROLIMUS,NDA203985,NOVARTIS PHARM,"TABLET, FOR SUSPENSION",ORAL,Prescription
AFIRMELLE,ETHINYL ESTRADIOL; LEVONORGESTREL,ANDA206886,AUROBINDO PHARMA,TABLET,ORAL-28,Prescription
AFREZZA,INSULIN RECOMBINANT HUMAN,BLA022472,MANNKIND,POWDER,INHALATION,Prescription
AFRINOL,PSEUDOEPHEDRINE SULFATE,NDA018191,SCHERING PLOUGH,"TABLET, EXTENDED RELEASE",ORAL,Discontinued
AGAMREE,VAMOROLONE,NDA215239,CATALYST PHARMS,SUSPENSION,ORAL,Prescription
AGENERASE,AMPRENAVIR,NDA021039,GLAXOSMITHKLINE,SOLUTION,ORAL,Discontinued
AGGRASTAT,TIROFIBAN HYDROCHLORIDE,NDA020913,MEDICURE,SOLUTION,INTRAVENOUS,Prescription
AGGRENOX,ASPIRIN; DIPYRIDAMOLE,NDA020884,BOEHRINGER INGELHEIM,"CAPSULE, EXTENDED RELEASE",ORAL,Discontinued
AGRYLIN,ANAGRELIDE HYDROCHLORIDE,NDA020333,TAKEDA PHARMS USA,CAPSULE,ORAL,Prescription
AHZANTIVE,AFLIBERCEPT-MRBB,BLA761378,FORMYCON AG,INJECTABLE,INJECTION,Prescription
AIMOVIG,ERENUMAB-AOOE,BLA761077,AMGEN INC,INJECTABLE,INJECTION,Prescription
AIR,AIR,NDA221805,NOBLE GAS SOLUTIONS INC.,GAS,INHALATION,Prescription
AIRDUO DIGIHALER,FLUTICASONE PROPIONATE; SALMETEROL XINAFOATE,NDA208799,TEVA PHARM,POWDER,INHALATION,Discontinued
AIRDUO RESPICLICK,FLUTICASONE PROPIONATE; SALMETEROL XINAFOATE,NDA208799,TEVA PHARM,POWDER,INHALATION,Prescription
AIRSUPRA,ALBUTEROL SULFATE; BUDESONIDE,NDA214070,ASTRAZENECA,"AEROSOL, METERED",INHALATION,Prescription
AJOVY,FREMANEZUMAB-VFRM,BLA761089,TEVA PHARMS USA,INJECTABLE,INJECTION,Prescription
AK-FLUOR 10%,FLUORESCEIN SODIUM,NDA022186,LONG GROVE PHARMS,INJECTABLE,INTRAVENOUS,Prescription
AK-FLUOR 25%,FLUORESCEIN SODIUM,NDA022186,LONG GROVE PHARMS,INJECTABLE,INTRAVENOUS,Discontinued
AK-PENTOLATE,CYCLOPENTOLATE HYDROCHLORIDE,ANDA085555,EPIC PHARMA LLC,SOLUTION/DROPS,OPHTHALMIC,Discontinued
AKBETA,LEVOBUNOLOL HYDROCHLORIDE,ANDA074780,EPIC PHARMA LLC,SOLUTION/DROPS,OPHTHALMIC,Discontinued
AKEEGA,ABIRATERONE ACETATE; NIRAPARIB TOSYLATE,NDA216793,JANSSEN BIOTECH,TABLET,ORAL,Prescription
AKINETON,BIPERIDEN HYDROCHLORIDE,NDA012003,ABBVIE,TABLET,ORAL,Discontinued
AKINETON,BIPERIDEN LACTATE,NDA012418,ABBVIE,INJECTABLE,INJECTION,Discontinued
AKLIEF,TRIFAROTENE,NDA211527,GALDERMA LABS LP,CREAM,TOPICAL,Prescription
AKNE-MYCIN,ERYTHROMYCIN,NDA050584,BAUSCH,OINTMENT,TOPICAL,Discontinued
AKOVAZ,EPHEDRINE SULFATE,NDA208289,EXELA PHARMA,SOLUTION,INTRAVENOUS,Prescription
AKPENTOLATE,CYCLOPENTOLATE HYDROCHLORIDE,ANDA040165,RISING,SOLUTION/DROPS,OPHTHALMIC,Prescription
AKPRO,DIPIVEFRIN HYDROCHLORIDE,ANDA074382,EPIC PHARMA LLC,SOLUTION/DROPS,OPHTHALMIC,Discontinued
AKRINOL,ACRISORCIN,NDA012470,SCHERING,CREAM,TOPICAL,Discontinued
AKTEN,LIDOCAINE HYDROCHLORIDE,NDA022221,THEA PHARMA,GEL,OPHTHALMIC,Prescription
AKTIPAK,BENZOYL PEROXIDE; ERYTHROMYCIN,NDA050769,BIOFRONTERA,GEL,TOPICAL,Discontinued
AKTOB,TOBRAMYCIN,ANDA064096,EPIC PHARMA LLC,SOLUTION/DROPS,OPHTHALMIC,Discontinued
AKYNZEO,FOSNETUPITANT CHLORIDE HYDROCHLORIDE; PALONOSETRON HYDROCHLORIDE,NDA210493,HELSINN HLTHCARE,SOLUTION,INTRAVENOUS,Prescription
AKYNZEO,NETUPITANT; PALONOSETRON HYDROCHLORIDE,NDA205718,HELSINN HLTHCARE,CAPSULE,ORAL,Prescription
ALA-CORT,HYDROCORTISONE,ANDA080706,CROWN LABS,CREAM,TOPICAL,Prescription
ALA-SCALP,HYDROCORTISONE,ANDA083231,LEGACY,LOTION,TOPICAL,Prescription
ALAMAST,PEMIROLAST POTASSIUM,NDA021079,SANTEN,SOLUTION/DROPS,OPHTHALMIC,Discontinued
ALAVERT,LORATADINE,NDA021375,FDN CONSUMER,"TABLET, ORALLY DISINTEGRATING",ORAL,Over-the-counter
ALAWAY,KETOTIFEN FUMARATE,ANDA208158,BAUSCH AND LOMB INC,SOLUTION/DROPS,OPHTHALMIC,Discontinued
ALBALON,NAPHAZOLINE HYDROCHLORIDE,ANDA080248,ALLERGAN,SOLUTION/DROPS,OPHTHALMIC,Discontinued
ALBAMYCIN,NOVOBIOCIN SODIUM,NDA050339,PHARMACIA AND UPJOHN,CAPSULE,ORAL,Discontinued
ALBENDAZOLE,ALBENDAZOLE,ANDA208094,ACTAVIS ELIZABETH,TABLET,ORAL,Prescription
ALBENZA,ALBENDAZOLE,NDA020666,IMPAX LABS INC,TABLET,ORAL,Discontinued
ALBUTEROL,ALBUTEROL,ANDA072273,ARMSTRONG PHARMS,"AEROSOL, METERED",INHALATION,Discontinued
ALBUTEROL SULFATE,ALBUTEROL SULFATE,ANDA212447,ARMSTRONG PHARMS,"AEROSOL, METERED",INHALATION,Prescription
ALBUTEROL SULFATE AND IPRATROPIUM BROMIDE,ALBUTEROL SULFATE; IPRATROPIUM BROMIDE,ANDA206532,LUOXIN AUROVITAS,SOLUTION,INHALATION,Discontinued
ALBUTEROL SULFATE; IPRATROPIUM BROMIDE,ALBUTEROL SULFATE; IPRATROPIUM BROMIDE,ANDA076749,NEPHRON,SOLUTION,INHALATION,Prescription
ALCAFTADINE,ALCAFTADINE,ANDA209706,GLAND,SOLUTION/DROPS,OPHTHALMIC,Over-the-counter
ALCAINE,PROPARACAINE HYDROCHLORIDE,ANDA080027,ALCON LABS INC,SOLUTION/DROPS,OPHTHALMIC,Prescription
ALCLOMETASONE DIPROPIONATE,ALCLOMETASONE DIPROPIONATE,ANDA076730,SUN PHARMA CANADA,OINTMENT,TOPICAL,Prescription
ALCOHOL 5% AND DEXTROSE 5%,ALCOHOL; DEXTROSE,NDA004589,B BRAUN,INJECTABLE,INJECTION,Discontinued
ALDACTAZIDE,HYDROCHLOROTHIAZIDE; SPIRONOLACTONE,NDA012616,PFIZER,TABLET,ORAL,Discontinued
ALDACTONE,SPIRONOLACTONE,NDA012151,PFIZER,TABLET,ORAL,Prescription
ALDARA,IMIQUIMOD,NDA020723,BAUSCH,CREAM,TOPICAL,Discontinued
ALDOCLOR-150,CHLOROTHIAZIDE; METHYLDOPA,NDA016016,MERCK,TABLET,ORAL,Discontinued
ALDOCLOR-250,CHLOROTHIAZIDE; METHYLDOPA,NDA016016,MERCK,TABLET,ORAL,Discontinued
ALDOMET,METHYLDOPA,NDA013400,MERCK,TABLET,ORAL,Discontinued
ALDOMET,METHYLDOPATE HYDROCHLORIDE,NDA013401,MERCK,INJECTABLE,INJECTION,Discontinued
ALDORIL 15,HYDROCHLOROTHIAZIDE; METHYLDOPA,NDA013402,MERCK,TABLET,ORAL,Discontinued
ALDORIL 25,HYDROCHLOROTHIAZIDE; METHYLDOPA,NDA013402,MERCK,TABLET,ORAL,Discontinued
ALDORIL D30,HYDROCHLOROTHIAZIDE; METHYLDOPA,NDA013402,MERCK,TABLET,ORAL,Discontinued
ALDORIL D50,HYDROCHLOROTHIAZIDE; METHYLDOPA,NDA013402,MERCK,TABLET,ORAL,Discontinued
ALDURAZYME,LARONIDASE,BLA125058,BIOMARIN,VIAL,,Prescription
ALECENSA,ALECTINIB HYDROCHLORIDE,NDA208434,HOFFMANN-LA ROCHE,CAPSULE,ORAL,Prescription
ALENDRONATE SODIUM,ALENDRONATE SODIUM,ANDA078638,MYLAN,TABLET,ORAL,Discontinued
ALESSE,ETHINYL ESTRADIOL; LEVONORGESTREL,NDA020683,CADENCE HEALTH,TABLET,ORAL-21,Discontinued
ALEVE,NAPROXEN SODIUM,NDA020204,BAYER,TABLET,ORAL,Over-the-counter
ALEVE PM,DIPHENHYDRAMINE HYDROCHLORIDE; NAPROXEN SODIUM,NDA205352,BAYER HLTHCARE,TABLET,ORAL,Over-the-counter
ALEVE-D SINUS & COLD,NAPROXEN SODIUM; PSEUDOEPHEDRINE HYDROCHLORIDE,NDA021076,BAYER,"TABLET, EXTENDED RELEASE",ORAL,Discontinued
ALFENTA,ALFENTANIL HYDROCHLORIDE,NDA019353,RISING,INJECTABLE,INJECTION,Prescription
ALFENTANIL,ALFENTANIL HYDROCHLORIDE,ANDA075221,HOSPIRA,INJECTABLE,INJECTION,Discontinued
ALFERON N INJECTION,INTERFERON ALFA-N3,BLA103158,INTERFERON SCIENCES,VIAL,,Prescription
ALFUZOSIN HYDROCHLORIDE,ALFUZOSIN HYDROCHLORIDE,ANDA079013,APOTEX INC,"TABLET, EXTENDED RELEASE",ORAL,Prescription
ALHEMO,CONCIZUMAB,BLA761428,NOVO NORDISK INC,SOLUTION,INJECTION,Prescription
ALHEMO,CONCIZUMAB-MTCI,BLA761315,NOVO NORDISK INC,Injectable,Subcutaneous,Prescription
ALIMTA,PEMETREXED,NDA021677,LILLY,INJECTABLE,INJECTION,Prescription
ALIMTA,PEMETREXED DISODIUM,NDA021462,LILLY,POWDER,INTRAVENOUS,Prescription
ALINIA,NITAZOXANIDE,NDA021818,ROMARK,TABLET,ORAL,Prescription
ALIQOPA,COPANLISIB DIHYDROCHLORIDE,NDA209936,BAYER HEALTHCARE,POWDER,INTRAVENOUS,Discontinued
ALISKIREN HEMIFUMARATE,ALISKIREN HEMIFUMARATE,ANDA206665,PH HEALTH,TABLET,ORAL,Prescription
ALKERAN,MELPHALAN,NDA014691,APOTEX,TABLET,ORAL,Discontinued
ALKERAN,MELPHALAN HYDROCHLORIDE,NDA020207,APOTEX,INJECTABLE,INJECTION,Discontinued
ALKERGOT,ERGOLOID MESYLATES,ANDA085153,SANDOZ,TABLET,SUBLINGUAL,Discontinued
ALKINDI SPRINKLE,HYDROCORTISONE,NDA213876,ETON,GRANULE,ORAL,Prescription
ALLAY,ACETAMINOPHEN; HYDROCODONE BITARTRATE,ANDA089907,IVAX PHARMS,CAPSULE,ORAL,Discontinued
ALLEGRA,FEXOFENADINE HYDROCHLORIDE,NDA021963,CHATTEM SANOFI,SUSPENSION,ORAL,Discontinued
ALLEGRA ALLERGY,FEXOFENADINE HYDROCHLORIDE,NDA020872,CHATTEM SANOFI,TABLET,ORAL,Over-the-counter
ALLEGRA HIVES,FEXOFENADINE HYDROCHLORIDE,NDA020872,CHATTEM SANOFI,TABLET,ORAL,Discontinued
ALLEGRA-D 12 HOUR ALLERGY AND CONGESTION,FEXOFENADINE HYDROCHLORIDE; PSEUDOEPHEDRINE HYDROCHLORIDE,NDA020786,CHATTEM SANOFI,"TABLET, EXTENDED RELEASE",ORAL,Over-the-counter
ALLEGRA-D 24 HOUR ALLERGY AND CONGESTION,FEXOFENADINE HYDROCHLORIDE; PSEUDOEPHEDRINE HYDROCHLORIDE,NDA021704,CHATTEM SANOFI,"TABLET, EXTENDED RELEASE",ORAL,Over-the-counter
ALLERFED,PSEUDOEPHEDRINE HYDROCHLORIDE; TRIPROLIDINE HYDROCHLORIDE,ANDA088860,PVT FORM,TABLET,ORAL,Discontinued
ALLERNAZE,TRIAMCINOLONE ACETONIDE,NDA020120,LUPIN ATLANTIS,"SPRAY, METERED",NASAL,Discontinued
ALLI,ORLISTAT,NDA021887,HALEON US HOLDINGS,CAPSULE,ORAL,Over-the-counter
ALLOPURINOL,ALLOPURINOL,ANDA078253,NORTHSTAR HLTHCARE,TABLET,ORAL,Discontinued
ALLOPURINOL SODIUM,ALLOPURINOL SODIUM,ANDA212363,GLAND,INJECTABLE,INJECTION,Prescription
ALLZITAL,ACETAMINOPHEN; BUTALBITAL,ANDA203484,PHARMOBEDIENT,TABLET,ORAL,Prescription
ALMOTRIPTAN MALATE,ALMOTRIPTAN MALATE,ANDA078027,TEVA PHARMS USA,TABLET,ORAL,Prescription
ALOCRIL,NEDOCROMIL SODIUM,NDA021009,ALLERGAN,SOLUTION/DROPS,OPHTHALMIC,Discontinued
ALOGLIPTIN,ALOGLIPTIN BENZOATE,ANDA210213,MSN LABS PVT LTD,TABLET,ORAL,None (Tentative Approval)
ALOGLIPTIN AND METFORMIN HYDROCHLORIDE,ALOGLIPTIN AND METFORMIN HYDROCHLORIDE,ANDA210212,MSN LABORATORIES PRIVATE LTD,TABLET,ORAL,None (Tentative Approval)
ALOGLIPTIN; METFORMIN HYDROCHLORIDE,ALOGLIPTIN; METFORMIN HYDROCHLORIDE,ANDA210160,TORRENT PHARMS LTD,TABLET,ORAL,None (Tentative Approval)
ALOMIDE,LODOXAMIDE TROMETHAMINE,NDA020191,NOVARTIS,SOLUTION/DROPS,OPHTHALMIC,Discontinued
ALOPRIM,ALLOPURINOL SODIUM,NDA020298,MYLAN,INJECTABLE,INJECTION,Prescription
ALORA,ESTRADIOL,NDA021310,WATSON LABS,"FILM, EXTENDED RELEASE",TRANSDERMAL,Prescription
ALOSETRON HYDROCHLORIDE,ALOSETRON HYDROCHLORIDE,ANDA200652,HIKMA,TABLET,ORAL,Discontinued
ALOXI,PALONOSETRON HYDROCHLORIDE,NDA021372,HELSINN HLTHCARE,INJECTABLE,INTRAVENOUS,Discontinued
ALPHACAINE,LIDOCAINE,ANDA084947,CARLISLE,OINTMENT,TOPICAL,Discontinued
ALPHACAINE HYDROCHLORIDE,LIDOCAINE HYDROCHLORIDE,ANDA084721,CARLISLE,INJECTABLE,INJECTION,Discontinued
ALPHACAINE HYDROCHLORIDE W/ EPINEPHRINE,EPINEPHRINE; LIDOCAINE HYDROCHLORIDE,ANDA084732,CARLISLE,INJECTABLE,INJECTION,Discontinued
ALPHADERM,HYDROCORTISONE; UREA,ANDA086008,BIOGLAN,CREAM,TOPICAL,Discontinued
ALPHADROL,FLUPREDNISOLONE,NDA012259,PHARMACIA AND UPJOHN,TABLET,ORAL,Discontinued
ALPHAGAN,BRIMONIDINE TARTRATE,NDA020490,ALLERGAN,SOLUTION/DROPS,OPHTHALMIC,Discontinued
ALPHAGAN P,BRIMONIDINE TARTRATE,NDA021770,ABBVIE,SOLUTION/DROPS,OPHTHALMIC,Prescription
ALPHALIN,VITAMIN A PALMITATE,ANDA080883,LILLY,CAPSULE,ORAL,Discontinued
ALPHAREDISOL,HYDROXOCOBALAMIN,ANDA080778,MERCK,INJECTABLE,INJECTION,Discontinued
ALPHATREX,BETAMETHASONE DIPROPIONATE,ANDA070273,SAVAGE LABS,LOTION,TOPICAL,Discontinued
ALPHAZINE,PHENDIMETRAZINE TARTRATE,ANDA085034,SANDOZ,TABLET,ORAL,Discontinued
ALPRAZOLAM,ALPRAZOLAM,ANDA077725,ANI PHARMS,"TABLET, EXTENDED RELEASE",ORAL,Discontinued
ALPROSTADIL,ALPROSTADIL,ANDA074815,HIKMA,INJECTABLE,INJECTION,Prescription
ALREX,LOTEPREDNOL ETABONATE,NDA020803,BAUSCH AND LOMB,SUSPENSION/DROPS,OPHTHALMIC,Prescription
ALSUMA,SUMATRIPTAN SUCCINATE,NDA022377,MERIDIAN MEDCL,INJECTABLE,SUBCUTANEOUS,Discontinued
ALTABAX,RETAPAMULIN,NDA022055,ALMIRALL,OINTMENT,TOPICAL,Discontinued
ALTACE,RAMIPRIL,NDA022021,KING PFIZER,TABLET,ORAL,Discontinued
ALTAFLUOR BENOX,BENOXINATE HYDROCHLORIDE; FLUORESCEIN SODIUM,NDA208582,ALTAIRE PHARMS INC,SOLUTION/DROPS,OPHTHALMIC,Prescription
ALTAVERA,ETHINYL ESTRADIOL; LEVONORGESTREL,ANDA079102,XIROMED,TABLET,ORAL-28,Prescription
ALTOPREV,LOVASTATIN,NDA021316,AZURITY,"TABLET, EXTENDED RELEASE",ORAL,Discontinued
ALTRENO,TRETINOIN,NDA209353,DOW PHARM,LOTION,TOPICAL,Prescription
ALUMINUM HYDROXIDE AND MAGNESIUM TRISILICATE,ALUMINUM HYDROXIDE; MAGNESIUM TRISILICATE,ANDA089449,PENNEX,"TABLET, CHEWABLE",ORAL,Discontinued
ALUNBRIG,BRIGATINIB,NDA208772,TAKEDA PHARMS USA,TABLET,ORAL,Prescription
ALUPENT,METAPROTERENOL SULFATE,NDA015874,BOEHRINGER INGELHEIM,TABLET,ORAL,Discontinued
ALVAIZ,ELTROMBOPAG CHOLINE,NDA216774,TEVA PHARMS INC,TABLET,ORAL,Prescription
ALVESCO,CICLESONIDE,NDA021658,AZURITY,"AEROSOL, METERED",INHALATION,Prescription
ALVIMOPAN,ALVIMOPAN,ANDA208295,WATSON LABS TEVA,CAPSULE,ORAL,Prescription
ALYACEN 1/35,ETHINYL ESTRADIOL; NORETHINDRONE,ANDA091634,GLENMARK PHARMS LTD,TABLET,ORAL-28,Prescription
ALYACEN 7/7/7,ETHINYL ESTRADIOL; NORETHINDRONE,ANDA091636,GLENMARK PHARMS LTD,TABLET,ORAL-28,Prescription
ALYACEN 777,ETHINYL ESTRADIOL; NORETHINDRONE,ANDA091636,GLENMARK PHARMS LTD,TABLET,ORAL,Prescription
ALYFTREK,DEUTIVACAFTOR; TEZACAFTOR; VANZACAFTOR CALCIUM,NDA218730,VERTEX PHARMS INC,TABLET,ORAL,Prescription
ALYMSYS,BEVACIZUMAB-MALY,BLA761231,AMNEAL PHARMS LLC,INJECTABLE,INJECTION,Prescription
ALYQ,TADALAFIL,ANDA216932,TEVA PHARMS INC,TABLET,ORAL,Prescription
AMABELZ,ESTRADIOL; NORETHINDRONE ACETATE,ANDA203339,LUPIN,TABLET,ORAL,Prescription
AMANTADINE,AMANTADINE,ANDA214897,ZYDUS,"CAPSULE, EXTENDED RELEASE",ORAL,None (Tentative Approval)
AMANTADINE HYDROCHLORIDE,AMANTADINE HYDROCHLORIDE,ANDA077992,PH HEALTH,SYRUP,ORAL,Discontinued
AMARYL,GLIMEPIRIDE,NDA020496,SANOFI AVENTIS US,TABLET,ORAL,Discontinued
AMBELVIST,GADOQUATRANE,NDA219627,BAYER HEALTHCARE,SOLUTION,INTRAVENOUS,Prescription
AMBENYL,BROMODIPHENHYDRAMINE HYDROCHLORIDE; CODEINE PHOSPHATE,NDA009319,FOREST LABS,SYRUP,ORAL,Discontinued
AMBIEN,ZOLPIDEM TARTRATE,NDA019908,COSETTE,TABLET,ORAL,Prescription
AMBIEN CR,ZOLPIDEM TARTRATE,NDA021774,COSETTE,"TABLET, EXTENDED RELEASE",ORAL,Prescription
AMBISOME,AMPHOTERICIN B,NDA050740,ASTELLAS,"INJECTABLE, LIPOSOMAL",INJECTION,Prescription
AMBODRYL,BROMODIPHENHYDRAMINE HYDROCHLORIDE,NDA007984,PARKE DAVIS,CAPSULE,ORAL,Discontinued
AMBRISENTAN,AMBRISENTAN,ANDA210701,APOTEX,TABLET,ORAL,Prescription
AMCILL,AMPICILLIN/AMPICILLIN TRIHYDRATE,ANDA062030,PARKE DAVIS,FOR SUSPENSION,ORAL,Discontinued
AMCINONIDE,AMCINONIDE,ANDA076096,GENUS,OINTMENT,TOPICAL,Prescription
AMELUZ,AMINOLEVULINIC ACID HYDROCHLORIDE,NDA208081,BIOFRONTERA,GEL,TOPICAL,Prescription
AMEN,MEDROXYPROGESTERONE ACETATE,ANDA083242,AMARIN PHARMS,TABLET,ORAL,Discontinued
AMERGE,NARATRIPTAN HYDROCHLORIDE,NDA020763,GLAXOSMITHKLINE LLC,TABLET,ORAL,Discontinued
AMERSCAN MDP KIT,TECHNETIUM TC-99M MEDRONATE KIT,NDA018335,GE HEALTHCARE,INJECTABLE,INJECTION,Discontinued
AMICAR,AMINOCAPROIC ACID,NDA015230,HIKMA,SOLUTION,ORAL,Prescription
AMIDATE,ETOMIDATE,NDA018227,HOSPIRA,INJECTABLE,INJECTION,Prescription
AMIFOSTINE,AMIFOSTINE,ANDA077126,SUN PHARM,INJECTABLE,INJECTION,Discontinued
AMIKACIN SULFATE,AMIKACIN SULFATE,ANDA203323,SAGENT PHARMS INC,INJECTABLE,INJECTION,Prescription
AMIKACIN SULFATE IN SODIUM CHLORIDE 0.9% IN PLASTIC CONTAINER,AMIKACIN SULFATE,ANDA064146,HOSPIRA,INJECTABLE,INJECTION,Discontinued
AMIKIN,AMIKACIN SULFATE,NDA050495,APOTHECON,INJECTABLE,INJECTION,Discontinued
AMIKIN IN SODIUM CHLORIDE 0.9% IN PLASTIC CONTAINER,AMIKACIN SULFATE,NDA050618,APOTHECON,INJECTABLE,INJECTION,Discontinued
AMILORIDE HYDROCHLORIDE,AMILORIDE HYDROCHLORIDE,ANDA079133,SIGMAPHARM LABS LLC,TABLET,ORAL,Prescription
AMILORIDE HYDROCHLORIDE AND HYDROCHLOROTHIAZIDE,AMILORIDE HYDROCHLORIDE; HYDROCHLOROTHIAZIDE,ANDA070795,TEVA,TABLET,ORAL,Discontinued
AMINESS 5.2% ESSENTIAL AMINO ACIDS W/ HISTADINE,AMINO ACIDS,NDA018901,HOSPIRA,INJECTABLE,INJECTION,Discontinued
AMINO ACIDS,AMINO ACIDS,ANDA091112,B BRAUN,INJECTABLE,INJECTION,Prescription
AMINOACETIC ACID 1.5% IN PLASTIC CONTAINER,GLYCINE,NDA017865,BAXTER HLTHCARE,SOLUTION,IRRIGATION,Prescription
AMINOCAPROIC,AMINOCAPROIC ACID,ANDA075602,HIKMA,TABLET,ORAL,Discontinued
AMINOCAPROIC ACID,AMINOCAPROIC ACID,ANDA211629,ANI PHARMS,TABLET,ORAL,Discontinued
AMINOCAPROIC ACID IN PLASTIC CONTAINER,AMINOCAPROIC ACID,ANDA070010,HOSPIRA,INJECTABLE,INJECTION,Prescription
AMINOHIPPURATE SODIUM,AMINOHIPPURATE SODIUM,ANDA089821,QUAD PHARMS,Injectable,Injection,Discontinued
AMINOPHYLLIN,AMINOPHYLLINE,ANDA087621,GD SEARLE LLC,INJECTABLE,INJECTION,Discontinued
AMINOPHYLLINE,AMINOPHYLLINE,ANDA084577,IMPAX LABS,"TABLET, DELAYED RELEASE",ORAL,Discontinued
AMINOPHYLLINE DYE FREE,AMINOPHYLLINE,ANDA087727,ACTAVIS MID ATLANTIC,SOLUTION,ORAL,Discontinued
AMINOPHYLLINE IN SODIUM CHLORIDE 0.45%,AMINOPHYLLINE,ANDA088147,HOSPIRA,INJECTABLE,INJECTION,Discontinued
AMINOPHYLLINE IN SODIUM CHLORIDE 0.45% IN PLASTIC CONTAINER,AMINOPHYLLINE,NDA018924,HOSPIRA,INJECTABLE,INJECTION,Discontinued
AMINOSOL 5%,PROTEIN HYDROLYSATE,NDA005932,ABBVIE,INJECTABLE,INJECTION,Discontinued
AMINOSYN 10%,AMINO ACIDS,NDA017673,ICU MEDICAL INC,INJECTABLE,INJECTION,Discontinued
AMINOSYN 10% (PH6),AMINO ACIDS,NDA017673,ICU MEDICAL INC,INJECTABLE,INJECTION,Discontinued
AMINOSYN 3.5%,AMINO ACIDS,NDA017789,ICU MEDICAL INC,INJECTABLE,INJECTION,Discontinued
AMINOSYN 3.5% IN PLASTIC CONTAINER,AMINO ACIDS,NDA018804,ABBOTT,INJECTABLE,INJECTION,Discontinued
AMINOSYN 3.5% M,AMINO ACIDS; MAGNESIUM ACETATE; PHOSPHORIC ACID; POTASSIUM ACETATE; SODIUM CHLORIDE,NDA017789,ICU MEDICAL INC,INJECTABLE,INJECTION,Discontinued
AMINOSYN 3.5% M,AMINO ACIDS; MAGNESIUM ACETATE; POTASSIUM ACETATE; SODIUM CHLORIDE,NDA017789,ICU MEDICAL INC,INJECTABLE,INJECTION,Discontinued
AMINOSYN 3.5% M IN PLASTIC CONTAINER,AMINO ACIDS; MAGNESIUM ACETATE; PHOSPHORIC ACID; POTASSIUM ACETATE; SODIUM CHLORIDE,NDA018804,ABBOTT,INJECTABLE,INJECTION,Discontinued
AMINOSYN 3.5% W/ DEXTROSE 25% IN PLASTIC CONTAINER,AMINO ACIDS; DEXTROSE,NDA019118,ABBOTT,INJECTABLE,INJECTION,Discontinued
AMINOSYN 3.5% W/ DEXTROSE 5% IN PLASTIC CONTAINER,AMINO ACIDS; DEXTROSE,NDA019120,ABBOTT,INJECTABLE,INJECTION,Discontinued
AMINOSYN 4.25% W/ DEXTROSE 25% IN PLASTIC CONTAINER,AMINO ACIDS; DEXTROSE,NDA019119,ABBOTT,INJECTABLE,INJECTION,Discontinued
AMINOSYN 5%,AMINO ACIDS,NDA017673,ICU MEDICAL INC,INJECTABLE,INJECTION,Discontinued
AMINOSYN 7%,AMINO ACIDS,NDA017673,ICU MEDICAL INC,INJECTABLE,INJECTION,Discontinued
AMINOSYN 7% (PH6),AMINO ACIDS,NDA017673,ICU MEDICAL INC,INJECTABLE,INJECTION,Discontinued
AMINOSYN 7% W/ ELECTROLYTES,"AMINO ACIDS; MAGNESIUM CHLORIDE; POTASSIUM PHOSPHATE, DIBASIC; SODIUM CHLORIDE",NDA017789,ICU MEDICAL INC,INJECTABLE,INJECTION,Discontinued
AMINOSYN 8.5%,AMINO ACIDS,NDA017673,ICU MEDICAL INC,INJECTABLE,INJECTION,Discontinued
AMINOSYN 8.5% (PH6),AMINO ACIDS,NDA017673,ICU MEDICAL INC,INJECTABLE,INJECTION,Discontinued
AMINOSYN 8.5% W/ ELECTROLYTES,"AMINO ACIDS; MAGNESIUM CHLORIDE; POTASSIUM PHOSPHATE, DIBASIC; SODIUM CHLORIDE",NDA017673,ICU MEDICAL INC,INJECTABLE,INJECTION,Discontinued
AMINOSYN 8.5% W/ELECTROLYTES,"AMINO ACIDS; MAGNESIUM CHLORIDE; POTASSIUM CHLORIDE; SODIUM CHLORIDE; SODIUM PHOSPHATE, DIBASIC",NDA017673,ICU MEDICAL INC,INJECTABLE,INJECTION,Discontinued
AMINOSYN II 10%,AMINO ACIDS,NDA019438,ICU MEDICAL INC,INJECTABLE,INJECTION,Discontinued
AMINOSYN II 10% IN PLASTIC CONTAINER,AMINO ACIDS,NDA020015,OTSUKA ICU MEDCL,INJECTABLE,INJECTION,Prescription
AMINOSYN II 10% W/ ELECTROLYTES,"AMINO ACIDS; MAGNESIUM CHLORIDE; POTASSIUM CHLORIDE; POTASSIUM PHOSPHATE, DIBASIC; SODIUM CHLORIDE",NDA019437,ICU MEDICAL INC,INJECTABLE,INJECTION,Discontinued
AMINOSYN II 15% IN PLASTIC CONTAINER,AMINO ACIDS,NDA020041,OTSUKA ICU MEDCL,INJECTABLE,INJECTION,Prescription
AMINOSYN II 3.5%,AMINO ACIDS,NDA019438,ICU MEDICAL INC,INJECTABLE,INJECTION,Discontinued
AMINOSYN II 3.5% IN DEXTROSE 25% IN PLASTIC CONTAINER,AMINO ACIDS; DEXTROSE,NDA019713,ABBOTT,INJECTABLE,INJECTION,Discontinued
AMINOSYN II 3.5% IN DEXTROSE 5% IN PLASTIC CONTAINER,AMINO ACIDS; DEXTROSE,NDA019506,ABBOTT,INJECTABLE,INJECTION,Discontinued
AMINOSYN II 3.5% IN PLASTIC CONTAINER,AMINO ACIDS,NDA019491,ABBOTT,INJECTABLE,INJECTION,Discontinued
AMINOSYN II 3.5% M,"AMINO ACIDS; MAGNESIUM CHLORIDE; POTASSIUM CHLORIDE; SODIUM CHLORIDE; SODIUM PHOSPHATE, DIBASIC, HEPTAHYDRATE",NDA019437,ICU MEDICAL INC,INJECTABLE,INJECTION,Discontinued
AMINOSYN II 3.5% M IN DEXTROSE 5% IN PLASTIC CONTAINER,"AMINO ACIDS; DEXTROSE; MAGNESIUM CHLORIDE; POTASSIUM CHLORIDE; SODIUM CHLORIDE; SODIUM PHOSPHATE, DIBASIC, HEPTAHYDRATE",NDA019712,ABBOTT,INJECTABLE,INJECTION,Discontinued
AMINOSYN II 3.5% M IN PLASTIC CONTAINER,"AMINO ACIDS; MAGNESIUM ACETATE; POTASSIUM ACETATE; SODIUM CHLORIDE; SODIUM PHOSPHATE, DIBASIC, HEPTAHYDRATE",NDA019493,ABBOTT,INJECTABLE,INJECTION,Discontinued
AMINOSYN II 3.5% W/ ELECTROLYTES IN DEXTROSE 25% IN PLASTIC CONTAINER,"AMINO ACIDS; DEXTROSE; MAGNESIUM CHLORIDE; POTASSIUM CHLORIDE; POTASSIUM PHOSPHATE, DIBASIC; SODIUM CHLORIDE",NDA019564,ABBOTT,INJECTABLE,INJECTION,Discontinued
AMINOSYN II 3.5% W/ ELECTROLYTES IN DEXTROSE 25% W/ CALCIUM IN PLASTIC CONTAINER,"AMINO ACIDS; CALCIUM CHLORIDE; DEXTROSE; MAGNESIUM CHLORIDE; POTASSIUM CHLORIDE; POTASSIUM PHOSPHATE, DIBASIC; SODIUM CHLORIDE",NDA019714,ABBOTT,INJECTABLE,INJECTION,Discontinued
AMINOSYN II 4.25% IN DEXTROSE 10% IN PLASTIC CONTAINER,AMINO ACIDS; DEXTROSE,NDA019713,ABBOTT,INJECTABLE,INJECTION,Discontinued
AMINOSYN II 4.25% IN DEXTROSE 20% IN PLASTIC CONTAINER,AMINO ACIDS; DEXTROSE,NDA019713,ABBOTT,INJECTABLE,INJECTION,Discontinued
AMINOSYN II 4.25% IN DEXTROSE 25% IN PLASTIC CONTAINER,AMINO ACIDS; DEXTROSE,NDA019713,ABBOTT,INJECTABLE,INJECTION,Discontinued
AMINOSYN II 4.25% M IN DEXTROSE 10% IN PLASTIC CONTAINER,"AMINO ACIDS; DEXTROSE; MAGNESIUM CHLORIDE; POTASSIUM CHLORIDE; SODIUM CHLORIDE; SODIUM PHOSPHATE, DIBASIC, HEPTAHYDRATE",NDA019682,HOSPIRA INC,INJECTABLE,INJECTION,Discontinued
AMINOSYN II 4.25% W/ ELECT AND ADJUSTED PHOSPHATE IN DEXTROSE 10% IN PLASTIC CONTAINER,"AMINO ACIDS; DEXTROSE; MAGNESIUM CHLORIDE; POTASSIUM ACETATE; POTASSIUM CHLORIDE; POTASSIUM PHOSPHATE, DIBASIC; SODIUM CHLORIDE",NDA019712,ABBOTT,INJECTABLE,INJECTION,Discontinued
AMINOSYN II 4.25% W/ ELECTROLYTES IN DEXTROSE 20% W/ CALCIUM IN PLASTIC CONTAINER,"AMINO ACIDS; CALCIUM CHLORIDE; DEXTROSE; MAGNESIUM CHLORIDE; POTASSIUM CHLORIDE; POTASSIUM PHOSPHATE, DIBASIC; SODIUM CHLORIDE",NDA019714,ABBOTT,INJECTABLE,INJECTION,Discontinued
AMINOSYN II 4.25% W/ ELECTROLYTES IN DEXTROSE 25% IN PLASTIC CONTAINER,"AMINO ACIDS; DEXTROSE; MAGNESIUM CHLORIDE; POTASSIUM CHLORIDE; POTASSIUM PHOSPHATE, DIBASIC; SODIUM CHLORIDE",NDA019564,ABBOTT,INJECTABLE,INJECTION,Discontinued
AMINOSYN II 4.25% W/ ELECTROLYTES IN DEXTROSE 25% W/ CALCIUM IN PLASTIC CONTAINER,"AMINO ACIDS; CALCIUM CHLORIDE; DEXTROSE; MAGNESIUM CHLORIDE; POTASSIUM CHLORIDE; POTASSIUM PHOSPHATE, DIBASIC; SODIUM CHLORIDE",NDA019714,ABBOTT,INJECTABLE,INJECTION,Discontinued
AMINOSYN II 5%,AMINO ACIDS,NDA019438,ICU MEDICAL INC,INJECTABLE,INJECTION,Discontinued
AMINOSYN II 5% IN DEXTROSE 25% IN PLASTIC CONTAINER,AMINO ACIDS; DEXTROSE,NDA019565,ABBOTT,INJECTABLE,INJECTION,Discontinued
AMINOSYN II 5% W/ ELECTROLYTES IN DEXTROSE 25% W/ CALCIUM IN PLASTIC CONTAINER,"AMINO ACIDS; CALCIUM CHLORIDE; DEXTROSE; MAGNESIUM CHLORIDE; POTASSIUM CHLORIDE; POTASSIUM PHOSPHATE, DIBASIC; SODIUM CHLORIDE",NDA019714,ABBOTT,INJECTABLE,INJECTION,Discontinued
AMINOSYN II 7%,AMINO ACIDS,NDA019438,ICU MEDICAL INC,INJECTABLE,INJECTION,Discontinued
AMINOSYN II 7% W/ ELECTROLYTES,"AMINO ACIDS; MAGNESIUM CHLORIDE; POTASSIUM CHLORIDE; POTASSIUM PHOSPHATE, DIBASIC; SODIUM CHLORIDE",NDA019437,ICU MEDICAL INC,INJECTABLE,INJECTION,Discontinued
AMINOSYN II 8.5%,AMINO ACIDS,NDA019438,ICU MEDICAL INC,INJECTABLE,INJECTION,Discontinued
AMINOSYN II 8.5% W/ ELECTROLYTES,"AMINO ACIDS; MAGNESIUM CHLORIDE; POTASSIUM CHLORIDE; POTASSIUM PHOSPHATE, DIBASIC; SODIUM CHLORIDE",NDA019437,ICU MEDICAL INC,INJECTABLE,INJECTION,Discontinued
AMINOSYN II 8.5% W/ELECTROLYTES,"AMINO ACIDS; MAGNESIUM CHLORIDE; POTASSIUM CHLORIDE; SODIUM CHLORIDE; SODIUM PHOSPHATE, DIBASIC",NDA019437,ICU MEDICAL INC,INJECTABLE,INJECTION,Discontinued
AMINOSYN-HBC 7%,AMINO ACIDS,NDA019374,ICU MEDICAL INC,INJECTABLE,INJECTION,Discontinued
AMINOSYN-HBC 7% IN PLASTIC CONTAINER,AMINO ACIDS,NDA019400,ABBOTT,INJECTABLE,INJECTION,Discontinued
AMINOSYN-HF 8%,AMINO ACIDS,ANDA020345,ICU MEDICAL INC,INJECTABLE,INJECTION,Discontinued
AMINOSYN-PF 10%,AMINO ACIDS,NDA019492,OTSUKA ICU MEDCL,INJECTABLE,INJECTION,Prescription
AMINOSYN-PF 7%,AMINO ACIDS,NDA019398,OTSUKA ICU MEDCL,INJECTABLE,INJECTION,Prescription
AMINOSYN-RF 5.2%,AMINO ACIDS,NDA018429,ICU MEDICAL INC,INJECTABLE,INJECTION,Discontinued
AMIODARONE HYDROCHLORIDE,AMIODARONE HYDROCHLORIDE,ANDA077610,ACELLA,INJECTABLE,INJECTION,Prescription
AMIPAQUE,METRIZAMIDE,NDA017982,GE HEALTHCARE,INJECTABLE,INJECTION,Discontinued
AMITID,AMITRIPTYLINE HYDROCHLORIDE,ANDA086454,BRISTOL MYERS SQUIBB,TABLET,ORAL,Discontinued
AMITIZA,LUBIPROSTONE,NDA021908,SUCAMPO PHARMA LLC,CAPSULE,ORAL,Prescription
AMITRIL,AMITRIPTYLINE HYDROCHLORIDE,ANDA083938,WARNER CHILCOTT,TABLET,ORAL,Discontinued
AMITRIPTYLINE HYDROCHLORIDE,AMITRIPTYLINE HYDROCHLORIDE,ANDA085817,WATSON LABS,TABLET,ORAL,Discontinued
AMJEVITA,ADALIMUMAB-ATTO,BLA761024,AMGEN INC,INJECTABLE,INJECTION,Prescription
AMLEXANOX,AMLEXANOX,NDA021727,ULURU,PATCH,TOPICAL,Discontinued
AMLODIPINE AND OLMESARTAN MEDOXOMIL,AMLODIPINE BESYLATE; OLMESARTAN MEDOXOMIL,ANDA209042,ALKEM LABS LTD,TABLET,ORAL,Prescription
AMLODIPINE BENZOATE,AMLODIPINE BENZOATE,ANDA215035,AMNEAL,SUSPENSION,ORAL,Discontinued
AMLODIPINE BESYLATE,AMLODIPINE BESYLATE,ANDA077333,GEDEON RICHTER USA,TABLET,ORAL,Discontinued
AMLODIPINE BESYLATE AND ATORVASTATIN CALCIUM,AMLODIPINE BESYLATE; ATORVASTATIN CALCIUM,ANDA200465,MYLAN,TABLET,ORAL,Prescription
AMLODIPINE BESYLATE AND BENAZEPRIL HYDROCHLORIDE,AMLODIPINE BESYLATE; BENAZEPRIL HYDROCHLORIDE,ANDA077375,RISING,CAPSULE,ORAL,Discontinued
AMLODIPINE BESYLATE AND VALSARTAN,AMLODIPINE BESYLATE; VALSARTAN,ANDA202713,ALEMBIC,TABLET,ORAL,Prescription
"AMLODIPINE BESYLATE, VALSARTAN AND HYDROCHLOROTHIAZIDE",AMLODIPINE BESYLATE; HYDROCHLOROTHIAZIDE; VALSARTAN,ANDA200797,LUPIN,TABLET,ORAL,Discontinued
AMLODIPINE BESYLATE; BENAZEPRIL HYDROCHLORIDE,AMLODIPINE BESYLATE; BENAZEPRIL HYDROCHLORIDE,ANDA078652,ZYDUS PHARMS USA INC,CAPSULE,ORAL,None (Tentative Approval)
AMLODIPINE MALEATE; BENAZEPRIL HYDROCHLORIDE,AMLODIPINE MALEATE; BENAZEPRIL HYDROCHLORIDE,NDA021714,DR REDDYS LABS LTD,CAPSULE,ORAL,None (Tentative Approval)
AMMONIA N 13,AMMONIA N-13,ANDA204356,WISCONSIN,INJECTABLE,INTRAVENOUS,Discontinued
AMMONIUM CHLORIDE,AMMONIUM CHLORIDE,ANDA086205,GD SEARLE LLC,INJECTABLE,INJECTION,Discontinued
AMMONIUM CHLORIDE 0.9% IN NORMAL SALINE,AMMONIUM CHLORIDE,NDA006580,MCGAW,INJECTABLE,INJECTION,Discontinued
AMMONIUM CHLORIDE 2.14%,AMMONIUM CHLORIDE,ANDA085734,B BRAUN,INJECTABLE,INJECTION,Discontinued
AMMONIUM CHLORIDE IN PLASTIC CONTAINER,AMMONIUM CHLORIDE,ANDA088366,HOSPIRA,INJECTABLE,INJECTION,Prescription
AMMONIUM LACTATE,AMMONIUM LACTATE,ANDA075570,PADAGIS ISRAEL,LOTION,TOPICAL,Prescription
AMMONUL,SODIUM BENZOATE; SODIUM PHENYLACETATE,NDA020645,BAUSCH,SOLUTION,INTRAVENOUS,Discontinued
AMNESTEEM,ISOTRETINOIN,ANDA075945,MYLAN PHARMS INC,CAPSULE,ORAL,Prescription
AMNESTROGEN,"ESTROGENS, ESTERIFIED",ANDA083266,BRISTOL MYERS SQUIBB,TABLET,ORAL,Discontinued
AMONDYS 45,CASIMERSEN,NDA213026,SAREPTA THERAPS INC,SOLUTION,INTRAVENOUS,Prescription
AMOSENE,MEPROBAMATE,ANDA084030,FERNDALE LABS,TABLET,ORAL,Discontinued
AMOXAPINE,AMOXAPINE,ANDA072421,WATSON PHARMS TEVA,TABLET,ORAL,Discontinued
AMOXICILLIN,AMOXICILLIN,ANDA204030,AUROBINDO PHARMA LTD,FOR SUSPENSION,ORAL,Prescription
AMOXICILLIN AND CLAVULANATE POTASSIUM,AMOXICILLIN; CLAVULANATE POTASSIUM,ANDA090227,SANDOZ,"TABLET, EXTENDED RELEASE",ORAL,Prescription
AMOXICILLIN PEDIATRIC,AMOXICILLIN,ANDA061931,CHARTWELL RX,FOR SUSPENSION,ORAL,Prescription
AMOXIL,AMOXICILLIN,NDA050460,GLAXOSMITHKLINE,FOR SUSPENSION,ORAL,Discontinued
AMPHADASE,HYALURONIDASE,BLA021665,AMPHASTAR PHARM,INJECTABLE,INJECTION,Prescription
AMPHETAMINE,AMPHETAMINE,ANDA219800,GRANULES PHARMACEUTICALS INC,"TABLET, ORALLY DISINTEGRATING",ORAL,None (Tentative Approval)
AMPHETAMINE SULFATE,AMPHETAMINE SULFATE,ANDA213720,ALKEM LABS LTD,TABLET,ORAL,Prescription
AMPHOTEC,AMPHOTERICIN B,NDA050729,ALKOPHARMA USA,"INJECTABLE, LIPID COMPLEX",INJECTION,Discontinued
AMPHOTERICIN B,AMPHOTERICIN B,ANDA064062,TEVA PARENTERAL,INJECTABLE,INJECTION,Discontinued
AMPICILLIN AND SULBACTAM,AMPICILLIN SODIUM; SULBACTAM SODIUM,ANDA201024,ONESOURCE SPECIALTY,INJECTABLE,INJECTION,Prescription
AMPICILLIN SODIUM,AMPICILLIN SODIUM,ANDA202198,ONESOURCE SPECIALTY,INJECTABLE,INJECTION,Prescription
AMPICILLIN TRIHYDRATE,AMPICILLIN/AMPICILLIN TRIHYDRATE,ANDA061502,CHARTWELL RX,CAPSULE,ORAL,Discontinued
AMPYRA,DALFAMPRIDINE,NDA022250,MERZ,"TABLET, EXTENDED RELEASE",ORAL,Prescription
AMRINONE LACTATE,INAMRINONE LACTATE,ANDA075542,BAXTER HLTHCARE CORP,INJECTABLE,INJECTION,Discontinued
AMRIX,CYCLOBENZAPRINE HYDROCHLORIDE,NDA021777,TEVA PHARMS INTL,"CAPSULE, EXTENDED RELEASE",ORAL,Prescription
AMTURNIDE,ALISKIREN HEMIFUMARATE; AMLODIPINE BESYLATE; HYDROCHLOROTHIAZIDE,NDA200045,NOVARTIS,TABLET,ORAL,Discontinued
AMVAZ,AMLODIPINE MALEATE,NDA021435,DR REDDYS LABS INC,TABLET,ORAL,Discontinued
AMVUTTRA,VUTRISIRAN SODIUM,NDA215515,ALNYLAM PHARMS INC,SOLUTION,SUBCUTANEOUS,Prescription
AMYVID,FLORBETAPIR F-18,NDA202008,AVID RADIOPHARMS INC,SOLUTION,INTRAVENOUS,Prescription
AMZEEQ,MINOCYCLINE HYDROCHLORIDE,NDA212379,JOURNEY,"AEROSOL, FOAM",TOPICAL,Prescription
AN-DTPA,TECHNETIUM TC-99M PENTETATE KIT,NDA017714,JUBILANT DRAXIMAGE,INJECTABLE,INJECTION,Discontinued
AN-SULFUR COLLOID,TECHNETIUM TC-99M SULFUR COLLOID KIT,NDA017858,SUN PHARM INDS INC,SOLUTION,"INJECTION, ORAL",Prescription
ANADROL-50,OXYMETHOLONE,NDA016848,PHARMOBEDIENT,TABLET,ORAL,Discontinued
ANAFRANIL,CLOMIPRAMINE HYDROCHLORIDE,NDA019906,SPECGX LLC,CAPSULE,ORAL,Prescription
ANAGRELIDE HYDROCHLORIDE,ANAGRELIDE HYDROCHLORIDE,ANDA076417,WATSON LABS,CAPSULE,ORAL,Discontinued
ANAPROX,NAPROXEN SODIUM,NDA018164,ATNAHS PHARMA US,TABLET,ORAL,Discontinued
ANAPROX DS,NAPROXEN SODIUM,NDA018164,ATNAHS PHARMA US,TABLET,ORAL,Prescription
ANASTROZOLE,ANASTROZOLE,ANDA079220,NATCO PHARMA LTD,TABLET,ORAL,Prescription
ANCEF,CEFAZOLIN SODIUM,NDA050461,GLAXOSMITHKLINE,INJECTABLE,INJECTION,Discontinued
ANCEF IN DEXTROSE 5% IN PLASTIC CONTAINER,CEFAZOLIN SODIUM,NDA050566,BAXTER HLTHCARE,INJECTABLE,INJECTION,Discontinued
ANCEF IN PLASTIC CONTAINER,CEFAZOLIN SODIUM,ANDA063002,BAXTER HLTHCARE,INJECTABLE,INJECTION,Discontinued
ANCEF IN SODIUM CHLORIDE 0.9% IN PLASTIC CONTAINER,CEFAZOLIN SODIUM,NDA050566,BAXTER HLTHCARE,INJECTABLE,INJECTION,Discontinued
ANCOBON,FLUCYTOSINE,NDA017001,BAUSCH,CAPSULE,ORAL,Prescription
ANDEMBRY,GARADACIMAB-GXII,BLA761367,CSL BEHRING LLC,INJECTABLE,SUBCUTANEOUS,Prescription
ANDRODERM,TESTOSTERONE,NDA020489,ABBVIE,"FILM, EXTENDED RELEASE",TRANSDERMAL,Discontinued
ANDROGEL,TESTOSTERONE,NDA021015,BESINS HLTHCARE,GEL,TRANSDERMAL,Prescription
ANDROID 10,METHYLTESTOSTERONE,ANDA086450,VALEANT PHARMS NORTH,TABLET,ORAL,Discontinued
ANDROID 25,METHYLTESTOSTERONE,ANDA087147,BAUSCH,TABLET,ORAL,Discontinued
ANDROID 5,METHYLTESTOSTERONE,ANDA087222,VALEANT PHARM INTL,TABLET,BUCCAL,Discontinued
ANDROID-F,FLUOXYMESTERONE,ANDA087196,VALEANT PHARM INTL,TABLET,ORAL,Discontinued
ANECTINE,SUCCINYLCHOLINE CHLORIDE,NDA008453,SANDOZ,INJECTABLE,INJECTION,Discontinued
ANESTACON,LIDOCAINE HYDROCHLORIDE,ANDA080429,BIONPHARMA,JELLY,TOPICAL,Discontinued
ANEXSIA,ACETAMINOPHEN; HYDROCODONE BITARTRATE,ANDA089160,MALLINCKRODT,TABLET,ORAL,Discontinued
ANEXSIA 5/325,ACETAMINOPHEN; HYDROCODONE BITARTRATE,ANDA040409,SPECGX LLC,TABLET,ORAL,Prescription
ANEXSIA 7.5/325,ACETAMINOPHEN; HYDROCODONE BITARTRATE,ANDA040405,SPECGX LLC,TABLET,ORAL,Prescription
ANEXSIA 7.5/650,ACETAMINOPHEN; HYDROCODONE BITARTRATE,ANDA089725,MALLINCKRODT,TABLET,ORAL,Discontinued
ANGELIQ,DROSPIRENONE; ESTRADIOL,NDA021355,BAYER HLTHCARE,TABLET,ORAL,Prescription
ANGIO-CONRAY,IOTHALAMATE SODIUM,NDA013319,MALLINCKRODT,INJECTABLE,INJECTION,Discontinued
ANGIOMAX,BIVALIRUDIN,NDA020873,SANDOZ,INJECTABLE,INTRAVENOUS,Prescription
ANGIOMAX RTU,BIVALIRUDIN,NDA211215,MAIA PHARMS INC,SOLUTION,INTRAVENOUS,Prescription
ANGIOTENSIN ll ACETATE,ANGIOTENSIN II ACETATE,ANDA216966,GLAND,SOLUTION,INTRAVENOUS,Prescription
ANGIOVIST 282,DIATRIZOATE MEGLUMINE,ANDA087726,BAYER HLTHCARE,INJECTABLE,INJECTION,Discontinued
ANGIOVIST 292,DIATRIZOATE MEGLUMINE; DIATRIZOATE SODIUM,ANDA087724,BAYER HLTHCARE,INJECTABLE,INJECTION,Discontinued
ANGIOVIST 370,DIATRIZOATE MEGLUMINE; DIATRIZOATE SODIUM,ANDA087723,BAYER HLTHCARE,INJECTABLE,INJECTION,Discontinued
ANHYDRON,CYCLOTHIAZIDE,NDA013157,LILLY,TABLET,ORAL,Discontinued
ANISOTROPINE METHYLBROMIDE,ANISOTROPINE METHYLBROMIDE,ANDA086046,WATSON LABS,TABLET,ORAL,Discontinued
ANJESO,MELOXICAM,NDA210583,BAUDAX,SOLUTION,INTRAVENOUS,Discontinued
ANKTIVA,nogapendekin alfa inbakicept-pmln,BLA761336,"ALTOR BIOSCIENCE, LLC, AN INDIRECT WHOLLY-OWNED SU",SOLUTION,INTRAVESICAL,Prescription
ANNOVERA,ETHINYL ESTRADIOL; SEGESTERONE ACETATE,NDA209627,MAYNE PHARMA,RING,VAGINAL,Prescription
ANOQUAN,ACETAMINOPHEN; BUTALBITAL; CAFFEINE,ANDA087628,SHIRE,CAPSULE,ORAL,Discontinued
ANORO ELLIPTA,UMECLIDINIUM BROMIDE; VILANTEROL TRIFENATATE,NDA203975,GLAXOSMITHKLINE,POWDER,INHALATION,Prescription
ANSAID,FLURBIPROFEN,NDA018766,PHARMACIA AND UPJOHN,TABLET,ORAL,Discontinued
ANSOLYSEN,PENTOLINIUM TARTRATE,NDA009372,WYETH AYERST,INJECTABLE,INJECTION,Discontinued
ANSPOR,CEPHRADINE,ANDA061859,GLAXOSMITHKLINE,CAPSULE,ORAL,Discontinued
ANTABUSE,DISULFIRAM,NDA007883,TEVA WOMENS,TABLET,ORAL,Discontinued
ANTAGONATE,CHLORPHENIRAMINE MALEATE,ANDA083381,BAYER PHARMS,TABLET,ORAL,Discontinued
ANTARA (MICRONIZED),FENOFIBRATE,NDA021695,LUPIN,CAPSULE,ORAL,Discontinued
ANTEPAR,PIPERAZINE CITRATE,NDA009102,GLAXOSMITHKLINE,TABLET,ORAL,Discontinued
ANTHELIOS 20,AVOBENZONE; ECAMSULE; OCTOCRYLENE; TITANIUM DIOXIDE,NDA021471,LOREAL USA,CREAM,TOPICAL,Over-the-counter
ANTHELIOS 40,AVOBENZONE; ECAMSULE; OCTOCRYLENE; TITANIUM DIOXIDE,NDA022009,LOREAL USA,CREAM,TOPICAL,Over-the-counter
ANTHELIOS SX,AVOBENZONE; ECAMSULE; OCTOCRYLENE,NDA021502,LOREAL USA,CREAM,TOPICAL,Over-the-counter
ANTHIM,OBILTOXAXIMAB,BLA125509,ELUSYS THERAPEUTICS INC,INJECTABLE,INJECTION,Prescription
ANTITUSSIVE,DIPHENHYDRAMINE HYDROCHLORIDE,ANDA071292,PERRIGO,SYRUP,ORAL,Discontinued
ANTIVERT,MECLIZINE HYDROCHLORIDE,NDA010721,CASPER PHARMA LLC,TABLET,ORAL,Prescription
ANTIZOL,FOMEPIZOLE,NDA020696,PAR PHARM INC,INJECTABLE,INJECTION,Discontinued
ANTRENYL,OXYPHENONIUM BROMIDE,NDA008492,NOVARTIS,TABLET,ORAL,Discontinued
ANTURANE,SULFINPYRAZONE,NDA011556,NOVARTIS,TABLET,ORAL,Discontinued
ANUSOL HC,HYDROCORTISONE,ANDA088250,SALIX PHARMS,CREAM,TOPICAL,Discontinued
ANZEMET,DOLASETRON MESYLATE,NDA020624,VALIDUS PHARMS,INJECTABLE,INJECTION,Discontinued
ANZUPGO,DELGOCITINIB,NDA219155,LEO PHARMA AS,CREAM,TOPICAL,Prescription
APADAZ,ACETAMINOPHEN; BENZHYDROCODONE HYDROCHLORIDE,NDA208653,ZEVRA THERAP,TABLET,ORAL,Discontinued
APALUTAMIDE,APALUTAMIDE,ANDA217113,ZYDUS LIFESCIENCES,TABLET,ORAL,Prescription
APHEXDA,MOTIXAFORTIDE ACETATE,NDA217159,AYRMID PHARMA,POWDER,SUBCUTANEOUS,Prescription
APHTHASOL,AMLEXANOX,NDA020511,ULURU,PASTE,DENTAL,Discontinued
APIDRA,INSULIN GLULISINE RECOMBINANT,BLA021629,SANOFI AVENTIS US,INJECTABLE,"INTRAVENOUS, SUBCUTANEOUS",Prescription
APIDRA SOLOSTAR,INSULIN GLULISINE RECOMBINANT,BLA021629,SANOFI AVENTIS US,INJECTABLE,SUBCUTANEOUS,Prescription
APIXABAN,APIXABAN,ANDA218519,"FOSUN WANBANG (JIANGSU) PHARMACEUTICAL GROUP CO.,",TABLET,,None (Tentative Approval)
APLENZIN,BUPROPION HYDROBROMIDE,NDA022108,BAUSCH,"TABLET, EXTENDED RELEASE",ORAL,Prescription
APOGEN,GENTAMICIN SULFATE,ANDA062289,KING PHARMS,INJECTABLE,INJECTION,Discontinued
APOKYN,APOMORPHINE HYDROCHLORIDE,NDA021264,MDD US,INJECTABLE,SUBCUTANEOUS,Discontinued
APOMORPHINE HYDROCHLORIDE,APOMORPHINE HYDROCHLORIDE,ANDA212025,TP ANDA HOLDINGS,INJECTABLE,SUBCUTANEOUS,Prescription
APONVIE,APREPITANT,NDA216457,HERON THERAPS INC,EMULSION,INTRAVENOUS,Prescription
APRACLONIDINE HYDROCHLORIDE,APRACLONIDINE HYDROCHLORIDE,ANDA077764,RISING,SOLUTION/DROPS,OPHTHALMIC,Prescription
APREMILAST,APREMILAST,ANDA211674,GLENMARK PHARMS LTD,TABLET,ORAL,Discontinued
APREPITANT,APREPITANT,ANDA207777,GLENMARK SPECLT,CAPSULE,ORAL,Prescription
APRESAZIDE,HYDRALAZINE HYDROCHLORIDE; HYDROCHLOROTHIAZIDE,ANDA084735,NOVARTIS,CAPSULE,ORAL,Discontinued
APRESOLINE,HYDRALAZINE HYDROCHLORIDE,NDA008303,NOVARTIS,TABLET,ORAL,Discontinued
APRESOLINE-ESIDRIX,HYDRALAZINE HYDROCHLORIDE; HYDROCHLOROTHIAZIDE,NDA012026,NOVARTIS,TABLET,ORAL,Discontinued
APRETUDE,CABOTEGRAVIR,NDA215499,VIIV HLTHCARE,"SUSPENSION, EXTENDED RELEASE",INTRAMUSCULAR,Prescription
APRISO,MESALAMINE,NDA022301,SALIX,"CAPSULE, EXTENDED RELEASE",ORAL,Prescription
APTENSIO XR,METHYLPHENIDATE HYDROCHLORIDE,NDA205831,RHODES PHARMS,"CAPSULE, EXTENDED RELEASE",ORAL,Prescription
APTIOM,ESLICARBAZEPINE ACETATE,NDA022416,SUMITOMO PHARMA AM,TABLET,ORAL,Prescription
APTIVUS,TIPRANAVIR,NDA021814,BOEHRINGER INGELHEIM,CAPSULE,ORAL,Prescription
AQNEURSA,LEVACETYLLEUCINE,NDA219132,INTRABIO,FOR SUSPENSION,ORAL,Prescription
AQUAMEPHYTON,PHYTONADIONE,NDA012223,PAI HOLDINGS PHARM,INJECTABLE,INJECTION,Discontinued
AQUAPHYLLIN,THEOPHYLLINE,ANDA087917,FERNDALE LABS,SYRUP,ORAL,Discontinued
AQUASOL A,VITAMIN A,ANDA083080,ASTRAZENECA,CAPSULE,ORAL,Discontinued
AQUASOL A,VITAMIN A PALMITATE,NDA006823,CASPER PHARMA LLC,INJECTABLE,INJECTION,Prescription
AQUATAG,BENZTHIAZIDE,NDA016001,SOLVAY,TABLET,ORAL,Discontinued
AQUATENSEN,METHYCLOTHIAZIDE,NDA017364,MEDPOINTE PHARM HLC,TABLET,ORAL,Discontinued
AQVESME,MITAPIVAT SULFATE,NDA216196,AGIOS PHARMS INC,TABLET,ORAL,Prescription
ARAKODA,TAFENOQUINE SUCCINATE,NDA210607,60 DEGREES PHARMS,TABLET,ORAL,Prescription
ARALEN,CHLOROQUINE PHOSPHATE,NDA006002,SANOFI AVENTIS US,TABLET,ORAL,Discontinued
ARALEN HYDROCHLORIDE,CHLOROQUINE HYDROCHLORIDE,NDA006002,SANOFI AVENTIS US,INJECTABLE,INJECTION,Discontinued
ARALEN PHOSPHATE W/ PRIMAQUINE PHOSPHATE,CHLOROQUINE PHOSPHATE; PRIMAQUINE PHOSPHATE,NDA014860,SANOFI AVENTIS US,TABLET,ORAL,Discontinued
ARAMINE,METARAMINOL BITARTRATE,NDA009509,MERCK,INJECTABLE,INJECTION,Discontinued
ARANELLE,ETHINYL ESTRADIOL; NORETHINDRONE,ANDA076783,BARR,TABLET,ORAL-28,Prescription
ARANESP,DARBEPOETIN ALFA,BLA103951,AMGEN,VIAL,SUBCUTANEOUS,Prescription
ARAVA,LEFLUNOMIDE,NDA020905,SANOFI AVENTIS US,TABLET,ORAL,Prescription
ARAZLO,TAZAROTENE,NDA211882,BAUSCH,LOTION,TOPICAL,Prescription
ARBLI,LOSARTAN POTASSIUM,NDA218772,SCIENTURE,SUSPENSION,ORAL,Prescription
ARCALYST,RILONACEPT,BLA125249,"KINIKSA PHARMACEUTICALS (UK), LTD.",VIAL,SINGLE-USE,Prescription
ARCAPTA NEOHALER,INDACATEROL MALEATE,NDA022383,NOVARTIS,POWDER,INHALATION,Discontinued
ARDUAN,PIPECURONIUM BROMIDE,NDA019638,ORGANON USA INC,INJECTABLE,INJECTION,Discontinued
AREDIA,PAMIDRONATE DISODIUM,NDA020927,NOVARTIS,INJECTABLE,INJECTION,Prescription
ARESTIN,MINOCYCLINE HYDROCHLORIDE,NDA050781,ORAPHARMA,"POWDER, EXTENDED RELEASE",DENTAL,Prescription
ARESTOCAINE HYDROCHLORIDE,MEPIVACAINE HYDROCHLORIDE,ANDA084777,SOLVAY,INJECTABLE,INJECTION,Discontinued
ARESTOCAINE HYDROCHLORIDE W/ LEVONORDEFRIN,LEVONORDEFRIN; MEPIVACAINE HYDROCHLORIDE,ANDA085010,SOLVAY,INJECTABLE,INJECTION,Discontinued
ARFONAD,TRIMETHAPHAN CAMSYLATE,NDA008983,ROCHE,INJECTABLE,INJECTION,Discontinued
ARFORMOTEROL TARTRATE,ARFORMOTEROL TARTRATE,ANDA207306,CIPLA,SOLUTION,INHALATION,Prescription
ARGATROBAN,ARGATROBAN,ANDA079238,PLIVA HRVATSKA DOO,INJECTABLE,INJECTION,None (Tentative Approval)
ARGATROBAN IN 0.9% SODIUM CHLORIDE,ARGATROBAN,NDA206769,TEVA PHARMS USA,INJECTABLE,INTRAVENOUS,Discontinued
ARGATROBAN IN DEXTROSE,ARGATROBAN,NDA201743,SANDOZ,SOLUTION,INTRAVENOUS,Discontinued
ARGATROBAN IN SODIUM CHLORIDE,ARGATROBAN,NDA022485,PLANO PHARMS,INJECTABLE,INTRAVENOUS,Prescription
ARICEPT,DONEPEZIL HYDROCHLORIDE,NDA020690,EISAI INC,TABLET,ORAL,Prescription
ARICEPT ODT,DONEPEZIL HYDROCHLORIDE,NDA021720,EISAI INC,"TABLET, ORALLY DISINTEGRATING",ORAL,Discontinued
ARIDOL,MANNITOL,NDA022368,PHARMAXIS EUROPE,POWDER,INHALATION,Prescription
ARIDOL KIT,MANNITOL,NDA022368,PHARMAXIS EUROPE,POWDER,INHALATION,Prescription
ARIKAYCE KIT,AMIKACIN SULFATE,NDA207356,INSMED INC,"SUSPENSION, LIPOSOMAL",INHALATION,Prescription
ARIMIDEX,ANASTROZOLE,NDA020541,ANI PHARMS,TABLET,ORAL,Prescription
ARIPIPRAZOLE,ARIPIPRAZOLE,ANDA090165,SQUARE PHARMS,"TABLET, ORALLY DISINTEGRATING",ORAL,Prescription
ARISTADA,ARIPIPRAZOLE LAUROXIL,NDA207533,ALKERMES INC,"SUSPENSION, EXTENDED RELEASE",INTRAMUSCULAR,Prescription
ARISTADA INITIO KIT,ARIPIPRAZOLE LAUROXIL,NDA209830,ALKERMES INC,"SUSPENSION, EXTENDED RELEASE",INTRAMUSCULAR,Prescription
ARISTOCORT,TRIAMCINOLONE,NDA011161,ASTELLAS,TABLET,ORAL,Discontinued
ARISTOCORT,TRIAMCINOLONE ACETONIDE,ANDA080745,ASTELLAS,OINTMENT,TOPICAL,Discontinued
ARISTOCORT,TRIAMCINOLONE DIACETATE,NDA011960,ASTELLAS,SYRUP,ORAL,Discontinued
ARISTOCORT A,TRIAMCINOLONE ACETONIDE,ANDA080745,ASTELLAS,OINTMENT,TOPICAL,Discontinued
ARISTOGEL,TRIAMCINOLONE ACETONIDE,ANDA083380,ASTELLAS,GEL,TOPICAL,Discontinued
ARISTOSPAN,TRIAMCINOLONE HEXACETONIDE,NDA016466,ETHYPHARM,INJECTABLE,INJECTION,Discontinued
ARIXTRA,FONDAPARINUX SODIUM,NDA021345,MYLAN IRELAND LTD,SOLUTION,SUBCUTANEOUS,Prescription
ARMLUPEG,PEGFILGRASTIM-UNNE,BLA761212,LUPIN LTD,INJECTION,SOLUTION,Prescription
ARMODAFINIL,ARMODAFINIL,ANDA200751,LUPIN,TABLET,ORAL,Discontinued
ARMONAIR DIGIHALER,FLUTICASONE PROPIONATE,NDA208798,TEVA PHARM,POWDER,INHALATION,Discontinued
ARMONAIR RESPICLICK,FLUTICASONE PROPIONATE,NDA208798,TEVA PHARM,POWDER,INHALATION,Discontinued
ARNUITY ELLIPTA,FLUTICASONE FUROATE,NDA205625,GLAXOSMITHKLINE,POWDER,INHALATION,Prescription
AROMASIN,EXEMESTANE,NDA020753,PFIZER,TABLET,ORAL,Prescription
ARRANON,NELARABINE,NDA021877,SANDOZ,INJECTABLE,INTRAVENOUS,Prescription
ARSENIC TRIOXIDE,ARSENIC TRIOXIDE,ANDA214011,EUGIA PHARMA,INJECTABLE,INJECTION,Discontinued
ARTANE,TRIHEXYPHENIDYL HYDROCHLORIDE,NDA012947,LEDERLE,"CAPSULE, EXTENDED RELEASE",ORAL,Discontinued
ARTESUNATE,ARTESUNATE,NDA213036,AMIVAS,POWDER,INTRAVENOUS,Prescription
ARTHROTEC,DICLOFENAC SODIUM; MISOPROSTOL,NDA020607,PFIZER,"TABLET, DELAYED RELEASE",ORAL,Prescription
ARTICAINE HYDROCHLORIDE AND EPINEPHRINE BITARTRATE,ARTICAINE HYDROCHLORIDE; EPINEPHRINE BITARTRATE,ANDA079138,HOSPIRA,INJECTABLE,INJECTION,Discontinued
ARYMO ER,MORPHINE SULFATE,NDA208603,ZYLA,"TABLET, EXTENDED RELEASE",ORAL,Discontinued
ARYNTA,LISDEXAMFETAMINE DIMESYLATE,NDA219847,AZURITY,SOLUTION,ORAL,Prescription
ARZERRA,OFATUMUMAB,BLA125326,NOVARTIS,INJECTABLE,INJECTION,Prescription
ASACOL,MESALAMINE,NDA019651,APIL,"TABLET, DELAYED RELEASE",ORAL,Discontinued
ASACOL HD,MESALAMINE,NDA021830,ABBVIE,"TABLET, DELAYED RELEASE",ORAL,Discontinued
ASBRON,THEOPHYLLINE SODIUM GLYCINATE,ANDA085148,NOVARTIS,TABLET,ORAL,Discontinued
ASCLERA,POLIDOCANOL,NDA021201,CHEMISCH FBRK KRSSLR,SOLUTION,INTRAVENOUS,Prescription
ASCOR,ASCORBIC ACID,NDA209112,MCGUFF,SOLUTION,INTRAVENOUS,Prescription
ASCORBIC ACID,ASCORBIC ACID,ANDA220873,ZYDUS PHARMS,SOLUTION,INTRAVENOUS,Prescription
ASENAPINE MALEATE,ASENAPINE MALEATE,ANDA205960,BRECKENRIDGE,TABLET,SUBLINGUAL,Prescription
ASENDIN,AMOXAPINE,NDA018021,LEDERLE,TABLET,ORAL,Discontinued
ASHLYNA,ETHINYL ESTRADIOL; LEVONORGESTREL,ANDA203163,GLENMARK PHARMS LTD,TABLET,ORAL,Prescription
ASMANEX HFA,MOMETASONE FUROATE,NDA205641,ORGANON LLC,"AEROSOL, METERED",INHALATION,Prescription
ASMANEX TWISTHALER,MOMETASONE FUROATE,NDA021067,ORGANON LLC,POWDER,INHALATION,Prescription
ASPARLAS,CALASPARGASE PEGOL-MKNL,BLA761102,SERVIER PHARMA LLC,INJECTABLE,INTRAVENOUS,Prescription
ASPIRIN AND DIPYRIDAMOLE,ASPIRIN; DIPYRIDAMOLE,ANDA210318,GLENMARK SPECLT,"CAPSULE, EXTENDED RELEASE",ORAL,Prescription
ASPIRIN; OMEPRAZOLE,ASPIRIN; OMEPRAZOLE,ANDA209791,TEVA PHARMS USA INC,TABLET,ORAL,None (Tentative Approval)
ASPRUZYO SPRINKLE,RANOLAZINE,NDA216018,SPIL,"GRANULE, EXTENDED RELEASE",ORAL,Discontinued
ASTAGRAF XL,TACROLIMUS,NDA204096,ASTELLAS,"CAPSULE, EXTENDED RELEASE",ORAL,Prescription
ASTELIN,AZELASTINE HYDROCHLORIDE,NDA020114,RISING,"SPRAY, METERED",NASAL,Discontinued
ASTEPRO,AZELASTINE HYDROCHLORIDE,NDA022203,VIATRIS,"SPRAY, METERED",NASAL,Discontinued
ASTEPRO,AZELASTINE HYDROCHRLORIDE,NDA022371,MEDA PHARMS,"SPRAY, METERED",NASAL,Prescription
ASTEPRO ALLERGY,AZELASTINE HYDROCHLORIDE,NDA213872,BAYER HLTHCARE,"SPRAY, METERED",NASAL,Over-the-counter
ASTRAMORPH PF,MORPHINE SULFATE,ANDA071050,FRESENIUS KABI USA,INJECTABLE,INJECTION,Discontinued
ATACAND,CANDESARTAN CILEXETIL,NDA020838,ANI PHARMS,TABLET,ORAL,Prescription
ATACAND HCT,CANDESARTAN CILEXETIL; HYDROCHLOROTHIAZIDE,NDA021093,ANI PHARMS,TABLET,ORAL,Prescription
ATARAX,HYDROXYZINE HYDROCHLORIDE,NDA010485,ROERIG,SYRUP,ORAL,Discontinued
ATAZANAVIR SULFATE,ATAZANAVIR SULFATE,ANDA091673,TEVA PHARMS USA,CAPSULE,ORAL,Prescription
ATAZANAVIR SULFATE AND RITONAVIR,ATAZANAVIR SULFATE; RITONAVIR,NDA022282,MATRIX LABS LTD,TABLET,ORAL,None (Tentative Approval)
ATAZANAVIR SULFATE; RITONAVIR,ATAZANAVIR SULFATE; RITONAVIR,NDA205508,EMCURE PHARMS LTD,TABLET,ORAL,None (Tentative Approval)
ATAZANAVIR SULFATE;RITONAVIR;LAMIVUDINE;ZIDOVUDINE,ATAZANAVIR SULFATE; LAMIVUDINE; RITONAVIR; ZIDOVUDINE,NDA206041,MYLAN LABS LTD,TABLET,ORAL,None (Tentative Approval)
ATELVIA,RISEDRONATE SODIUM,NDA022560,APIL,"TABLET, DELAYED RELEASE",ORAL,Prescription
ATENOLOL,ATENOLOL,ANDA076900,ZYDUS PHARMS USA,TABLET,ORAL,Prescription
ATENOLOL AND CHLORTHALIDONE,ATENOLOL; CHLORTHALIDONE,ANDA210028,ZYDUS PHARMS,TABLET,ORAL,Prescription
ATHENTIA NEXT,LEVONORGESTREL,ANDA206867,AUROBINDO PHARMA,TABLET,ORAL,Over-the-counter
ATHROMBIN,WARFARIN SODIUM,NDA011771,PHARM RES ASSOC,TABLET,ORAL,Discontinued
ATHROMBIN-K,WARFARIN POTASSIUM,NDA011771,PHARM RES ASSOC,TABLET,ORAL,Discontinued
ATIVAN,LORAZEPAM,NDA018140,HIKMA,INJECTABLE,INJECTION,Prescription
ATMEKSI,METHOCARBAMOL,NDA219843,ROSEMONT PHARMS,SUSPENSION,ORAL,Prescription
ATNAA,ATROPINE; PRALIDOXIME CHLORIDE,NDA021175,US ARMY,INJECTABLE,INTRAMUSCULAR,Discontinued
ATOMOXETINE HYDROCHLORIDE,ATOMOXETINE HYDROCHLORIDE,ANDA078983,APOTEX,CAPSULE,ORAL,Prescription
ATONCY,ATOMOXETINE HYDROCHLORIDE,NDA220320,MAP77,SOLUTION,ORAL,Prescription
ATORVALIQ,ATORVASTATIN CALCIUM,NDA213260,CMP DEV LLC,SUSPENSION,ORAL,Prescription
ATORVASTATIN CALCIUM,ATORVASTATIN CALCIUM,ANDA091650,DR REDDYS LABS LTD,TABLET,ORAL,Prescription
ATOVAQUONE,ATOVAQUONE,ANDA207833,CHARTWELL RX,SUSPENSION,ORAL,Prescription
ATOVAQUONE AND PROGUANIL HYDROCHLORIDE,ATOVAQUONE; PROGUANIL HYDROCHLORIDE,ANDA202362,MYLAN,TABLET,ORAL,Prescription
ATRACURIUM BESYLATE,ATRACURIUM BESYLATE,ANDA074632,HOSPIRA,INJECTABLE,INJECTION,Discontinued
ATRACURIUM BESYLATE PRESERVATIVE FREE,ATRACURIUM BESYLATE,ANDA074944,WATSON LABS INC,INJECTABLE,INJECTION,Discontinued
ATRALIN,TRETINOIN,NDA022070,DOW PHARM,GEL,TOPICAL,Prescription
ATRIDOX,DOXYCYCLINE HYCLATE,NDA050751,DEN-MAT,"SYSTEM, EXTENDED RELEASE",PERIODONTAL,Discontinued
ATRIPLA,EFAVIRENZ; EMTRICITABINE; TENOFOVIR DISOPROXIL FUMARATE,NDA021937,GILEAD SCIENCES,TABLET,ORAL,Discontinued
ATROMID-S,CLOFIBRATE,NDA016099,WYETH AYERST,CAPSULE,ORAL,Discontinued
ATROPEN,ATROPINE,NDA017106,MMT,SOLUTION,INTRAMUSCULAR,Discontinued
ATROPINE,ATROPINE,ANDA071295,ABBVIE,SOLUTION,INTRAMUSCULAR,Discontinued
ATROPINE (AUTOINJECTOR),ATROPINE,NDA212319,RAFA LABS LTD,SOLUTION,INTRAMUSCULAR,Discontinued
ATROPINE AND DEMEROL,ATROPINE SULFATE; MEPERIDINE HYDROCHLORIDE,ANDA087848,ABBVIE,INJECTABLE,INJECTION,Discontinued
ATROPINE SULFATE,ATROPINE SULFATE,ANDA214970,MEDEFIL INC,SOLUTION,INTRAVENOUS,Prescription
ATROVENT,IPRATROPIUM BROMIDE,NDA020394,BOEHRINGER INGELHEIM,"SPRAY, METERED",NASAL,Discontinued
ATROVENT HFA,IPRATROPIUM BROMIDE,NDA021527,BOEHRINGER INGELHEIM,"AEROSOL, METERED",INHALATION,Prescription
ATTRUBY,ACORAMIDIS HYDROCHLORIDE,NDA216540,BRIDGEBIO PHARMA,TABLET,ORAL,Prescription
ATZUMI,DIHYDROERGOTAMINE MESYLATE,NDA217901,SATSUMA PHARMS,POWDER,NASAL,Prescription
AUBAGIO,TERIFLUNOMIDE,NDA202992,SANOFI AVENTIS US,TABLET,ORAL,Prescription
AUGMENTIN '125',AMOXICILLIN; CLAVULANATE POTASSIUM,NDA050575,US ANTIBIOTICS,FOR SUSPENSION,ORAL,Prescription
AUGMENTIN '200',AMOXICILLIN; CLAVULANATE POTASSIUM,NDA050725,US ANTIBIOTICS,FOR SUSPENSION,ORAL,Discontinued
AUGMENTIN '250',AMOXICILLIN; CLAVULANATE POTASSIUM,NDA050564,US ANTIBIOTICS,TABLET,ORAL,Discontinued
AUGMENTIN '400',AMOXICILLIN; CLAVULANATE POTASSIUM,NDA050725,US ANTIBIOTICS,FOR SUSPENSION,ORAL,Discontinued
AUGMENTIN '500',AMOXICILLIN; CLAVULANATE POTASSIUM,NDA050564,US ANTIBIOTICS,TABLET,ORAL,Discontinued
AUGMENTIN '875',AMOXICILLIN; CLAVULANATE POTASSIUM,NDA050720,US ANTIBIOTICS,TABLET,ORAL,Prescription
AUGMENTIN ES-600,AMOXICILLIN; CLAVULANATE POTASSIUM,NDA050755,US ANTIBIOTICS,FOR SUSPENSION,ORAL,Prescription
AUGMENTIN XR,AMOXICILLIN; CLAVULANATE POTASSIUM,NDA050785,US ANTIBIOTICS,"TABLET, EXTENDED RELEASE",ORAL,Prescription
AUGTYRO,REPOTRECTINIB,NDA218213,BRISTOL,CAPSULE,ORAL,Prescription
AUKELSO,DENOSUMAB-KYQQ,BLA761436,BIOCON BIOLOGICS INC,INJECTABLE,INJECTION,Prescription
AUREOMYCIN,CHLORTETRACYCLINE HYDROCHLORIDE,NDA050404,LEDERLE,OINTMENT,OPHTHALMIC,Discontinued
AURLUMYN,ILOPROST,NDA217933,BTG INTL,SOLUTION,INTRAVENOUS,Prescription
AUROVELA 1.5/30,ETHINYL ESTRADIOL; NORETHINDRONE ACETATE,ANDA207581,AUROBINDO PHARMA,TABLET,ORAL-21,Prescription
AUROVELA 1/20,ETHINYL ESTRADIOL; NORETHINDRONE ACETATE,ANDA207506,AUROBINDO PHARMA,TABLET,ORAL-21,Prescription
AUROVELA 24 FE,ETHINYL ESTRADIOL; NORETHINDRONE ACETATE,ANDA207504,AUROBINDO PHARMA,TABLET,ORAL,Prescription
AUROVELA FE 1.5/30,ETHINYL ESTRADIOL; NORETHINDRONE ACETATE,ANDA207580,AUROBINDO PHARMA,TABLET,ORAL-28,Prescription
AUROVELA FE 1/20,ETHINYL ESTRADIOL; NORETHINDRONE ACETATE,ANDA207505,AUROBINDO PHARMA,TABLET,ORAL-28,Prescription
AURYXIA,FERRIC CITRATE,NDA205874,KERYX BIOPHARMS,TABLET,ORAL,Prescription
AUSTEDO,DEUTETRABENAZINE,NDA208082,TEVA BRANDED PHARM,TABLET,ORAL,Prescription
AUSTEDO XR,DEUTETRABENAZINE,NDA216354,TEVA,"TABLET, EXTENDED RELEASE",ORAL,Prescription
AUVELITY,BUPROPION HYDROCHLORIDE; DEXTROMETHORPHAN HYDROBROMIDE,NDA215430,AXSOME,"TABLET, EXTENDED RELEASE",ORAL,Prescription
AUVI-Q,EPINEPHRINE,NDA201739,KALEO INC,SOLUTION,"INTRAMUSCULAR, SUBCUTANEOUS",Prescription
AVACLYR,ACYCLOVIR,NDA202408,FERA PHARMS LLC,OINTMENT,OPHTHALMIC,Discontinued
AVAGARD,ALCOHOL; CHLORHEXIDINE GLUCONATE,NDA021074,SOLVENTUM,SOLUTION,TOPICAL,Over-the-counter
AVAGE,TAZAROTENE,NDA021184,ALMIRALL,CREAM,TOPICAL,Prescription
AVALIDE,HYDROCHLOROTHIAZIDE; IRBESARTAN,NDA020758,SANOFI AVENTIS US,TABLET,ORAL,Discontinued
AVANAFIL,AVANAFIL,ANDA209266,HETERO LABS LTD V,TABLET,ORAL,Prescription
AVANDAMET,METFORMIN HYDROCHLORIDE; ROSIGLITAZONE MALEATE,NDA021410,SB PHARMCO,TABLET,ORAL,Discontinued
AVANDARYL,GLIMEPIRIDE; ROSIGLITAZONE MALEATE,NDA021700,SB PHARMCO,TABLET,ORAL,Discontinued
AVANDIA,ROSIGLITAZONE MALEATE,NDA021071,WOODWARD,TABLET,ORAL,Discontinued
AVAPRO,IRBESARTAN,NDA020757,SANOFI AVENTIS US,TABLET,ORAL,Prescription
AVASTIN,BEVACIZUMAB,BLA125085,GENENTECH,VIAL,INTRAVENOUS,Prescription
AVC,SULFANILAMIDE,NDA006530,PHARMOBEDIENT,CREAM,VAGINAL,Discontinued
AVEED,TESTOSTERONE UNDECANOATE,NDA022219,ENDO OPERATIONS,INJECTABLE,INTRAMUSCULAR,Prescription
AVELOX,MOXIFLOXACIN HYDROCHLORIDE,NDA021085,BAYER HLTHCARE,TABLET,ORAL,Discontinued
AVELOX IN SODIUM CHLORIDE 0.8% IN PLASTIC CONTAINER,MOXIFLOXACIN HYDROCHLORIDE,NDA021277,BAYER HLTHCARE,SOLUTION,INTRAVENOUS,Discontinued
AVENTYL,NORTRIPTYLINE HYDROCHLORIDE,NDA014685,RANBAXY,SOLUTION,ORAL,Discontinued
AVENTYL HYDROCHLORIDE,NORTRIPTYLINE HYDROCHLORIDE,NDA014684,LILLY,CAPSULE,ORAL,Discontinued
AVERI,DESOGESTREL; ETHINYL ESTRADIOL,ANDA218933,AVION PHARMS,TABLET,ORAL-28,Prescription
AVGEMSI,GEMCITABINE HYDROCHLORIDE,NDA219920,AVYXA HOLDINGS,SOLUTION,INTRAVENOUS,Prescription
AVIANE-21,ETHINYL ESTRADIOL; LEVONORGESTREL,ANDA075796,DURAMED PHARMS BARR,TABLET,ORAL-21,Discontinued
AVIANE-28,ETHINYL ESTRADIOL; LEVONORGESTREL,ANDA075796,DURAMED PHARMS BARR,TABLET,ORAL-28,Prescription
AVINZA,MORPHINE SULFATE,NDA021260,KING PHARMS LLC,"CAPSULE, EXTENDED RELEASE",ORAL,Discontinued
AVITA,TRETINOIN,NDA020404,MYLAN PHARMS INC,CREAM,TOPICAL,Prescription
AVLAYAH,TIVIDENOFUSP ALFA-EKNM,BLA761485,DENALI THERAPEUTICS INC.,INJECTION,"POWDER,FOR SOLUTION",Prescription
AVMAPKI FAKZYNJA CO-PACK (COPACKAGED),AVUTOMETINIB POTASSIUM; DEFACTINIB HYDROCHLORIDE,NDA219616,VERASTEM INC,"CAPSULE, TABLET",ORAL,Prescription
AVODART,DUTASTERIDE,NDA021319,WAYLIS THERAP,CAPSULE,ORAL,Prescription
AVONEX,INTERFERON BETA-1A,BLA103628,BIOGEN,VIAL,,Prescription
AVOPEF,ETOPOSIDE,NDA220200,AVYXA HOLDINGS,SOLUTION,INTRAVENOUS,Prescription
AVSOLA,INFLIXIMAB-AXXQ,BLA761086,AMGEN INC,INJECTABLE,INJECTION,Prescription
AVTOZMA,TOCILIZUMAB-ANOH,BLA761420,CELLTRION INC,INJECTABLE,INTRAVENOUS,Prescription
AVYCAZ,AVIBACTAM SODIUM; CEFTAZIDIME,NDA206494,ABBVIE,POWDER,INTRAVENOUS,Prescription
AVZIVI,BEVACIZUMAB-TNJN,BLA761198,BIO-THERA SOLUTIONS LTD,INJECTABLE,INJECTION,Prescription
AWIQLI FLEXTOUCH,INSULIN ICODEC,BLA761326,NOVO NORDISK INC,INJECTION,SOLUTION,Prescription
AXERT,ALMOTRIPTAN MALATE,NDA021001,JANSSEN PHARMS,TABLET,ORAL,Discontinued
AXID,NIZATIDINE,NDA019508,SMITHKLINE BEECHAM,CAPSULE,ORAL,Discontinued
AXID AR,NIZATIDINE,NDA020555,HALEON US HOLDINGS,TABLET,ORAL,Over-the-counter
AXIRON,TESTOSTERONE,NDA022504,ELI LILLY AND CO,"SOLUTION, METERED",TRANSDERMAL,Discontinued
AXITINIB,AXITINIB,ANDA210234,TEVA PHARMS,TABLET,ORAL,None (Tentative Approval)
AXOTAL,ASPIRIN; BUTALBITAL,ANDA088305,SAVAGE LABS,TABLET,ORAL,Discontinued
AXTLE,PEMETREXED DIPOTASSIUM,NDA210661,AVYXA HOLDINGS,POWDER,INTRAVENOUS,Prescription
AXUMIN,FLUCICLOVINE F-18,NDA208054,BLUE EARTH,SOLUTION,INTRAVENOUS,Prescription
AYGESTIN,NORETHINDRONE ACETATE,NDA018405,DURAMED RES,TABLET,ORAL,Discontinued
AYUNA,ETHINYL ESTRADIOL; LEVONORGESTREL,ANDA206866,AUROBINDO PHARMA,TABLET,ORAL-28,Prescription
AYVAKIT,AVAPRITINIB,NDA212608,BLUEPRINT MEDICINES,TABLET,ORAL,Prescription
AZACITIDINE,AZACITIDINE,ANDA207518,SHILPA MEDICARE,POWDER,"INTRAVENOUS, SUBCUTANEOUS",Prescription
AZACTAM,AZTREONAM,NDA050580,LABS DELBERT,INJECTABLE,INJECTION,Prescription
AZACTAM IN PLASTIC CONTAINER,AZTREONAM,NDA050632,BRISTOL MYERS SQUIBB,INJECTABLE,INJECTION,Discontinued
AZASAN,AZATHIOPRINE,ANDA075252,AAIPHARMA LLC,TABLET,ORAL,Prescription
AZASITE,AZITHROMYCIN,NDA050810,THEA PHARMA,SOLUTION/DROPS,OPHTHALMIC,Prescription
AZATHIOPRINE,AZATHIOPRINE,ANDA075568,RISING,TABLET,ORAL,Prescription
AZATHIOPRINE,AZATHIOPRINE SODIUM,ANDA071056,QUAD PHARMS,Injectable,Injection,Discontinued
AZATHIOPRINE SODIUM,AZATHIOPRINE SODIUM,ANDA074419,HIKMA,INJECTABLE,INJECTION,Prescription
AZDONE,ASPIRIN; HYDROCODONE BITARTRATE,ANDA089420,SCHWARZ PHARMA,TABLET,ORAL,Discontinued
AZEDRA,IOBENGUANE I-131,NDA209607,PROGENICS PHARMS INC,SOLUTION,INTRAVENOUS,Discontinued
AZELAIC ACID,AZELAIC ACID,ANDA208724,ENCUBE,GEL,TOPICAL,Prescription
AZELASTINE HYDROCHLORIDE,AZELASTINE HYDROCHLORIDE,ANDA078621,APOTEX,SOLUTION/DROPS,OPHTHALMIC,Prescription
AZELASTINE HYDROCHLORIDE ALLERGY,AZELASTINE HYDROCHLORIDE,ANDA216561,AUROBINDO PHARMA,"SPRAY, METERED",NASAL,Over-the-counter
AZELASTINE HYDROCHLORIDE AND FLUTICASONE PROPIONATE,AZELASTINE HYDROCHLORIDE; FLUTICASONE PROPIONATE,ANDA208111,PADAGIS ISRAEL,"SPRAY, METERED",NASAL,Prescription
AZELASTINE HYDROCHLORIDE CHILDREN'S ALLERGY,AZELASTINE HYDROCHLORIDE,ANDA216421,APOTEX,"SPRAY, METERED",NASAL,Over-the-counter
AZELEX,AZELAIC ACID,NDA020428,ALMIRALL,CREAM,TOPICAL,Prescription
AZILECT,RASAGILINE MESYLATE,NDA021641,TEVA,TABLET,ORAL,Prescription
AZILSARTAN MEDOXOMIL,AZILSARTAN KAMEDOXOMIL,ANDA214489,LUPIN,TABLET,ORAL,Prescription
AZILSARTAN MEDOXOMIL,AZILSARTAN MEDOXOMIL,ANDA219062,HETERO LABS LIMITED,TABLET,,None (Tentative Approval)
AZILSARTAN MEDOXOMIL AND CHLORTHALIDONE,AZILSARTAN KAMEDOXOMIL; CHLORTHALIDONE,ANDA217490,ALKEM LABS LTD,TABLET,ORAL,Prescription
AZITHROMYCIN,AZITHROMYCIN,ANDA202793,NOVEL LABS INC,FOR SUSPENSION,ORAL,None (Tentative Approval)
AZLIN,AZLOCILLIN SODIUM,NDA050562,BAYER PHARMS,INJECTABLE,INJECTION,Discontinued
AZMACORT,TRIAMCINOLONE ACETONIDE,NDA018117,ABBVIE,"AEROSOL, METERED",INHALATION,Discontinued
AZMIRO,TESTOSTERONE CYPIONATE,NDA216318,AZURITY,SOLUTION,INTRAMUSCULAR,Prescription
AZO GANTANOL,PHENAZOPYRIDINE HYDROCHLORIDE; SULFAMETHOXAZOLE,NDA013294,ROCHE,TABLET,ORAL,Discontinued
AZO GANTRISIN,PHENAZOPYRIDINE HYDROCHLORIDE; SULFISOXAZOLE,NDA019358,ROCHE,TABLET,ORAL,Discontinued
AZOLID,PHENYLBUTAZONE,ANDA087091,SANOFI AVENTIS US,TABLET,ORAL,Discontinued
AZOPT,BRINZOLAMIDE,NDA020816,SANDOZ,SUSPENSION/DROPS,OPHTHALMIC,Prescription
AZOR,AMLODIPINE BESYLATE; OLMESARTAN MEDOXOMIL,NDA022100,COSETTE,TABLET,ORAL,Prescription
AZSTARYS,DEXMETHYLPHENIDATE HYDROCHLORIDE; SERDEXMETHYLPHENIDATE CHLORIDE,NDA212994,COMMAVE SUB,CAPSULE,ORAL,Prescription
AZTREONAM,AZTREONAM,ANDA206517,HOSPIRA,INJECTABLE,INJECTION,Prescription
AZULFIDINE,SULFASALAZINE,NDA018605,PHARMACIA AND UPJOHN,SUSPENSION,ORAL,Discontinued
AZULFIDINE EN-TABS,SULFASALAZINE,NDA007073,PFIZER,"TABLET, DELAYED RELEASE",ORAL,Prescription
BACI-RX,BACITRACIN,ANDA061580,X GEN PHARMS,POWDER,FOR RX COMPOUNDING,Discontinued
BACIGUENT,BACITRACIN,ANDA060734,PHARMACIA AND UPJOHN,OINTMENT,OPHTHALMIC,Discontinued
BACITRACIN,BACITRACIN,ANDA062456,PADDOCK LLC,POWDER,FOR RX COMPOUNDING,Discontinued
BACITRACIN ZINC AND POLYMYXIN B SULFATE,BACITRACIN ZINC; POLYMYXIN B SULFATE,ANDA064046,BAUSCH AND LOMB INC,OINTMENT,OPHTHALMIC,Prescription
BACITRACIN ZINC-NEOMYCIN SULFATE-POLYMYXIN B SULFATE,BACITRACIN ZINC; NEOMYCIN SULFATE; POLYMYXIN B SULFATE,ANDA062833,NASKA,OINTMENT,TOPICAL,Discontinued
BACITRACIN ZINC-POLYMYXIN B SULFATE,BACITRACIN ZINC; POLYMYXIN B SULFATE,ANDA062849,NASKA,OINTMENT,TOPICAL,Discontinued
BACITRACIN-NEOMYCIN-POLYMYXIN,BACITRACIN ZINC; NEOMYCIN SULFATE; POLYMYXIN B SULFATE,ANDA062167,PHARMADERM,OINTMENT,OPHTHALMIC,Discontinued
BACITRACIN-NEOMYCIN-POLYMYXIN W/ HYDROCORTISONE ACETATE,BACITRACIN ZINC; HYDROCORTISONE ACETATE; NEOMYCIN SULFATE; POLYMYXIN B SULFATE,ANDA062166,PADAGIS US,OINTMENT,OPHTHALMIC,Discontinued
BACITRACIN-NEOMYCIN-POLYMYXIN W/ HYDROCORTISONE ACETATE,BACITRACIN; HYDROCORTISONE ACETATE; NEOMYCIN SULFATE; POLYMYXIN B SULFATE,ANDA060731,ALTANA,OINTMENT,OPHTHALMIC,Discontinued
BACLOFEN,BACLOFEN,ANDA078504,NORTHSTAR HLTHCARE,TABLET,ORAL,Prescription
BACTERIOSTATIC SODIUM CHLORIDE 0.9% IN PLASTIC CONTAINER,SODIUM CHLORIDE,NDA018800,HOSPIRA,SOLUTION,INJECTION,Prescription
BACTERIOSTATIC WATER FOR INJECTION IN PLASTIC CONTAINER,STERILE WATER FOR INJECTION,ANDA089100,ABRAXIS PHARM,LIQUID,N/A,Discontinued
BACTOCILL,OXACILLIN SODIUM,ANDA061334,GLAXOSMITHKLINE,INJECTABLE,INJECTION,Discontinued
BACTOCILL IN PLASTIC CONTAINER,OXACILLIN SODIUM,NDA050640,BAXTER HLTHCARE,INJECTABLE,INJECTION,Prescription
BACTRIM,SULFAMETHOXAZOLE; TRIMETHOPRIM,NDA017560,SUN PHARM INDUSTRIES,SUSPENSION,ORAL,Discontinued
BACTRIM DS,SULFAMETHOXAZOLE; TRIMETHOPRIM,NDA017377,SUN PHARM INDUSTRIES,TABLET,ORAL,Prescription
BACTRIM PEDIATRIC,SULFAMETHOXAZOLE; TRIMETHOPRIM,NDA017560,SUN PHARM INDUSTRIES,SUSPENSION,ORAL,Discontinued
BACTROBAN,MUPIROCIN,NDA050591,GLAXOSMITHKLINE,OINTMENT,TOPICAL,Discontinued
BACTROBAN,MUPIROCIN CALCIUM,NDA050703,GLAXOSMITHKLINE,OINTMENT,NASAL,Discontinued
BAFIERTAM,MONOMETHYL FUMARATE,NDA210296,BANNER LIFE SCIENCES,"CAPSULE, DELAYED RELEASE",ORAL,Prescription
BAL,DIMERCAPROL,NDA005939,PROVEPHARM SAS,INJECTABLE,INJECTION,Prescription
BALANCED SALT,CALCIUM CHLORIDE; MAGNESIUM CHLORIDE; POTASSIUM CHLORIDE; SODIUM ACETATE; SODIUM CHLORIDE; SODIUM CITRATE,ANDA091387,B BRAUN,SOLUTION,IRRIGATION,Prescription
BALCOLTRA,ETHINYL ESTRADIOL; LEVONORGESTREL,NDA208612,AVION PHARMS,TABLET,ORAL,Prescription
BALNEOL-HC,HYDROCORTISONE,ANDA088041,SOLVAY,LOTION,TOPICAL,Discontinued
BALOXAVIR MARBOXIL,BALOXAVIR MARBOXIL,ANDA217449,NORWICH,TABLET,ORAL,Prescription
BALSALAZIDE DISODIUM,BALSALAZIDE DISODIUM,ANDA077806,HIKMA,CAPSULE,ORAL,Prescription
BALVERSA,ERDAFITINIB,NDA212018,JANSSEN BIOTECH,TABLET,ORAL,Prescription
BALZIVA-21,ETHINYL ESTRADIOL; NORETHINDRONE,ANDA076198,BARR,TABLET,ORAL-21,Discontinued
BALZIVA-28,ETHINYL ESTRADIOL; NORETHINDRONE,ANDA076238,BARR,TABLET,ORAL-28,Prescription
BAMATE,MEPROBAMATE,ANDA080380,ALRA,TABLET,ORAL,Discontinued
BANAN,CEFPODOXIME PROXETIL,NDA050687,SANKYO,TABLET,ORAL,Discontinued
BANCAP,ACETAMINOPHEN; BUTALBITAL,ANDA088889,FOREST PHARMS,CAPSULE,ORAL,Discontinued
BANCAP HC,ACETAMINOPHEN; HYDROCODONE BITARTRATE,ANDA087961,FOREST PHARMS,CAPSULE,ORAL,Discontinued
BANTHINE,METHANTHELINE BROMIDE,NDA007390,SHIRE,TABLET,ORAL,Discontinued
BANZEL,RUFINAMIDE,NDA021911,EISAI INC,TABLET,ORAL,Discontinued
BAQSIMI,GLUCAGON,NDA210134,AMPHASTAR PHARMS INC,POWDER,NASAL,Prescription
BARACLUDE,ENTECAVIR,NDA021797,BRISTOL MYERS SQUIBB,TABLET,ORAL,Prescription
BARHEMSYS,AMISULPRIDE,NDA209510,LXO IRELAND,SOLUTION,INTRAVENOUS,Prescription
BARICITINIB,BARICITINIB,ANDA217542,AUROBINDO PHARMA LTD,TABLET,ORAL,Discontinued
BAROS,SODIUM BICARBONATE; TARTARIC ACID,NDA018509,MALLINCKRODT INC,"GRANULE, EFFERVESCENT",ORAL,Discontinued
BARSTATIN 100,NYSTATIN,ANDA062489,BARLAN,POWDER,ORAL,Discontinued
BASAGLAR,INSULIN GLARGINE,BLA205692,ELI LILLY AND CO,SOLUTION,SUBCUTANEOUS,Prescription
BAVENCIO,AVELUMAB,BLA761049,EMD SERONO INC,INJECTABLE,INJECTION,Prescription
BAXDELA,DELAFLOXACIN MEGLUMINE,NDA208611,MELINTA,POWDER,INTRAVENOUS,Prescription
BAXFENDY,BAXDROSTAT,NDA219878,ASTRAZENECA AB,TABLET,ORAL,Prescription
BAYCOL,CERIVASTATIN SODIUM,NDA020740,BAYER PHARMS,TABLET,ORAL,Discontinued
BAYER EXTRA STRENGTH ASPIRIN FOR MIGRAINE PAIN,ASPIRIN,NDA021317,BAYER,TABLET,ORAL,Discontinued
BECLOMETHASONE DIPROPIONATE,BECLOMETHASONE DIPROPIONATE,ANDA213811,AMNEAL IRELAND LTD,"AEROSOL, METERED",INHALATION,Prescription
BECLOVENT,BECLOMETHASONE DIPROPIONATE,NDA018153,GLAXOSMITHKLINE,"AEROSOL, METERED",INHALATION,Discontinued
BECONASE,BECLOMETHASONE DIPROPIONATE,NDA018584,GLAXOSMITHKLINE,"AEROSOL, METERED",NASAL,Discontinued
BECONASE AQ,BECLOMETHASONE DIPROPIONATE MONOHYDRATE,NDA019389,GLAXOSMITHKLINE,"SPRAY, METERED",NASAL,Discontinued
BEEPEN-VK,PENICILLIN V POTASSIUM,ANDA062270,GLAXOSMITHKLINE,FOR SOLUTION,ORAL,Discontinued
BEIZRAY,DOCETAXEL,NDA218711,ZHUHAI,SOLUTION,INTRAVENOUS,Prescription
BEKYREE,DESOGESTREL; ETHINYL ESTRADIOL,ANDA202226,LUPIN,TABLET,ORAL-28,Prescription
BELBUCA,BUPRENORPHINE HYDROCHLORIDE,NDA207932,BDSI,FILM,BUCCAL,Prescription
BELDIN,DIPHENHYDRAMINE HYDROCHLORIDE,ANDA089179,HALSEY,SYRUP,ORAL,Discontinued
BELEODAQ,BELINOSTAT,NDA206256,ACROTECH BIOPHARMA,POWDER,INTRAVENOUS,Prescription
BELIX,DIPHENHYDRAMINE HYDROCHLORIDE,ANDA086586,HALSEY,ELIXIR,ORAL,Discontinued
BELRAPZO,BENDAMUSTINE HYDROCHLORIDE,NDA205580,EAGLE PHARMS,SOLUTION,INTRAVENOUS,Prescription
BELSOMRA,SUVOREXANT,NDA204569,MERCK SHARP DOHME,TABLET,ORAL,Prescription
BEMPEDOIC ACID AND EZETIMIBE,"BEMPEDOIC ACID, EZETIMIBE",ANDA219421,ALKEM LABORATORIES LIMITED,TABLET,,None (Tentative Approval)
BENADRYL,DIPHENHYDRAMINE HYDROCHLORIDE,NDA005845,MCNEIL CONS,CAPSULE,ORAL,Discontinued
BENADRYL PRESERVATIVE FREE,DIPHENHYDRAMINE HYDROCHLORIDE,NDA009486,MCNEIL CONS,INJECTABLE,INJECTION,Discontinued
BENAZEPRIL HYDROCHLORIDE,BENAZEPRIL HYDROCHLORIDE,ANDA076820,AMNEAL PHARMS,TABLET,ORAL,Prescription
BENAZEPRIL HYDROCHLORIDE AND HYDROCHLOROTHIAZIDE,BENAZEPRIL HYDROCHLORIDE; HYDROCHLOROTHIAZIDE,ANDA077483,SUN PHARM INDS LTD,TABLET,ORAL,Discontinued
BENDAMUSTINE HYDROCHLORIDE,BENDAMUSTINE HYDROCHLORIDE,ANDA204771,GLENMARK PHARMS LTD,POWDER,IV (INFUSION),None (Tentative Approval)
BENDECTIN,DOXYLAMINE SUCCINATE; PYRIDOXINE HYDROCHLORIDE,NDA010598,SANOFI AVENTIS US,"TABLET, EXTENDED RELEASE",ORAL,Discontinued
BENDEKA,BENDAMUSTINE HYDROCHLORIDE,NDA208194,EAGLE PHARMS,SOLUTION,INTRAVENOUS,Prescription
BENDOPA,LEVODOPA,NDA016948,VALEANT PHARM INTL,CAPSULE,ORAL,Discontinued
BENEMID,PROBENECID,NDA007898,MERCK,TABLET,ORAL,Discontinued
BENICAR,OLMESARTAN MEDOXOMIL,NDA021286,COSETTE,TABLET,ORAL,Prescription
BENICAR HCT,HYDROCHLOROTHIAZIDE; OLMESARTAN MEDOXOMIL,NDA021532,COSETTE,TABLET,ORAL,Prescription
BENLYSTA,BELIMUMAB,BLA761043,GLAXOSMITHKLINE LLC,INJECTABLE,INJECTION,Prescription
BENOQUIN,MONOBENZONE,NDA008173,VALEANT PHARM INTL,CREAM,TOPICAL,Discontinued
BENOXINATE HYDROCHLORIDE,BENOXINATE HYDROCHLORIDE,ANDA084149,SOLA BARNES HIND,SOLUTION/DROPS,OPHTHALMIC,Discontinued
BENSULFOID,SULFUR,NDA002918,POYTHRESS,POWDER,TOPICAL,Discontinued
BENTYL,DICYCLOMINE HYDROCHLORIDE,NDA007961,APTALIS PHARMA US,SYRUP,ORAL,Discontinued
BENTYL PRESERVATIVE FREE,DICYCLOMINE HYDROCHLORIDE,NDA008370,ABBVIE,INJECTABLE,INJECTION,Discontinued
BENYLIN,DIPHENHYDRAMINE HYDROCHLORIDE,NDA006514,PARKE DAVIS,SYRUP,ORAL,Discontinued
BENYLIN,DIPHENHYDRAMINE HYDROCHLORIDE; PSEUDOEPHEDRINE HYDROCHLORIDE,NDA019014,PARKE DAVIS,SOLUTION,ORAL,Discontinued
BENZACLIN,BENZOYL PEROXIDE; CLINDAMYCIN PHOSPHATE,NDA050756,BAUSCH,GEL,TOPICAL,Discontinued
BENZAMYCIN,BENZOYL PEROXIDE; ERYTHROMYCIN,NDA050557,VALEANT INTL,GEL,TOPICAL,Prescription
BENZEDRINE,AMPHETAMINE SULFATE,ANDA083900,SMITH KLINE & FRENCH,Tablet,Oral,Discontinued
BENZNIDAZOLE,BENZNIDAZOLE,NDA209570,CHEMO RESEARCH SL,TABLET,ORAL,Prescription
BENZONATATE,BENZONATATE,ANDA206948,PURACAP PHARM LLC,CAPSULE,ORAL,Prescription
BENZPHETAMINE HYDROCHLORIDE,BENZPHETAMINE HYDROCHLORIDE,ANDA040773,SPECGX LLC,TABLET,ORAL,Discontinued
BENZTHIAZIDE,BENZTHIAZIDE,ANDA083206,PVT FORM,TABLET,ORAL,Discontinued
BENZTROPINE MESYLATE,BENZTROPINE MESYLATE,ANDA081265,CHARTWELL RX,TABLET,ORAL,Prescription
BENZYL BENZOATE,BENZYL BENZOATE,ANDA084535,LANNETT,EMULSION,TOPICAL,Discontinued
BEOVU,brolucizumab-dbll,BLA761125,NOVARTIS PHARMS CORP,INJECTABLE,INTRAVITREAL,Prescription
BEPADIN,BEPRIDIL HYDROCHLORIDE,NDA019001,MEDPOINTE PHARM HLC,TABLET,ORAL,Discontinued
BEPOTASTINE BESILATE,BEPOTASTINE BESILATE,ANDA214588,ALEMBIC,SOLUTION/DROPS,OPHTHALMIC,Prescription
BEPREVE,BEPOTASTINE BESILATE,NDA022288,BAUSCH AND LOMB INC,SOLUTION/DROPS,OPHTHALMIC,Prescription
BEQALZI,SONROTOCLAX,NDA220711,BEONE MEDICINES USA,TABLET,ORAL,Prescription
BEROCCA PN,ASCORBIC ACID; BIOTIN; CYANOCOBALAMIN; DEXPANTHENOL; ERGOCALCIFEROL; FOLIC ACID; NIACINAMIDE; PYRIDOXINE HYDROCHLORIDE; RIBOFLAVIN 5'-PHOSPHATE SODIUM; THIAMINE HYDROCHLORIDE; VITAMIN A PALMITATE; VITAMIN E,NDA006071,ROCHE,INJECTABLE,INJECTION,Discontinued
BERUBIGEN,CYANOCOBALAMIN,NDA006798,PHARMACIA AND UPJOHN,INJECTABLE,INJECTION,Discontinued
BESIVANCE,BESIFLOXACIN HYDROCHLORIDE,NDA022308,BAUSCH AND LOMB,SUSPENSION/DROPS,OPHTHALMIC,Prescription
BESPONSA,INOTUZUMAB OZOGAMICIN,BLA761040,WYETH PHARMS INC,"POWDER, FOR INJECTION SOLUTION, LYOPHILIZED POWDER",,Prescription
BESREMI,ROPEGINTERFERON ALFA-2B-NJFT,BLA761166,PHARMAESSENTIA CORP,INJECTABLE,SUBCUTANEOUS,Prescription
BETA-2,ISOETHARINE HYDROCHLORIDE,ANDA086711,NEPHRON,SOLUTION,INHALATION,Discontinued
BETA-HC,HYDROCORTISONE,ANDA089495,BETA DERMAC,LOTION,TOPICAL,Discontinued
BETA-VAL,BETAMETHASONE VALERATE,ANDA070072,COSETTE PHARMS NC,LOTION,TOPICAL,Discontinued
BETADERM,BETAMETHASONE VALERATE,NDA018839,ROACO,CREAM,TOPICAL,Discontinued
BETADINE,POVIDONE-IODINE,NDA018634,ALCON PHARMS LTD,SOLUTION/DROPS,OPHTHALMIC,Prescription
BETAGAN,LEVOBUNOLOL HYDROCHLORIDE,NDA019219,ALLERGAN,SOLUTION/DROPS,OPHTHALMIC,Prescription
BETAINE,BETAINE,ANDA214864,NOVITIUM PHARMA,FOR SOLUTION,ORAL,Prescription
BETALIN 12,CYANOCOBALAMIN,ANDA080855,LILLY,INJECTABLE,INJECTION,Discontinued
BETALIN S,THIAMINE HYDROCHLORIDE,ANDA080853,LILLY,INJECTABLE,INJECTION,Discontinued
BETAMETHASONE ACETATE AND BETAMETHASONE SODIUM PHOSPHATE,BETAMETHASONE ACETATE; BETAMETHASONE SODIUM PHOSPHATE,ANDA077838,HIKMA,INJECTABLE,INJECTION,Prescription
BETAMETHASONE DIPROPIONATE,BETAMETHASONE DIPROPIONATE,ANDA070274,SHREE HARI INTL,LOTION,TOPICAL,Discontinued
BETAMETHASONE SODIUM PHOSPHATE,BETAMETHASONE SODIUM PHOSPHATE,ANDA085738,WATSON LABS,INJECTABLE,INJECTION,Discontinued
BETAMETHASONE VALERATE,BETAMETHASONE VALERATE,NDA018866,FOUGERA,LOTION,TOPICAL,Prescription
BETAPACE,SOTALOL HYDROCHLORIDE,NDA019865,LEGACY,TABLET,ORAL,Prescription
BETAPACE AF,SOTALOL HYDROCHLORIDE,NDA021151,LEGACY,TABLET,ORAL,Discontinued
BETAPAR,MEPREDNISONE,NDA016053,SCHERING,TABLET,ORAL,Discontinued
BETAPEN-VK,PENICILLIN V POTASSIUM,ANDA061150,BRISTOL,TABLET,ORAL,Discontinued
BETAPRONE,PROPIOLACTONE,NDA011657,FOREST LABS,SOLUTION,IRRIGATION,Discontinued
BETASERON,INTERFERON BETA-1B,BLA103471,BAYER HEALTHCARE PHARMS,VIAL,SUBCUTANEOUS,Prescription
BETATREX,BETAMETHASONE VALERATE,NDA018863,SAVAGE LABS,OINTMENT,TOPICAL,Discontinued
BETAXOLOL HYDROCHLORIDE,BETAXOLOL HYDROCHLORIDE,ANDA075541,EPIC PHARMA,TABLET,ORAL,Prescription
BETAXON,LEVOBETAXOLOL HYDROCHLORIDE,NDA021114,ALCON PHARMS LTD,SUSPENSION/DROPS,OPHTHALMIC,Discontinued
BETHANECHOL CHLORIDE,BETHANECHOL CHLORIDE,ANDA084383,SANDOZ,TABLET,ORAL,Discontinued
BETHKIS,TOBRAMYCIN,NDA201820,CHIESI,SOLUTION,INHALATION,Prescription
BETIMOL,TIMOLOL,NDA020439,THEA PHARMA,SOLUTION/DROPS,OPHTHALMIC,Discontinued
BETOPTIC,BETAXOLOL HYDROCHLORIDE,NDA019270,SANDOZ,SOLUTION/DROPS,OPHTHALMIC,Prescription
BETOPTIC PILO,BETAXOLOL HYDROCHLORIDE; PILOCARPINE HYDROCHLORIDE,NDA020619,ALCON,SUSPENSION/DROPS,OPHTHALMIC,Discontinued
BETOPTIC S,BETAXOLOL HYDROCHLORIDE,NDA019845,NOVARTIS,SUSPENSION/DROPS,OPHTHALMIC,Prescription
BEVESPI AEROSPHERE,FORMOTEROL FUMARATE; GLYCOPYRROLATE,NDA208294,ASTRAZENECA,"AEROSOL, METERED",INHALATION,Prescription
BEVYXXA,BETRIXABAN,NDA208383,PORTOLA PHARMS INC,CAPSULE,ORAL,Discontinued
BEXAROTENE,BEXAROTENE,ANDA203663,HIKMA,CAPSULE,ORAL,Discontinued
BEXTRA,VALDECOXIB,NDA021341,GD SEARLE,TABLET,ORAL,Discontinued
BEYAZ,DROSPIRENONE; ETHINYL ESTRADIOL; LEVOMEFOLATE CALCIUM,NDA022532,BAYER HLTHCARE,TABLET,ORAL,Prescription
BEYFORTUS,NIRSEVIMAB-ALIP,BLA761328,ASTRAZENECA AB,INJECTABLE,INJECTION,Prescription
BIAXIN,CLARITHROMYCIN,NDA050662,ABBVIE,TABLET,ORAL,Discontinued
BIAXIN XL,CLARITHROMYCIN,NDA050697,ABBVIE INC,TABLET,ORAL,Discontinued
BICALUTAMIDE,BICALUTAMIDE,ANDA079045,FRESENIUS KABI USA,TABLET,ORAL,Discontinued
BICILLIN,PENICILLIN G BENZATHINE,NDA050128,WYETH AYERST,TABLET,ORAL,Discontinued
BICILLIN C-R,PENICILLIN G BENZATHINE; PENICILLIN G PROCAINE,NDA050138,KING PHARMS LLC,INJECTABLE,INJECTION,Discontinued
BICILLIN C-R 900/300,PENICILLIN G BENZATHINE; PENICILLIN G PROCAINE,NDA050138,KING PHARMS LLC,INJECTABLE,INJECTION,Prescription
BICILLIN L-A,PENICILLIN G BENZATHINE,NDA050141,KING PHARMS LLC,INJECTABLE,INJECTION,Discontinued
BICNU,CARMUSTINE,NDA017422,AVET LIFESCIENCES,INJECTABLE,INJECTION,Prescription
"BICTEGRAVIR, EMTRICITABINE AND TENOFOVIR ALAFENAMIDE","BICTEGRAVIR, EMTRICITABINE AND TENOFOVIR ALAFENAMIDE",ANDA218766,CIPLA LTD,TABLET,,None (Tentative Approval)
BIDIL,HYDRALAZINE HYDROCHLORIDE; ISOSORBIDE DINITRATE,NDA020727,AZURITY,TABLET,ORAL,Prescription
BIJUVA,ESTRADIOL; PROGESTERONE,NDA210132,MAYNE PHARMA,CAPSULE,ORAL,Prescription
BIKTARVY,BICTEGRAVIR SODIUM; EMTRICITABINE; TENOFOVIR ALAFENAMIDE FUMARATE,NDA210251,GILEAD SCIENCES INC,TABLET,ORAL,Prescription
BILDYOS,DENOSUMAB-NXXP,BLA761444,SHANGHAI HENLIUS BIOTECH,INJECTABLE,INJECTION,Prescription
BILIVIST,IPODATE SODIUM,ANDA087768,BAYER HLTHCARE,CAPSULE,ORAL,Discontinued
BILOPAQUE,TYROPANOATE SODIUM,NDA013731,GE HEALTHCARE,CAPSULE,ORAL,Discontinued
BILPREVDA,DENOSUMAB-NXXP,BLA761444,SHANGHAI HENLIUS BIOTECH,INJECTABLE,INJECTION,Prescription
BILTRICIDE,PRAZIQUANTEL,NDA018714,BAYER HLTHCARE,TABLET,ORAL,Discontinued
BIMATOPROST,BIMATOPROST,ANDA202565,SANDOZ,SOLUTION/DROPS,OPHTHALMIC,Prescription
BIMZELX,BIMEKIZUMAB-BKZX,BLA761151,UCB INC,INJECTABLE,INJECTION,Prescription
BINIMETINIB,BINIMETINIB,ANDA217509,"TEVA PHARMACEUTICALS USA, INC.",TABLET,,None (Tentative Approval)
BINOSTO,ALENDRONATE SODIUM,NDA202344,RADIUS,"TABLET, EFFERVESCENT",ORAL,Discontinued
BIO-TROPIN,SOMATROPIN,BLA019774,FERRING,INJECTABLE,INJECTION,Discontinued
BIORPHEN,PHENYLEPHRINE HYDROCHLORIDE,NDA212909,DR REDDYS LABS SA,SOLUTION,INTRAVENOUS,Discontinued
BIOSCRUB,CHLORHEXIDINE GLUCONATE,NDA019822,GRIFFEN,SPONGE,TOPICAL,Over-the-counter
BIPHETAMINE 12.5,AMPHETAMINE RESIN COMPLEX; DEXTROAMPHETAMINE RESIN COMPLEX,NDA010093,UCB INC,"CAPSULE, EXTENDED RELEASE",ORAL,Discontinued
BIPHETAMINE 20,AMPHETAMINE RESIN COMPLEX; DEXTROAMPHETAMINE RESIN COMPLEX,NDA010093,UCB INC,"CAPSULE, EXTENDED RELEASE",ORAL,Discontinued
BIPHETAMINE 7.5,AMPHETAMINE RESIN COMPLEX; DEXTROAMPHETAMINE RESIN COMPLEX,NDA010093,UCB INC,"CAPSULE, EXTENDED RELEASE",ORAL,Discontinued
"BISMUTH SUBCITRATE POTASSIUM, METRONIDAZOLE AND TETRACYCLINE HYDROCHLORIDE",BISMUTH SUBCITRATE POTASSIUM; METRONIDAZOLE; TETRACYCLINE HYDROCHLORIDE,ANDA217511,INGENUS PHARMS LLC,CAPSULE,ORAL,Prescription
"BISMUTH SUBSALICYLATE, METRONIDAZOLE AND TETRACYCLINE HYDROCHLORIDE",BISMUTH SUBSALICYLATE; METRONIDAZOLE; TETRACYCLINE HYDROCHLORIDE,ANDA202584,AILEX PHARMS LLC,"TABLET, CHEWABLE, TABLET, CAPSULE",ORAL,Prescription
BISOPROLOL FUMARATE,BISOPROLOL FUMARATE,ANDA218303,MICRO LABS,TABLET,ORAL,Prescription
BISOPROLOL FUMARATE AND HYDROCHLOROTHIAZIDE,BISOPROLOL FUMARATE; HYDROCHLOROTHIAZIDE,ANDA215666,CADILA,TABLET,ORAL,Prescription
BIVALIRUDIN,BIVALIRUDIN,ANDA206551,ACCORD HLTHCARE,INJECTABLE,INTRAVENOUS,Prescription
BIVALIRUDIN IN 0.9% SODIUM CHLORIDE,BIVALIRUDIN,NDA208374,BAXTER HLTHCARE CORP,SOLUTION,INTRAVENOUS,Discontinued
BIZENGRI,ZENOCUTUZUMAB-ZBCO,BLA761352,MERUS N.V.,INJECTION,SOLUTION,Prescription
BKEMV,ECULIZUMAB-AEEB,BLA761333,AMGEN INC,INJECTABLE,INJECTION,Prescription
BLENOXANE,BLEOMYCIN SULFATE,NDA050443,BRISTOL MYERS SQUIBB,INJECTABLE,INJECTION,Discontinued
BLENREP,BELANTAMAB MAFODOTIN-BLMF,BLA761440,GLAXOSMITHKLINE LLC,INJECTABLE,INJECTION,Prescription
BLEOMYCIN SULFATE,BLEOMYCIN SULFATE,ANDA065031,HOSPIRA,INJECTABLE,INJECTION,Prescription
BLEPH-10,SULFACETAMIDE SODIUM,ANDA084015,ALLERGAN,OINTMENT,OPHTHALMIC,Discontinued
BLEPH-30,SULFACETAMIDE SODIUM,ANDA080028,ALLERGAN,SOLUTION/DROPS,OPHTHALMIC,Discontinued
BLEPHAMIDE,PREDNISOLONE ACETATE; SULFACETAMIDE SODIUM,NDA012813,ALLERGAN,SUSPENSION,OPHTHALMIC,Discontinued
BLEPHAMIDE S.O.P.,PREDNISOLONE ACETATE; SULFACETAMIDE SODIUM,ANDA087748,ALLERGAN,OINTMENT,OPHTHALMIC,Discontinued
BLINCYTO,BLINATUMOMAB,BLA125557,AMGEN,INJECTABLE,INJECTION,Prescription
BLISOVI 24 FE,ETHINYL ESTRADIOL; NORETHINDRONE ACETATE,ANDA091398,LUPIN,TABLET,ORAL,Prescription
BLISOVI FE 1.5/30,ETHINYL ESTRADIOL; NORETHINDRONE ACETATE,ANDA201585,LUPIN,TABLET,ORAL-28,Prescription
BLISOVI FE 1/20,ETHINYL ESTRADIOL; NORETHINDRONE ACETATE,ANDA201584,LUPIN,TABLET,ORAL-28,Prescription
BLOCADREN,TIMOLOL MALEATE,NDA018017,MERCK,TABLET,ORAL,Discontinued
BLOXIVERZ,NEOSTIGMINE METHYLSULFATE,NDA204078,EXELA PHARMA,SOLUTION,INTRAVENOUS,Discontinued
BLUDIGO,INDIGOTINDISULFONATE SODIUM,NDA216264,PROVEPHARM SAS,SOLUTION,INTRAVENOUS,Prescription
BLUJEPA,GEPOTIDACIN MESYLATE,NDA218230,GLAXOSMITHKLINE,TABLET,ORAL,Prescription
BOMYNTRA,DENOSUMAB-BNHT,BLA761398,FRESENIUS KABI USA LLC,INJECTION,,Prescription
BONCRESA,DENOSUMAB-MOBZ,BLA761456,AMNEAL PHARMS LLC,INJECTABLE,SUBCUTANEOUS,Prescription
BONDLIDO,LIDOCAINE,NDA215029,MEDRX USA,SYSTEM,TOPICAL,Prescription
BONIVA,IBANDRONATE SODIUM,NDA021858,ROCHE,INJECTABLE,INTRAVENOUS,Discontinued
BONJESTA,DOXYLAMINE SUCCINATE; PYRIDOXINE HYDROCHLORIDE,NDA209661,DUCHESNAY,"TABLET, EXTENDED RELEASE",ORAL,Prescription
BONSITY,TERIPARATIDE,NDA211939,ALVOGEN,SOLUTION,SUBCUTANEOUS,Prescription
BONTRIL,PHENDIMETRAZINE TARTRATE,ANDA088021,VALEANT,"CAPSULE, EXTENDED RELEASE",ORAL,Discontinued
BONTRIL PDM,PHENDIMETRAZINE TARTRATE,ANDA085272,BAUSCH,TABLET,ORAL,Prescription
BOROFAIR,"ACETIC ACID, GLACIAL; ALUMINUM ACETATE",ANDA088606,PHARMAFAIR,SOLUTION/DROPS,OTIC,Discontinued
BORTEZOMIB,BORTEZOMIB,ANDA205857,TEVA PHARMS USA,INJECTABLE,"INTRAVENOUS, SUBCUTANEOUS",Discontinued
BOSAYA,DENOSUMAB-KYQQ,BLA761436,BIOCON BIOLOGICS INC,INJECTABLE,INJECTION,Prescription
BOSENTAN,BOSENTAN,ANDA207110,WATSON LABS INC,TABLET,ORAL,Prescription
BOSULIF,BOSUTINIB MONOHYDRATE,NDA217729,PF PRISM CV,CAPSULE,ORAL,Prescription
BOSUTINIB,BOSUTINIB MONOHYDRATE,ANDA209624,MSN,TABLET,FILM COATED,None (Tentative Approval)
BOSUTINIB MONOHYDRATE,BOSUTINIB MONOHYDRATE,ANDA209624,MSN,TABLET,ORAL,Prescription
BOTOX,OnabotulinumtoxinA,BLA103000,ALLERGAN,VIAL,SINGLE-USE,Prescription
BOTOX COSMETIC,OnabotulinumtoxinA,BLA103000,ALLERGAN,VIAL,SINGLE-USE,Prescription
BRAFTOVI,ENCORAFENIB,NDA210496,ARRAY BIOPHARMA INC,CAPSULE,ORAL,Discontinued
BRANCHAMIN 4%,AMINO ACIDS,NDA018678,BAXTER HLTHCARE,INJECTABLE,INJECTION,Discontinued
BRANCHAMIN 4% IN PLASTIC CONTAINER,AMINO ACIDS,NDA018684,BAXTER HLTHCARE,INJECTABLE,INJECTION,Discontinued
BRAVELLE,UROFOLLITROPIN,BLA021484,FERRING,Injectable,Subcutaneous,Prescription
BREATHTEK UBT FOR H-PYLORI,UREA C-13,NDA020586,OTSUKA AMERICA,FOR SOLUTION,ORAL,Discontinued
BREKIYA (AUTOINJECTOR),DIHYDROERGOTAMINE MESYLATE,NDA215400,AMNEAL,SOLUTION,SUBCUTANEOUS,Prescription
BRENZAVVY,BEXAGLIFLOZIN,NDA214373,THERACOSBIO,TABLET,ORAL,Prescription
BREO ELLIPTA,FLUTICASONE FUROATE; VILANTEROL TRIFENATATE,NDA204275,GLAXO GRP LTD,POWDER,INHALATION,Prescription
BRETHAIRE,TERBUTALINE SULFATE,NDA018762,NOVARTIS,"AEROSOL, METERED",INHALATION,Discontinued
BRETHINE,TERBUTALINE SULFATE,NDA017849,ANI PHARMS,TABLET,ORAL,Prescription
BRETYLIUM TOSYLATE,BRETYLIUM TOSYLATE,ANDA204386,BRECKENRIDGE,INJECTABLE,INJECTION,Discontinued
BRETYLIUM TOSYLATE IN DEXTROSE 5%,BRETYLIUM TOSYLATE,NDA019005,ABBOTT,INJECTABLE,INJECTION,Discontinued
BRETYLIUM TOSYLATE IN DEXTROSE 5% IN PLASTIC CONTAINER,BRETYLIUM TOSYLATE,NDA019008,HOSPIRA INC,INJECTABLE,INJECTION,Discontinued
BRETYLOL,BRETYLIUM TOSYLATE,NDA017954,HOSPIRA,INJECTABLE,INJECTION,Discontinued
BREVIBLOC,ESMOLOL HYDROCHLORIDE,NDA019386,BAXTER HLTHCARE,INJECTABLE,INJECTION,Prescription
BREVIBLOC DOUBLE STRENGTH IN PLASTIC CONTAINER,ESMOLOL HYDROCHLORIDE,NDA019386,BAXTER HLTHCARE,INJECTABLE,INJECTION,Prescription
BREVIBLOC IN PLASTIC CONTAINER,ESMOLOL HYDROCHLORIDE,NDA019386,BAXTER HLTHCARE,INJECTABLE,INJECTION,Prescription
BREVICON 21-DAY,ETHINYL ESTRADIOL; NORETHINDRONE,NDA017566,ALLERGAN,TABLET,ORAL-21,Discontinued
BREVICON 28-DAY,ETHINYL ESTRADIOL; NORETHINDRONE,NDA017743,ALLERGAN,TABLET,ORAL-28,Discontinued
BREVITAL SODIUM,METHOHEXITAL SODIUM,NDA011559,PH HEALTH,INJECTABLE,INJECTION,Discontinued
BREXAFEMME,IBREXAFUNGERP CITRATE,NDA214900,GLAXOSMITHKLINE,TABLET,ORAL,Prescription
BREXPIPRAZOLE,BREXPIPRAZOLE,ANDA213740,MSN PHARMS INC,TABLET,ORAL,None (Tentative Approval)
BREYNA,BUDESONIDE; FORMOTEROL FUMARATE DIHYDRATE,ANDA211699,MYLAN,"AEROSOL, METERED",INHALATION,Prescription
BREZTRI AEROSPHERE,BUDESONIDE; FORMOTEROL FUMARATE; GLYCOPYRROLATE,NDA212122,ASTRAZENECA AB,"AEROSOL, METERED",INHALATION,Prescription
BRIAN CARE,CHLORHEXIDINE GLUCONATE,ANDA071419,SOAPCO,SOLUTION,TOPICAL,Discontinued
BRICANYL,TERBUTALINE SULFATE,NDA017618,SANOFI AVENTIS US,TABLET,ORAL,Discontinued
BRIDION,SUGAMMADEX SODIUM,NDA022225,MSD SUB MERCK,SOLUTION,INTRAVENOUS,Prescription
BRIELLYN,ETHINYL ESTRADIOL; NORETHINDRONE,ANDA090538,GLENMARK PHARMS LTD,TABLET,ORAL-28,Prescription
BRILINTA,TICAGRELOR,NDA022433,ASTRAZENECA,TABLET,ORAL,Prescription
BRIMONIDINE TARTRATE,BRIMONIDINE TARTRATE,ANDA076260,BAUSCH AND LOMB INC,SOLUTION/DROPS,OPHTHALMIC,Prescription
BRIMONIDINE TARTRATE AND TIMOLOL MALEATE,BRIMONIDINE TARTRATE; TIMOLOL MALEATE,ANDA091086,SENTISS,SOLUTION/DROPS,OPHTHALMIC,Prescription
BRIMONIDINE TARTRATE; TIMOLOL MALEATE,BRIMONIDINE TARTRATE; TIMOLOL MALEATE,ANDA091574,ALCON,SOLUTION,OPHTHALMIC,None (Tentative Approval)
BRINEURA,CERLIPONASE ALFA,BLA761052,BIOMARIN PHARM,INJECTABLE,INJECTION,Prescription
BRINSUPRI,BRENSOCATIB,NDA217673,INSMED INC,TABLET,ORAL,Prescription
BRINZOLAMIDE,BRINZOLAMIDE,ANDA204884,BAUSCH AND LOMB,SUSPENSION/DROPS,OPHTHALMIC,Prescription
BRINZOLAMIDE; BRIMONIDINE TARTRATE,BRIMONIDINE TARTRATE; BRINZOLAMIDE,ANDA212137,PERRIGO PHARMA INTERNATIONAL DAC,SUSPENSION/DROPS,OPHTHALMIC,None (Tentative Approval)
BRISDELLE,PAROXETINE MESYLATE,NDA204516,LEGACY,CAPSULE,ORAL,Prescription
BRISTACYCLINE,TETRACYCLINE HYDROCHLORIDE,ANDA061888,BRISTOL,CAPSULE,ORAL,Discontinued
BRISTAGEN,GENTAMICIN SULFATE,ANDA062288,BRISTOL,INJECTABLE,INJECTION,Discontinued
BRISTAMYCIN,ERYTHROMYCIN STEARATE,ANDA061304,BRISTOL,TABLET,ORAL,Discontinued
BRIUMVI,UBLITUXIMAB-XIIY,BLA761238,"TG THERAPEUTICS, INC",INJECTABLE,INTRAVENOUS,Prescription
BRIVARACETAM,BRIVARACETAM,ANDA218249,HAINAN POLY,SOLUTION,INTRAVENOUS,Prescription
BRIVIACT,BRIVARACETAM,NDA205837,UCB INC,SOLUTION,INTRAVENOUS,Prescription
BRIXADI,BUPRENORPHINE,NDA210136,BRAEBURN,"SOLUTION, EXTENDED RELEASE",SUBCUTANEOUS,Prescription
BROMANATE DM,BROMPHENIRAMINE MALEATE; DEXTROMETHORPHAN HYDROBROMIDE; PSEUDOEPHEDRINE HYDROCHLORIDE,ANDA088722,ALPHARMA US PHARMS,SYRUP,ORAL,Discontinued
BROMANYL,BROMODIPHENHYDRAMINE HYDROCHLORIDE; CODEINE PHOSPHATE,ANDA088343,ALPHARMA US PHARMS,SYRUP,ORAL,Discontinued
BROMDAY,BROMFENAC SODIUM,NDA021664,BAUSCH AND LOMB INC,SOLUTION/DROPS,OPHTHALMIC,Discontinued
BROMFED-DM,BROMPHENIRAMINE MALEATE; DEXTROMETHORPHAN HYDROBROMIDE; PSEUDOEPHEDRINE HYDROCHLORIDE,ANDA088811,PHARMOBEDIENT,SYRUP,ORAL,Discontinued
BROMFENAC SODIUM,BROMFENAC SODIUM,ANDA202030,J MOLNER,SOLUTION/DROPS,OPHTHALMIC,Discontinued
BROMOCRIPTINE MESYLATE,BROMOCRIPTINE MESYLATE,ANDA077646,PADAGIS US,TABLET,ORAL,Prescription
BROMODIPHENHYDRAMINE HYDROCHLORIDE AND CODEINE PHOSPHATE,BROMODIPHENHYDRAMINE HYDROCHLORIDE; CODEINE PHOSPHATE,ANDA088626,WOCKHARDT,SYRUP,ORAL,Discontinued
BROMPHENIRAMINE MALEATE,BROMPHENIRAMINE MALEATE,ANDA085521,PHOENIX LABS NY,Tablet,Oral,Prescription
"BROMPHENIRAMINE MALEATE, PSEUDOEPHEDRINE HYDROCHLORIDE AND DEXTROMETHORPHAN HYDROBROMIDE",BROMPHENIRAMINE MALEATE; DEXTROMETHORPHAN HYDROBROMIDE; PSEUDOEPHEDRINE HYDROCHLORIDE,ANDA207676,DR REDDYS LABS SA,SYRUP,ORAL,Prescription
BROMPHERIL,DEXBROMPHENIRAMINE MALEATE; PSEUDOEPHEDRINE SULFATE,ANDA089116,COPLEY PHARM,"TABLET, EXTENDED RELEASE",ORAL,Discontinued
BROMSITE,BROMFENAC SODIUM,NDA206911,SUN PHARM,SOLUTION/DROPS,OPHTHALMIC,Prescription
BRONCHITOL,MANNITOL,NDA202049,PHARMAXIS EUROPE,POWDER,INHALATION,Prescription
BRONCHO SALINE,SODIUM CHLORIDE,NDA019912,BLAIREX,"AEROSOL, METERED",INHALATION,Discontinued
BRONITIN MIST,EPINEPHRINE BITARTRATE,NDA016126,WYETH CONS,"AEROSOL, METERED",INHALATION,Discontinued
BRONKAID MIST,EPINEPHRINE,NDA016803,STERLING,"AEROSOL, METERED",INHALATION,Discontinued
BRONKODYL,THEOPHYLLINE,ANDA085264,SANOFI AVENTIS US,CAPSULE,ORAL,Discontinued
BRONKOMETER,ISOETHARINE MESYLATE,NDA012339,SANOFI AVENTIS US,"AEROSOL, METERED",INHALATION,Discontinued
BRONKOSOL,ISOETHARINE HYDROCHLORIDE,NDA012339,SANOFI AVENTIS US,SOLUTION,INHALATION,Discontinued
BROVANA,ARFORMOTEROL TARTRATE,NDA021912,LUPIN,SOLUTION,INHALATION,Discontinued
BRUKINSA,ZANUBRUTINIB,NDA213217,BEONE MEDICINES USA,CAPSULE,ORAL,Discontinued
BRYHALI,HALOBETASOL PROPIONATE,NDA209355,BAUSCH,LOTION,TOPICAL,Prescription
BRYNOVIN,SITAGLIPTIN HYDROCHLORIDE,NDA219122,AZURITY,SOLUTION,ORAL,Prescription
BRYREL,PIPERAZINE CITRATE,NDA017796,SANOFI AVENTIS US,SYRUP,ORAL,Discontinued
BSS,CALCIUM CHLORIDE; MAGNESIUM CHLORIDE; POTASSIUM CHLORIDE; SODIUM ACETATE; SODIUM CHLORIDE; SODIUM CITRATE,NDA020742,ALCON,SOLUTION,IRRIGATION,Prescription
BSS PLUS,CALCIUM CHLORIDE; DEXTROSE; GLUTATHIONE DISULFIDE; MAGNESIUM CHLORIDE; POTASSIUM CHLORIDE; SODIUM BICARBONATE; SODIUM CHLORIDE; SODIUM PHOSPHATE,NDA018469,ALCON,SOLUTION,IRRIGATION,Prescription
BUCAPSOL,BUSPIRONE HYDROCHLORIDE,ANDA218628,EPIC PHARMA LLC,CAPSULE,ORAL,Prescription
BUCET,ACETAMINOPHEN; BUTALBITAL,ANDA088991,MALLINCKRODT,CAPSULE,ORAL,Discontinued
BUCLADIN-S,BUCLIZINE HYDROCHLORIDE,NDA010911,STUART PHARMS,TABLET,ORAL,Discontinued
BUDESONIDE,BUDESONIDE,ANDA090410,AUROBINDO PHARMA USA,"CAPSULE, DELAYED RELEASE",ORAL,Prescription
BUDESONIDE AND FORMOTEROL FUMARATE DIHYDRATE,BUDESONIDE; FORMOTEROL FUMARATE DIHYDRATE,ANDA212212,TEVA PHARMS USA INC,"AEROSOL, METERED",INHALATION,Prescription
BUMETANIDE,BUMETANIDE,ANDA202900,ZYDUS PHARMS,TABLET,ORAL,Prescription
BUMEX,BUMETANIDE,NDA018226,VALIDUS PHARMS,INJECTABLE,INJECTION,Discontinued
BUNAVAIL,BUPRENORPHINE HYDROCHLORIDE; NALOXONE HYDROCHLORIDE,NDA205637,BDSI,FILM,BUCCAL,Discontinued
BUPHENYL,SODIUM PHENYLBUTYRATE,NDA020573,HORIZON THERAP US,POWDER,ORAL,Discontinued
BUPIVACAINE HYDROCHLORIDE,BUPIVACAINE HYDROCHLORIDE,ANDA070587,HOSPIRA,INJECTABLE,INJECTION,Discontinued
BUPIVACAINE HYDROCHLORIDE AND EPINEPHRINE,BUPIVACAINE HYDROCHLORIDE; EPINEPHRINE,ANDA071167,HOSPIRA,INJECTABLE,INJECTION,Prescription
BUPIVACAINE HYDROCHLORIDE AND EPINEPHRINE,BUPIVACAINE HYDROCHLORIDE; EPINEPHRINE BITARTRATE,NDA022046,HOSPIRA,INJECTABLE,INJECTION,Discontinued
BUPIVACAINE HYDROCHLORIDE KIT,BUPIVACAINE HYDROCHLORIDE,NDA019978,HOSPIRA,INJECTABLE,INJECTION,Discontinued
BUPIVACAINE HYDROCHLORIDE PRESERVATIVE FREE,BUPIVACAINE HYDROCHLORIDE,ANDA204842,HIKMA PHARMS,INJECTABLE,INJECTION,Prescription
BUPIVACAINE LIPOSOME,BUPIVACAINE,ANDA214348,HENGRUI PHARMA,"INJECTABLE, LIPOSOMAL",INJECTION,Discontinued
BUPRENEX,BUPRENORPHINE HYDROCHLORIDE,NDA018401,INDIVIOR,INJECTABLE,INJECTION,Discontinued
BUPRENORPHINE,BUPRENORPHINE,ANDA210272,DIFGEN PHARMS,"FILM, EXTENDED RELEASE",TRANSDERMAL,Prescription
BUPRENORPHINE HYDROCHLORIDE,BUPRENORPHINE HYDROCHLORIDE,ANDA078331,AM REGENT,INJECTABLE,INJECTION,Discontinued
BUPRENORPHINE HYDROCHLORIDE AND NALOXONE HYDROCHLORIDE,BUPRENORPHINE HYDROCHLORIDE; NALOXONE HYDROCHLORIDE,ANDA206953,DR REDDYS LABS SA,TABLET,SUBLINGUAL,Discontinued
BUPRENORPHINE HYDROCHLORIDE; NALOXONE HYDROCHLORIDE,BUPRENORPHINE HYDROCHLORIDE; NALOXONE HYDROCHLORIDE,ANDA204383,ACTAVIS LABS UT INC,FILM,"BUCCAL, SUBLINGUAL",None (Tentative Approval)
BUPROPION HYDROBROMIDE,BUPROPION HYDROBROMIDE,ANDA200835,WATSON LABS INC,"TABLET, EXTENDED RELEASE",ORAL,None (Tentative Approval)
BUPROPION HYDROCHLORIDE,BUPROPION HYDROCHLORIDE,ANDA206556,INVAGEN PHARMS,"TABLET, EXTENDED RELEASE",ORAL,Discontinued
BUSPAR,BUSPIRONE HYDROCHLORIDE,NDA018731,BRISTOL MYERS SQUIBB,TABLET,ORAL,Discontinued
BUSPIRONE HYDROCHLORIDE,BUSPIRONE HYDROCHLORIDE,ANDA075022,TEVA,TABLET,ORAL,Prescription
BUSULFAN,BUSULFAN,ANDA202259,AM REGENT,INJECTABLE,INJECTION,Discontinued
BUSULFEX,BUSULFAN,NDA020954,OTSUKA PHARM,INJECTABLE,INJECTION,Prescription
BUTABARB,BUTABARBITAL SODIUM,ANDA085873,ALPHARMA US PHARMS,ELIXIR,ORAL,Discontinued
BUTABARBITAL,BUTABARBITAL SODIUM,ANDA085550,BUNDY,TABLET,ORAL,Discontinued
BUTABARBITAL SODIUM,BUTABARBITAL SODIUM,ANDA083897,SOLVAY,TABLET,ORAL,Discontinued
BUTALAN,BUTABARBITAL SODIUM,ANDA085880,LANNETT,ELIXIR,ORAL,Discontinued
BUTALBITAL AND ACETAMINOPHEN,ACETAMINOPHEN; BUTALBITAL,ANDA207386,ANDA REPOSITORY,TABLET,ORAL,Prescription
"BUTALBITAL, ACETAMINOPHEN AND CAFFEINE",ACETAMINOPHEN; BUTALBITAL; CAFFEINE,ANDA087629,GILBERT LABS,TABLET,ORAL,Discontinued
"BUTALBITAL, ACETAMINOPHEN, CAFFEINE AND CODEINE PHOSPHATE",ACETAMINOPHEN; BUTALBITAL; CAFFEINE; CODEINE PHOSPHATE,ANDA076528,ABLE,CAPSULE,ORAL,Discontinued
"BUTALBITAL, ASPIRIN AND CAFFEINE",ASPIRIN; BUTALBITAL; CAFFEINE,ANDA086231,WATSON LABS,CAPSULE,ORAL,Discontinued
"BUTALBITAL, ASPIRIN, CAFFEINE, AND CODEINE PHOSPHATE",ASPIRIN; BUTALBITAL; CAFFEINE; CODEINE PHOSPHATE,ANDA075231,LGM PHARMA,CAPSULE,ORAL,Prescription
BUTALBITAL; ACETAMINOPHEN; CAFFEINE; CODEINE,ACETAMINOPHEN; BUTALBITAL; CAFFEINE; CODEINE PHOSPHATE,ANDA076528,ABLE,Capsule,Oral,Prescription
BUTAPAP,ACETAMINOPHEN; BUTALBITAL,ANDA089987,MIKART,TABLET,ORAL,Prescription
BUTAZOLIDIN,PHENYLBUTAZONE,NDA008319,NOVARTIS,CAPSULE,ORAL,Discontinued
BUTENAFINE HYDROCHLORIDE,BUTENAFINE HYDROCHLORIDE,ANDA205181,SUN PHARMA CANADA,CREAM,TOPICAL,Over-the-counter
BUTICAPS,BUTABARBITAL SODIUM,ANDA085381,MEDPOINTE PHARM HLC,CAPSULE,ORAL,Discontinued
BUTISOL SODIUM,BUTABARBITAL SODIUM,ANDA085380,MEDA PHARMS,ELIXIR,ORAL,Discontinued
BUTOCONAZOLE NITRATE,BUTOCONAZOLE NITRATE,NDA019881,PADAGIS US,CREAM,VAGINAL,Discontinued
BUTORPHANOL TARTRATE,BUTORPHANOL TARTRATE,ANDA075759,RISING,"SPRAY, METERED",NASAL,Discontinued
BUTORPHANOL TARTRATE PRESERVATIVE FREE,BUTORPHANOL TARTRATE,ANDA074626,HOSPIRA,INJECTABLE,INJECTION,Prescription
BUTRANS,BUPRENORPHINE,NDA021306,KNOA PHARMA,"FILM, EXTENDED RELEASE",TRANSDERMAL,Prescription
BYDUREON,EXENATIDE SYNTHETIC,NDA022200,ASTRAZENECA AB,"FOR SUSPENSION, EXTENDED RELEASE",SUBCUTANEOUS,Discontinued
BYDUREON BCISE,EXENATIDE SYNTHETIC,NDA209210,ASTRAZENECA AB,"SUSPENSION, EXTENDED RELEASE",SUBCUTANEOUS,Discontinued
BYDUREON PEN,EXENATIDE SYNTHETIC,NDA022200,ASTRAZENECA AB,"FOR SUSPENSION, EXTENDED RELEASE",SUBCUTANEOUS,Discontinued
BYETTA,EXENATIDE SYNTHETIC,NDA021773,ASTRAZENECA AB,INJECTABLE,SUBCUTANEOUS,Discontinued
BYFAVO,REMIMAZOLAM BESYLATE,NDA212295,ACACIA,POWDER,INTRAVENOUS,Prescription
BYLVAY,ODEVIXIBAT,NDA215498,IPSEN,CAPSULE,ORAL,Prescription
BYNFEZIA PEN,OCTREOTIDE ACETATE,NDA213224,SUN PHARM,SOLUTION,SUBCUTANEOUS,Prescription
BYOOVIZ,RANIBIZUMAB-NUNA,BLA761202,SAMSUNG BIOEPIS CO LTD,INJECTABLE,INJECTION,Prescription
BYQLOVI,CLOBETASOL PROPIONATE,NDA218158,HARROW EYE,SUSPENSION/DROPS,OPHTHALMIC,Prescription
BYSANTI,MILSAPERIDONE,NDA220358,VANDA PHARMS INC,TABLET,ORAL,Prescription
BYSTOLIC,NEBIVOLOL HYDROCHLORIDE,NDA021742,ALLERGAN,TABLET,ORAL,Prescription
BYVALSON,NEBIVOLOL HYDROCHLORIDE; VALSARTAN,NDA206302,ABBVIE,TABLET,ORAL,Discontinued
C-SOLVE-2,ERYTHROMYCIN,ANDA062751,IVAX SUB TEVA PHARMS,SWAB,TOPICAL,Discontinued
CABAZITAXEL,CABAZITAXEL,NDA207937,FRESENIUS KABI USA,INJECTABLE,INJECTION,None (Tentative Approval)
CABENUVA KIT,CABOTEGRAVIR; RILPIVIRINE,NDA212888,VIIV HLTHCARE,"SUSPENSION, EXTENDED RELEASE",INTRAMUSCULAR,Prescription
CABERGOLINE,CABERGOLINE,ANDA218109,SOMERSET THERAPS LLC,TABLET,ORAL,Prescription
CABLIVI,CAPLACIZUMAB-YHDP,BLA761112,ABLYNX NV,INJECTABLE,INJECTION,Prescription
CABOMETYX,CABOZANTINIB S-MALATE,NDA208692,EXELIXIS INC,TABLET,ORAL,Prescription
CABOZANTINIB,CABOZANTINIB,ANDA215942,TEVA PHARMS INC,TABLET,ORAL,Prescription
CABOZANTINIB S-MALATE,CABOZANTINIB S-MALATE,ANDA213878,MSN,TABLET,ORAL,Prescription
CABTREO,ADAPALENE; BENZOYL PEROXIDE; CLINDAMYCIN PHOSPHATE,NDA216632,BAUSCH,GEL,TOPICAL,Prescription
CADUET,AMLODIPINE BESYLATE; ATORVASTATIN CALCIUM,NDA021540,PHARMACIA,TABLET,ORAL,Prescription
CAFCIT,CAFFEINE CITRATE,NDA020793,HIKMA,SOLUTION,INTRAVENOUS,Prescription
CAFERGOT,CAFFEINE; ERGOTAMINE TARTRATE,ANDA084294,CHARTWELL RX,TABLET,ORAL,Discontinued
CAFFEINE CITRATE,CAFFEINE CITRATE,ANDA207400,MICRO LABS,SOLUTION,INTRAVENOUS,Prescription
CALAN,VERAPAMIL HYDROCHLORIDE,NDA019038,GD SEARLE LLC,INJECTABLE,INJECTION,Discontinued
CALAN SR,VERAPAMIL HYDROCHLORIDE,NDA019152,PFIZER,"TABLET, EXTENDED RELEASE",ORAL,Discontinued
CALCIBIND,CELLULOSE SODIUM PHOSPHATE,NDA018757,MISSION PHARMA,POWDER,ORAL,Discontinued
CALCIJEX,CALCITRIOL,NDA018874,ABBVIE,INJECTABLE,INJECTION,Discontinued
CALCIMAR,CALCITONIN SALMON,NDA017769,SANOFI AVENTIS US,INJECTABLE,INJECTION,Discontinued
CALCIPARINE,HEPARIN CALCIUM,NDA018237,SANOFI AVENTIS US,INJECTABLE,INJECTION,Discontinued
CALCIPOTRIENE,CALCIPOTRIENE,ANDA077029,CHARTWELL RX,SOLUTION,TOPICAL,Discontinued
CALCIPOTRIENE AND BETAMETHASONE DIPROPIONATE,BETAMETHASONE DIPROPIONATE; CALCIPOTRIENE,ANDA210765,COSETTE PHARMS NC,SUSPENSION,TOPICAL,Prescription
CALCIPOTRIENE AND BETHAMETHASONE DIPROPIONATE,BETAMETHASONE DIPROPIONATE; CALCIPOTRIENE,ANDA212367,PADAGIS ISRAEL,SUSPENSION,TOPICAL,Discontinued
CALCITONIN-SALMON,CALCITONIN SALMON,ANDA212675,FRESENIUS KABI USA,INJECTABLE,INJECTION,Prescription
CALCITRIOL,CALCITRIOL,ANDA203973,ANDA REPOSITORY,SOLUTION,ORAL,Prescription
CALCIUM ACETATE,CALCIUM ACETATE,ANDA201658,AMNEAL PHARMS,CAPSULE,ORAL,Discontinued
CALCIUM CHLORIDE 10%,CALCIUM CHLORIDE,ANDA203477,INTL MEDICATION SYS,INJECTABLE,INJECTION,Prescription
CALCIUM CHLORIDE 10% IN PLASTIC CONTAINER,CALCIUM CHLORIDE,NDA021117,HOSPIRA,INJECTABLE,INJECTION,Prescription
CALCIUM DISODIUM VERSENATE,EDETATE CALCIUM DISODIUM,NDA008922,BAUSCH,INJECTABLE,INJECTION,Discontinued
CALCIUM GLUCEPTATE,CALCIUM GLUCEPTATE,ANDA083159,ABBOTT,INJECTABLE,INJECTION,Discontinued
CALCIUM GLUCONATE,CALCIUM GLUCONATE,ANDA216541,B BRAUN MEDICAL,SOLUTION,INTRAVENOUS,Prescription
CALCIUM GLUCONATE IN SODIUM CHLORIDE,CALCIUM GLUCONATE,ANDA219619,SAGENT,SOLUTION,INTRAVENOUS,Prescription
CALDEROL,CALCIFEDIOL,NDA018312,ORGANON USA INC,CAPSULE,ORAL,Discontinued
CALDOLOR,IBUPROFEN,NDA022348,APOTEX,SOLUTION,INTRAVENOUS,Prescription
CALMURID HC,HYDROCORTISONE; UREA,ANDA083947,PHARMACIA AND UPJOHN,CREAM,TOPICAL,Discontinued
CALOMIST,CYANOCOBALAMIN,NDA022102,PH HEALTH,"SPRAY, METERED",NASAL,Discontinued
CALQUENCE,ACALABRUTINIB,NDA210259,ASTRAZENECA,CAPSULE,ORAL,Prescription
CALQUENCE,ACALABRUTINIB MALEATE,NDA216387,ASTRAZENECA,TABLET,ORAL,Prescription
CAM-AP-ES,HYDRALAZINE HYDROCHLORIDE; HYDROCHLOROTHIAZIDE; RESERPINE,ANDA084897,CHARTWELL RX,TABLET,ORAL,Discontinued
CAM-METRAZINE,PHENDIMETRAZINE TARTRATE,ANDA085320,CHARTWELL RX,TABLET,ORAL,Discontinued
CAMBIA,DICLOFENAC POTASSIUM,NDA022165,COSETTE,FOR SOLUTION,ORAL,Prescription
CAMCEVI ETM,LEUPROLIDE MESYLATE,NDA219745,ACCORD,EMULSION,SUBCUTANEOUS,Prescription
CAMCEVI KIT,LEUPROLIDE MESYLATE,NDA211488,ACCORD,EMULSION,SUBCUTANEOUS,Prescription
CAMILA,NORETHINDRONE,ANDA076177,DR REDDYS LABS SA,TABLET,ORAL-28,Prescription
CAMOQUIN HYDROCHLORIDE,AMODIAQUINE HYDROCHLORIDE,NDA006441,PARKE DAVIS,TABLET,ORAL,Discontinued
CAMPATH,ALEMTUZUMAB,BLA103948,GENZYME,VIAL,INTRAVENOUS,Prescription
CAMPRAL,ACAMPROSATE CALCIUM,NDA021431,FOREST LABS,"TABLET, DELAYED RELEASE",ORAL,Discontinued
CAMPTOSAR,IRINOTECAN HYDROCHLORIDE,NDA020571,PFIZER INC,INJECTABLE,INJECTION,Prescription
CAMZYOS,MAVACAMTEN,NDA214998,BRISTOL,CAPSULE,ORAL,Prescription
CANAGLIFLOZIN,CANAGLIFLOZIN,ANDA210386,AUROBINDO PHARMA LTD,TABLET,ORAL,Discontinued
CANAGLIFLOZIN AND METFORMIN HYDROCHLORIDE,"CANAGLIFLOZIN, METFORMIN HYDROCHLORIDE",ANDA213900,AUROBINDO PHARMA LIMITED,"TABLET, EXTENDED RELEASE",,None (Tentative Approval)
CANAGLIFLOZIN AND METFORMIN HYDROCHLORIDE,CANAGLIFLOZIN; METFORMIN HYDROCHLORIDE,ANDA215255,MACLEODS PHARMACEUTICALS LTD,"TABLET, EXTENDED RELEASE",,None (Tentative Approval)
CANAGLIFLOZIN; METFORMIN HYDROCHLORIDE,CANAGLIFLOZIN; METFORMIN HYDROCHLORIDE,ANDA210542,ZYDUS PHARMS USA INC,TABLET,ORAL,None (Tentative Approval)
CANASA,MESALAMINE,NDA021252,ABBVIE,SUPPOSITORY,RECTAL,Discontinued
CANCIDAS,CASPOFUNGIN ACETATE,NDA021227,MERCK,POWDER,INTRAVENOUS,Discontinued
CANDESARTAN CILEXETIL,CANDESARTAN CILEXETIL,ANDA091390,ZYDUS LIFESCIENCES,TABLET,ORAL,Prescription
CANDESARTAN CILEXETIL AND HYDROCHLOROTHIAZIDE,CANDESARTAN CILEXETIL; HYDROCHLOROTHIAZIDE,ANDA202965,SENORES PHARMS,TABLET,ORAL,Prescription
CANDESARTAN CILEXETIL; HYDROCHLOROTHIAZIDE,CANDESARTAN CILEXETIL; HYDROCHLOROTHIAZIDE,ANDA200887,TEVA PHARMS USA,TABLET,ORAL,None (Tentative Approval)
CANDEX,NYSTATIN,ANDA061810,BAYER PHARMS,CREAM,TOPICAL,Discontinued
CANGRELOR,CANGRELOR,ANDA213551,GLAND,POWDER,INTRAVENOUS,Prescription
CANTIL,MEPENZOLATE BROMIDE,NDA010679,SANOFI AVENTIS US,TABLET,ORAL,Discontinued
CAP-PROFEN,IBUPROFEN,ANDA072097,PERRIGO,TABLET,ORAL,Discontinued
CAPASTAT SULFATE,CAPREOMYCIN SULFATE,NDA050095,EPIC PHARMA LLC,INJECTABLE,INJECTION,Discontinued
CAPECITABINE,CAPECITABINE,ANDA090943,RISING,TABLET,ORAL,Prescription
CAPEX,FLUOCINOLONE ACETONIDE,NDA020001,GALDERMA LABS LP,SHAMPOO,TOPICAL,Discontinued
CAPITAL AND CODEINE,ACETAMINOPHEN; CODEINE PHOSPHATE,ANDA086024,VALEANT PHARMS LLC,SUSPENSION,ORAL,Discontinued
CAPITAL SOLEIL 15,AVOBENZONE; ECAMSULE; OCTOCRYLENE,NDA021501,LOREAL USA,CREAM,TOPICAL,Over-the-counter
CAPITROL,CHLOROXINE,NDA017594,WESTWOOD SQUIBB,SHAMPOO,TOPICAL,Discontinued
CAPLYTA,LUMATEPERONE TOSYLATE,NDA209500,INTRA-CELLULAR,CAPSULE,ORAL,Prescription
CAPOTEN,CAPTOPRIL,NDA018343,AARXION ANDA HLDING,TABLET,ORAL,Discontinued
CAPOZIDE 25/15,CAPTOPRIL; HYDROCHLOROTHIAZIDE,NDA018709,APOTHECON,TABLET,ORAL,Discontinued
CAPOZIDE 25/25,CAPTOPRIL; HYDROCHLOROTHIAZIDE,NDA018709,APOTHECON,TABLET,ORAL,Discontinued
CAPOZIDE 50/15,CAPTOPRIL; HYDROCHLOROTHIAZIDE,NDA018709,APOTHECON,TABLET,ORAL,Discontinued
CAPOZIDE 50/25,CAPTOPRIL; HYDROCHLOROTHIAZIDE,NDA018709,APOTHECON,TABLET,ORAL,Discontinued
CAPRELSA,VANDETANIB,NDA022405,GENZYME CORP,TABLET,ORAL,Prescription
CAPREOMYCIN SULFATE,CAPREOMYCIN SULFATE,ANDA204796,HISUN PHARM HANGZHOU,INJECTABLE,INJECTION,Discontinued
CAPTOPRIL,CAPTOPRIL,ANDA074386,WATSON LABS,TABLET,ORAL,Discontinued
CAPTOPRIL AND HYDROCHLOROTHIAZIDE,CAPTOPRIL; HYDROCHLOROTHIAZIDE,ANDA074788,STRIDES PHARMA INTL,TABLET,ORAL,Discontinued
CARAC,FLUOROURACIL,NDA020985,EXTROVIS,CREAM,TOPICAL,Prescription
CARAFATE,SUCRALFATE,NDA019183,ABBVIE,SUSPENSION,ORAL,Discontinued
CARBACHOL,CARBACHOL,ANDA070292,PHARMAFAIR,SOLUTION,INTRAOCULAR,Discontinued
CARBAGLU,CARGLUMIC ACID,NDA022562,RECORDATI RARE,"TABLET, FOR SUSPENSION",ORAL,Prescription
CARBAMAZEPINE,CARBAMAZEPINE,ANDA076697,ANI PHARMS,"CAPSULE, EXTENDED RELEASE",ORAL,Prescription
CARBASTAT,CARBACHOL,ANDA073677,NOVARTIS,SOLUTION,INTRAOCULAR,Discontinued
CARBATROL,CARBAMAZEPINE,NDA020712,TAKEDA PHARMS USA,"CAPSULE, EXTENDED RELEASE",ORAL,Prescription
CARBIDOPA,CARBIDOPA,ANDA211055,AUROBINDO PHARMA,TABLET,ORAL,Prescription
CARBIDOPA AND LEVODOPA,"CARBIDOPA, LEVODOPA",ANDA219989,SANDOZ INC,"CAPSULE, EXTENDED RELEASE",,None (Tentative Approval)
CARBIDOPA AND LEVODOPA,"CARBIDOPA,LEVODOPA",ANDA220119,BIOCON PHARMA LIMITED,"CAPSULE, EXTENDED RELEASE",,None (Tentative Approval)
CARBIDOPA AND LEVODOPA,CARBIDOPA; LEVODOPA,ANDA077828,SUN PHARM INDS,"TABLET, EXTENDED RELEASE",ORAL,Discontinued
"CARBIDOPA, LEVODOPA AND ENTACAPONE",CARBIDOPA; ENTACAPONE; LEVODOPA,ANDA090833,WOCKHARDT LTD,TABLET,ORAL,Discontinued
CARBIDOPA; LEODOPA,CARBIDOPA; LEODOPA,ANDA210911,ZYDUS PHARMS USA INC,"CAPSULE, EXTENDED RELEASE",,None (Tentative Approval)
CARBIDOPA; LEVODOPA,CARBIDOPA; LEVODOPA,ANDA208895,SANDOZ INC,"CAPSULE, EXTENDED RELEASE",ORAL,None (Tentative Approval)
CARBILEV,CARBIDOPA; LEVODOPA,ANDA076643,RANBAXY,"TABLET, FOR SUSPENSION",ORAL,Discontinued
CARBINOXAMINE MALEATE,CARBINOXAMINE MALEATE,ANDA090756,MISSION PHARMACAL,TABLET,ORAL,Prescription
CARBOCAINE,MEPIVACAINE HYDROCHLORIDE,NDA012125,EASTMAN KODAK,INJECTABLE,INJECTION,Discontinued
CARBOCAINE W/ NEO-COBEFRIN,LEVONORDEFRIN; MEPIVACAINE HYDROCHLORIDE,NDA012125,EASTMAN KODAK,INJECTABLE,INJECTION,Discontinued
"CARBON DIOXIDE, USP",CARBON DIOIDE,NDA215007,NEXAIR LLC,GAS,INHALATION,Prescription
"CARBON DIOXIDE, USP",CARBON DIOXIDE,NDA210816,LISS AMERICA LLC,GAS,INHALATION,Prescription
CARBOPLATIN,CARBOPLATIN,ANDA077389,TEVA PARENTERAL,INJECTABLE,INTRAVENOUS,Discontinued
CARBOPROST TROMETHAMINE,CARBOPROST TROMETHAMINE,ANDA215901,ANI PHARMS,INJECTABLE,INJECTION,Discontinued
CARDAMYST,ETRIPAMIL,NDA218571,MILESTONE PHARMS USA,SPRAY,NASAL,Prescription
CARDENE,NICARDIPINE HYDROCHLORIDE,NDA019734,CHIESI,INJECTABLE,INJECTION,Prescription
CARDENE IN 0.83% SODIUM CHLORIDE IN PLASTIC CONTAINER,NICARDIPINE HYDROCHLORIDE,NDA019734,CHIESI,INJECTABLE,INTRAVENOUS,Prescription
CARDENE IN 0.86% SODIUM CHLORIDE IN PLASTIC CONTAINER,NICARDIPINE HYDROCHLORIDE,NDA019734,CHIESI,INJECTABLE,INTRAVENOUS,Prescription
CARDENE IN 4.8% DEXTROSE IN PLASTIC CONTAINER,NICARDIPINE HYDROCHLORIDE,NDA019734,CHIESI,INJECTABLE,INTRAVENOUS,Prescription
CARDENE IN 5.0% DEXTROSE IN PLASTIC CONTAINER,NICARDIPINE HYDROCHLORIDE,NDA019734,CHIESI,INJECTABLE,INTRAVENOUS,Discontinued
CARDENE SR,NICARDIPINE HYDROCHLORIDE,NDA020005,CHIESI,"CAPSULE, EXTENDED RELEASE",ORAL,Discontinued
CARDIOGEN-82,RUBIDIUM CHLORIDE RB-82,NDA019414,BRACCO,INJECTABLE,INJECTION,Prescription
CARDIOGRAFIN,DIATRIZOATE MEGLUMINE,NDA011620,BRACCO,INJECTABLE,INJECTION,Discontinued
CARDIOLITE,TECHNETIUM TC-99M SESTAMIBI KIT,NDA019785,SHINE,INJECTABLE,INJECTION,Prescription
CARDIOPLEGIC IN PLASTIC CONTAINER,CALCIUM CHLORIDE; MAGNESIUM CHLORIDE; POTASSIUM CHLORIDE; SODIUM CHLORIDE,ANDA075323,BAXTER HLTHCARE,SOLUTION,"PERFUSION, CARDIAC",Prescription
CARDIOQUIN,QUINIDINE POLYGALACTURONATE,NDA011642,PHARM RES ASSOC,TABLET,ORAL,Discontinued
CARDIOTEC,TECHNETIUM TC-99M TEBOROXIME KIT,NDA019928,BRACCO,INJECTABLE,INJECTION,Discontinued
CARDIZEM,DILTIAZEM HYDROCHLORIDE,NDA020027,BIOVAIL LABS INTL,INJECTABLE,INJECTION,Discontinued
CARDIZEM CD,DILTIAZEM HYDROCHLORIDE,NDA020062,BAUSCH,"CAPSULE, EXTENDED RELEASE",ORAL,Prescription
CARDIZEM LA,DILTIAZEM HYDROCHLORIDE,NDA021392,BAUSCH,"TABLET, EXTENDED RELEASE",ORAL,Prescription
CARDIZEM SR,DILTIAZEM HYDROCHLORIDE,NDA019471,BIOVAIL,"CAPSULE, EXTENDED RELEASE",ORAL,Discontinued
CARDRASE,ETHOXZOLAMIDE,NDA011047,PHARMACIA AND UPJOHN,TABLET,ORAL,Discontinued
CARDURA,DOXAZOSIN MESYLATE,NDA019668,VIATRIS,TABLET,ORAL,Prescription
CARDURA XL,DOXAZOSIN MESYLATE,NDA021269,VIATRIS,"TABLET, EXTENDED RELEASE",ORAL,Prescription
CARFILZOMIB,CARFILZOMIB,ANDA210823,EUGIA PHARMA,POWDER,INTRAVENOUS,None (Tentative Approval)
CARGLUMIC ACID,CARGLUMIC ACID,ANDA213729,NOVITIUM PHARMA,"TABLET, FOR SUSPENSION",ORAL,Prescription
CARIPRAZINE HYDROCHLORIDE,CARIPRAZINE HYDROCHLORIDE,ANDA213982,AUROBINDO PHARMA LTD,CAPSULE,ORAL,Discontinued
CARISOPRODOL,CARISOPRODOL,ANDA081025,SENORES PHARMS,TABLET,ORAL,Prescription
CARISOPRODOL AND ASPIRIN,ASPIRIN; CARISOPRODOL,ANDA040116,GENUS,TABLET,ORAL,Discontinued
CARISOPRODOL COMPOUND,ASPIRIN; CARISOPRODOL,ANDA088809,WATSON LABS,TABLET,ORAL,Discontinued
"CARISOPRODOL, ASPIRIN AND CODEINE PHOSPHATE",ASPIRIN; CARISOPRODOL; CODEINE PHOSPHATE,ANDA040283,OXFORD PHARMS,TABLET,ORAL,Discontinued
CARMOL HC,HYDROCORTISONE ACETATE,ANDA080505,FOUGERA PHARMS,CREAM,TOPICAL,Discontinued
CARMUSTINE,CARMUSTINE,ANDA210179,NAVINTA LLC,INJECTABLE,INJECTION,Prescription
CARNEXIV,CARBAMAZEPINE,NDA206030,LUNDBECK PHARMS LLC,SOLUTION,INTRAVENOUS,Discontinued
CARNITOR,LEVOCARNITINE,NDA018948,LEADIANT BIOSCI INC,SOLUTION,ORAL,Discontinued
CARNITOR SF,LEVOCARNITINE,NDA019257,LEADIANT BIOSCI INC,SOLUTION,ORAL,Prescription
CAROSPIR,SPIRONOLACTONE,NDA209478,CMP DEV LLC,SUSPENSION,ORAL,Prescription
CARTEOLOL HYDROCHLORIDE,CARTEOLOL HYDROCHLORIDE,ANDA076097,APOTEX INC,SOLUTION/DROPS,OPHTHALMIC,Discontinued
CARTIA XT,DILTIAZEM HYDROCHLORIDE,ANDA074752,ACTAVIS LABS FL INC,"CAPSULE, EXTENDED RELEASE",ORAL,Prescription
CARTROL,CARTEOLOL HYDROCHLORIDE,NDA019204,ABBVIE,TABLET,ORAL,Discontinued
CARVEDILOL,CARVEDILOL,ANDA077887,HIKMA,TABLET,ORAL,Discontinued
CARVEDILOL PHOSPHATE,CARVEDILOL PHOSPHATE,ANDA204717,IMPAX LABS INC,"CAPSULE, EXTENDED RELEASE",ORAL,Prescription
CASODEX,BICALUTAMIDE,NDA022310,ASTRAZENECA,TABLET,ORAL,Prescription
CASPOFUNGIN ACETATE,CASPOFUNGIN ACETATE,ANDA216506,HANGZHOU ZHONGMEI,POWDER,INTRAVENOUS,Prescription
CASPORYN HC,HYDROCORTISONE; NEOMYCIN SULFATE; POLYMYXIN B SULFATE,NDA060613,CASPER PHARMA LLC,SUSPENSION/DROPS,OTIC,Prescription
CASSIPA,BUPRENORPHINE HYDROCHLORIDE; NALOXONE HYDROCHLORIDE,NDA208042,TEVA PHARMS USA,FILM,SUBLINGUAL,Discontinued
CATAFLAM,DICLOFENAC POTASSIUM,ANDA076561,AMICI PHARMA,TABLET,ORAL,Prescription
CATAPRES,CLONIDINE HYDROCHLORIDE,NDA017407,BOEHRINGER INGELHEIM,TABLET,ORAL,Discontinued
CATAPRES-TTS-1,CLONIDINE,NDA018891,LAVIPHARM,SYSTEM,TRANSDERMAL,Prescription
CATAPRES-TTS-2,CLONIDINE,NDA018891,LAVIPHARM,SYSTEM,TRANSDERMAL,Prescription
CATAPRES-TTS-3,CLONIDINE,NDA018891,LAVIPHARM,SYSTEM,TRANSDERMAL,Prescription
CATHFLO ACTIVASE,ALTEPLASE,BLA103172,GENENTECH,VIAL,,Prescription
CAVERJECT,ALPROSTADIL,NDA020755,PFIZER,INJECTABLE,INJECTION,Discontinued
CAVERJECT IMPULSE,ALPROSTADIL,NDA021212,PFIZER,INJECTABLE,INJECTION,Prescription
CAVHANZA,NILOTINIB,NDA217379,FLEX PHARMA,"TABLET, ORALLY DISINTEGRATING",ORAL,Prescription
CAYSTON,AZTREONAM,NDA050814,GILEAD,FOR SOLUTION,INHALATION,Prescription
CECLOR,CEFACLOR,NDA050522,LILLY,FOR SUSPENSION,ORAL,Discontinued
CECLOR CD,CEFACLOR,NDA050673,LILLY,"TABLET, EXTENDED RELEASE",ORAL,Discontinued
CEDAX,CEFTIBUTEN DIHYDRATE,NDA050686,BURKE THERAP,FOR SUSPENSION,ORAL,Discontinued
CEDILANID-D,DESLANOSIDE,NDA009282,NOVARTIS,INJECTABLE,INJECTION,Discontinued
CEFACLOR,CEFACLOR,ANDA062206,FACTA FARMA,FOR SUSPENSION,ORAL,Discontinued
CEFADROXIL,CEFADROXIL/CEFADROXIL HEMIHYDRATE,ANDA062766,IVAX SUB TEVA PHARMS,CAPSULE,ORAL,Discontinued
CEFADYL,CEPHAPIRIN SODIUM,ANDA061769,APOTHECON,INJECTABLE,INJECTION,Discontinued
CEFAZOLIN AND DEXTROSE,CEFAZOLIN SODIUM,NDA050779,B BRAUN,INJECTABLE,INJECTION,Prescription
CEFAZOLIN IN DEXTROSE,CEFAZOLIN SODIUM,NDA207131,BAXTER HLTHCARE CORP,SOLUTION,INTRAVENOUS,Prescription
CEFAZOLIN SODIUM,CEFAZOLIN SODIUM,ANDA203661,QILU ANTIBIOTICS,INJECTABLE,INJECTION,Prescription
CEFDINIR,CEFDINIR,ANDA210534,ALKEM LABS LTD,FOR SUSPENSION,ORAL,Prescription
CEFEPIME AND DEXTROSE IN DUPLEX CONTAINER,CEFEPIME HYDROCHLORIDE,NDA050821,B BRAUN,INJECTABLE,INJECTION,Prescription
CEFEPIME HYDROCHLORIDE,CEFEPIME HYDROCHLORIDE,ANDA203704,QILU ANTIBIOTICS,INJECTABLE,INJECTION,Prescription
CEFEPIME HYDROCHLORIDE IN PLASTIC CONTAINER,CEFEPIME HYDROCHLORIDE,ANDA209408,SAMSON MEDCL,POWDER,INTRAVENOUS,Prescription
CEFEPIME IN PLASTIC CONTAINER,CEFEPIME HYDROCHLORIDE,NDA050817,BAXTER HLTHCARE,INJECTABLE,INJECTION,Prescription
CEFIXIME,CEFIXIME,ANDA206358,FDC LTD,TABLET,ORAL,Prescription
CEFIZOX,CEFTIZOXIME SODIUM,NDA050560,ASTELLAS,INJECTABLE,INJECTION,Discontinued
CEFIZOX IN DEXTROSE 5% IN PLASTIC CONTAINER,CEFTIZOXIME SODIUM,NDA050589,ASTELLAS,INJECTABLE,INJECTION,Discontinued
CEFIZOX IN PLASTIC CONTAINER,CEFTIZOXIME SODIUM,NDA050589,ASTELLAS,INJECTABLE,INJECTION,Discontinued
CEFMAX,CEFMENOXIME HYDROCHLORIDE,NDA050571,TAP PHARM,INJECTABLE,INJECTION,Discontinued
CEFOBID,CEFOPERAZONE SODIUM,ANDA063333,PFIZER,INJECTABLE,INJECTION,Discontinued
CEFOBID IN PLASTIC CONTAINER,CEFOPERAZONE SODIUM,NDA050613,PFIZER,INJECTABLE,INJECTION,Discontinued
CEFOTAN,CEFOTETAN DISODIUM,NDA050588,PAI HOLDINGS PHARM,INJECTABLE,INJECTION,Prescription
CEFOTAN IN PLASTIC CONTAINER,CEFOTETAN DISODIUM,NDA050694,PAI HOLDINGS PHARM,INJECTABLE,INJECTION,Discontinued
CEFOTAXIME,CEFOTAXIME SODIUM,ANDA064201,FRESENIUS KABI USA,INJECTABLE,INJECTION,Discontinued
CEFOTAXIME AND DEXTROSE 2.4% IN PLASTIC CONTAINER,CEFOTAXIME SODIUM,NDA050792,B BRAUN,INJECTABLE,INJECTION,Discontinued
CEFOTAXIME AND DEXTROSE 3.9% IN PLASTIC CONTAINER,CEFOTAXIME SODIUM,NDA050792,B BRAUN,INJECTABLE,INJECTION,Discontinued
CEFOTAXIME SODIUM,CEFOTAXIME SODIUM,ANDA065197,WOCKHARDT,INJECTABLE,INJECTION,Discontinued
CEFOTETAN,CEFOTETAN DISODIUM,ANDA065374,FRESENIUS KABI USA,INJECTABLE,INJECTION,Prescription
CEFOTETAN AND DEXTROSE IN DUPLEX CONTAINER,CEFOTETAN DISODIUM,NDA065430,B BRAUN,INJECTABLE,INJECTION,Discontinued
CEFOXITIN,CEFOXITIN SODIUM,ANDA065312,HOSPIRA INC,INJECTABLE,INJECTION,Discontinued
CEFOXITIN AND DEXTROSE IN DUPLEX CONTAINER,CEFOXITIN SODIUM,NDA065214,B BRAUN,INJECTABLE,INJECTION,Prescription
CEFOXITIN IN PLASTIC CONTAINER,CEFOXITIN SODIUM,ANDA200938,SAMSON MEDCL,POWDER,INTRAVENOUS,Prescription
CEFPIRAMIDE SODIUM,CEFPIRAMIDE SODIUM,NDA050633,WYETH AYERST,INJECTABLE,INJECTION,Discontinued
CEFPODOXIME PROXETIL,CEFPODOXIME PROXETIL,ANDA065462,SANDOZ,TABLET,ORAL,Prescription
CEFPROZIL,CEFPROZIL,ANDA065257,SANDOZ,FOR SUSPENSION,ORAL,Discontinued
CEFTAROLINE FOSAMIL,CEFTAROLINE FOSAMIL,ANDA208075,APOTEX,POWDER,INTRAVENOUS,Prescription
CEFTAZIDIME,CEFTAZIDIME,ANDA065481,AUROBINDO PHARMA LTD,INJECTABLE,INJECTION,Discontinued
CEFTAZIDIME IN DEXTROSE CONTAINER,CEFTAZIDIME,NDA050823,B BRAUN,INJECTABLE,INJECTION,Discontinued
CEFTAZIDIME SODIUM IN PLASTIC CONTAINER,CEFTAZIDIME SODIUM,ANDA063221,BAXTER HLTHCARE,INJECTABLE,INJECTION,Discontinued
CEFTIN,CEFUROXIME AXETIL,NDA050672,GLAXOSMITHKLINE,FOR SUSPENSION,ORAL,Discontinued
CEFTRIAXONE,CEFTRIAXONE SODIUM,ANDA090057,SAMSON MEDCL,INJECTABLE,INJECTION,Prescription
CEFTRIAXONE AND DEXTROSE IN DUPLEX CONTAINER,CEFTRIAXONE SODIUM,NDA050796,B BRAUN,INJECTABLE,INJECTION,Prescription
CEFTRIAXONE IN PLASTIC CONTAINER,CEFTRIAXONE SODIUM,ANDA065224,BAXTER HLTHCARE,INJECTABLE,INJECTION,Prescription
CEFTRIAXONE SODIUM,CEFTRIAXONE SODIUM,ANDA090701,HIKMA,INJECTABLE,INJECTION,Prescription
CEFUROXIME,CEFUROXIME,ANDA065048,HIKMA,Injectable,Injection,Prescription
CEFUROXIME AND DEXTROSE IN DUPLEX CONTAINER,CEFUROXIME SODIUM,NDA050780,B BRAUN,INJECTABLE,INJECTION,Discontinued
CEFUROXIME AXETIL,CEFUROXIME AXETIL,ANDA065043,RANBAXY LABS LTD,TABLET,ORAL,Discontinued
CEFUROXIME SODIUM,CEFUROXIME SODIUM,ANDA064036,WATSON LABS INC,INJECTABLE,INJECTION,Discontinued
CEFUROXIME SODIUM IN PLASTIC CONTAINER,CEFUROXIME SODIUM,ANDA065251,SAMSON MEDCL,INJECTABLE,INJECTION,Discontinued
CEFZIL,CEFPROZIL,NDA050664,CORDEN PHARMA,TABLET,ORAL,Discontinued
CELEBREX,CELECOXIB,NDA020998,UPJOHN,CAPSULE,ORAL,Prescription
CELECOXIB,CELECOXIB,ANDA200562,WATSON LABS INC,CAPSULE,ORAL,Prescription
CELESTONE,BETAMETHASONE,NDA014215,MERCK SHARP DOHME,SYRUP,ORAL,Discontinued
CELESTONE,BETAMETHASONE SODIUM PHOSPHATE,NDA017561,SCHERING,INJECTABLE,INJECTION,Discontinued
CELESTONE SOLUSPAN,BETAMETHASONE ACETATE; BETAMETHASONE SODIUM PHOSPHATE,NDA014602,ORGANON,INJECTABLE,INJECTION,Prescription
CELEXA,CITALOPRAM HYDROBROMIDE,NDA021046,FOREST LABS,SOLUTION,ORAL,Discontinued
CELLCEPT,MYCOPHENOLATE MOFETIL,NDA050722,ROCHE PALO,CAPSULE,ORAL,Prescription
CELLCEPT,MYCOPHENOLATE MOFETIL HYDROCHLORIDE,NDA050758,ROCHE PALO,INJECTABLE,INJECTION,Prescription
CELONTIN,METHSUXIMIDE,NDA010596,PARKE DAVIS,CAPSULE,ORAL,Discontinued
CENESTIN,"ESTROGENS, CONJUGATED SYNTHETIC A",NDA020992,ASPEN,TABLET,ORAL,Discontinued
CENOBAMATE,CENOBAMATE,ANDA219473,AUROBINDO PHARMA LIMITED,TABLET,,None (Tentative Approval)
CENTANY,MUPIROCIN,NDA050788,PADAGIS US,OINTMENT,TOPICAL,Discontinued
CENTRAX,PRAZEPAM,NDA018144,PARKE DAVIS,CAPSULE,ORAL,Discontinued
CEPHALEXIN,CEPHALEXIN,ANDA210221,ALKEM LABS LTD,FOR SUSPENSION,ORAL,Prescription
CEPHALOTHIN,CEPHALOTHIN SODIUM,ANDA062426,INTL MEDICATION,INJECTABLE,INJECTION,Discontinued
CEPHALOTHIN SODIUM,CEPHALOTHIN SODIUM,ANDA062547,ABBOTT,INJECTABLE,INJECTION,Discontinued
CEPHALOTHIN SODIUM W/ DEXTROSE IN PLASTIC CONTAINER,CEPHALOTHIN SODIUM,ANDA062730,BAXTER HLTHCARE,INJECTABLE,INJECTION,Discontinued
CEPHALOTHIN SODIUM W/ SODIUM CHLORIDE IN PLASTIC CONTAINER,CEPHALOTHIN SODIUM,ANDA062422,BAXTER HLTHCARE,INJECTABLE,INJECTION,Discontinued
CEPHAPIRIN SODIUM,CEPHAPIRIN SODIUM,ANDA062720,HIKMA,INJECTABLE,INJECTION,Discontinued
CEPHRADINE,CEPHRADINE,ANDA062683,TEVA,CAPSULE,ORAL,Discontinued
CEPHULAC,LACTULOSE,NDA017657,SANOFI AVENTIS US,SOLUTION,"ORAL, RECTAL",Discontinued
CEPTAZ,CEFTAZIDIME,NDA050646,GLAXOSMITHKLINE,INJECTABLE,INJECTION,Discontinued
CEQUA,CYCLOSPORINE,NDA210913,SUN PHARM,SOLUTION,OPHTHALMIC,Prescription
CERADON,CEFOTIAM HYDROCHLORIDE,NDA050601,TAKEDA,INJECTABLE,INJECTION,Discontinued
CERDELGA,ELIGLUSTAT TARTRATE,NDA205494,GENZYME CORP,CAPSULE,ORAL,Prescription
CEREBYX,FOSPHENYTOIN SODIUM,NDA020450,PARKE DAVIS,INJECTABLE,INJECTION,Prescription
CERETEC,TECHNETIUM TC-99M EXAMETAZIME KIT,NDA019829,GE HEALTHCARE,INJECTABLE,INJECTION,Prescription
CEREZYME,IMIGLUCERASE,BLA020367,GENZYME,INJECTABLE,INJECTION,Prescription
CERIANNA,FLUOROESTRADIOL F-18,NDA212155,GE HEALTHCARE,SOLUTION,INTRAVENOUS,Prescription
CERINTA,ETHINYL ESTRADIOL; LEVONORGESTREL,ANDA202817,SUN PHARM,TABLET,ORAL-28,Discontinued
CERUBIDINE,DAUNORUBICIN HYDROCHLORIDE,ANDA061876,SANOFI AVENTIS US,INJECTABLE,INJECTION,Discontinued
CERUMENEX,TROLAMINE POLYPEPTIDE OLEATE CONDENSATE,NDA011340,PHARM RES ASSOC,SOLUTION/DROPS,OTIC,Discontinued
CERVIDIL,DINOPROSTONE,NDA020411,FERRING PHARMS INC,"INSERT, EXTENDED RELEASE",VAGINAL,Prescription
CESAMET,NABILONE,NDA018677,BAUSCH,CAPSULE,ORAL,Discontinued
CETACORT,HYDROCORTISONE,ANDA080426,BAUSCH,LOTION,TOPICAL,Discontinued
CETAMIDE,SULFACETAMIDE SODIUM,ANDA080021,ALCON,OINTMENT,OPHTHALMIC,Discontinued
CETAPRED,PREDNISOLONE ACETATE; SULFACETAMIDE SODIUM,ANDA087771,ALCON,OINTMENT,OPHTHALMIC,Discontinued
CETIRIZINE HYDROCHLORIDE,CETIRIZINE HYDROCHLORIDE,ANDA078488,BIONPHARMA,SOLUTION,ORAL,Prescription
CETIRIZINE HYDROCHLORIDE ALLERGY,CETIRIZINE HYDROCHLORIDE,ANDA078336,PERRIGO R AND D,TABLET,ORAL,Over-the-counter
CETIRIZINE HYDROCHLORIDE AND PSEUDOEPHEDRINE HYDROCHLORIDE,CETIRIZINE HYDROCHLORIDE; PSEUDOEPHEDRINE HYDROCHLORIDE,ANDA077170,IVAX SUB TEVA PHARMS,"TABLET, EXTENDED RELEASE",ORAL,Over-the-counter
CETIRIZINE HYDROCHLORIDE HIVES,CETIRIZINE HYDROCHLORIDE,ANDA078336,PERRIGO R AND D,TABLET,ORAL,Over-the-counter
CETIRIZINE HYDROCHLORIDE HIVES RELIEF,CETIRIZINE HYDROCHLORIDE,ANDA078780,AMNEAL PHARMS NY,TABLET,ORAL,Discontinued
CETRAXAL,CIPROFLOXACIN HYDROCHLORIDE,NDA021918,LAB SALVAT,SOLUTION/DROPS,OTIC,Prescription
CETRORELIX ACETATE,CETRORELIX ACETATE,ANDA214540,LIVZON GRP,POWDER,SUBCUTANEOUS,Prescription
CETROTIDE,CETRORELIX ACETATE,NDA021197,EMD SERONO INC,POWDER,SUBCUTANEOUS,Discontinued
CETYLEV,ACETYLCYSTEINE,NDA207916,ARBOR PHARMS LLC,"TABLET, EFFERVESCENT",ORAL,Discontinued
CEVIMELINE HYDROCHLORIDE,CEVIMELINE HYDROCHLORIDE,ANDA091591,HIKMA,CAPSULE,ORAL,Prescription
CHABELINA FE,ETHINYL ESTRADIOL; NORETHINDRONE ACETATE,ANDA202962,NOVAST LABS,TABLET,ORAL-28,Prescription
CHANTIX,VARENICLINE TARTRATE,NDA021928,PF PRISM CV,TABLET,ORAL,Prescription
CHEMET,SUCCIMER,NDA019998,RECORDATI RARE,CAPSULE,ORAL,Prescription
CHENIX,CHENODIOL,NDA018513,LEADIANT BIOSCI INC,TABLET,ORAL,Discontinued
CHENODIOL,CHENODIOL,ANDA091019,LGM PHARMA,TABLET,ORAL,Prescription
CHEWTADZY,TADALAFIL,NDA218527,B BETTER,"TABLET, CHEWABLE",ORAL,Discontinued
CHG SCRUB,CHLORHEXIDINE GLUCONATE,NDA019258,ECOLAB,SOLUTION,TOPICAL,Over-the-counter
CHIBROXIN,NORFLOXACIN,NDA019757,MERCK,SOLUTION/DROPS,OPHTHALMIC,Discontinued
CHILDREN'S ADVIL,IBUPROFEN,NDA019833,HALEON US HOLDINGS,SUSPENSION,ORAL,Discontinued
CHILDREN'S ADVIL ALLERGY SINUS,CHLORPHENIRAMINE MALEATE; IBUPROFEN; PSEUDOEPHEDRINE HYDROCHLORIDE,NDA021587,HALEON US HOLDINGS,SUSPENSION,ORAL,Over-the-counter
CHILDREN'S ADVIL COLD,IBUPROFEN; PSEUDOEPHEDRINE HYDROCHLORIDE,NDA021373,HALEON US HOLDINGS,SUSPENSION,ORAL,Over-the-counter
CHILDREN'S ADVIL-FLAVORED,IBUPROFEN,NDA020589,HALEON US HOLDINGS,SUSPENSION,ORAL,Over-the-counter
CHILDREN'S ALAWAY,KETOTIFEN FUMARATE,NDA021996,BAUSCH AND LOMB,SOLUTION/DROPS,OPHTHALMIC,Over-the-counter
CHILDREN'S ALLEGRA ALLERGY,FEXOFENADINE HYDROCHLORIDE,NDA021909,CHATTEM SANOFI,"TABLET, ORALLY DISINTEGRATING",ORAL,Discontinued
CHILDREN'S ALLEGRA HIVES,FEXOFENADINE HYDROCHLORIDE,NDA021909,CHATTEM SANOFI,"TABLET, ORALLY DISINTEGRATING",ORAL,Discontinued
CHILDREN'S ASTEPRO ALLERGY,AZELASTINE HYDROCHLORIDE,NDA213872,BAYER HLTHCARE,"SPRAY, METERED",NASAL,Over-the-counter
CHILDREN'S CETIRIZINE HYDROCHLORIDE ALLERGY,CETIRIZINE HYDROCHLORIDE,ANDA078692,SANDOZ,"TABLET, CHEWABLE",ORAL,Over-the-counter
CHILDREN'S CETIRIZINE HYDROCHLORIDE HIVES RELIEF,CETIRIZINE HYDROCHLORIDE,ANDA090182,TARO,SOLUTION,ORAL,Over-the-counter
CHILDREN'S CLARITIN,LORATADINE,NDA021891,BAYER HEALTHCARE LLC,"TABLET, CHEWABLE",ORAL,Over-the-counter
CHILDREN'S ELIXSURE,IBUPROFEN,NDA021604,MOBERG PHARMA NORTH,SUSPENSION,ORAL,Discontinued
CHILDREN'S FEXOFENADINE HYDROCHLORIDE ALLERGY,FEXOFENADINE HYDROCHLORIDE,ANDA079112,TIME CAP LABS,TABLET,ORAL,Over-the-counter
CHILDREN'S FEXOFENADINE HYDROCHLORIDE HIVES,FEXOFENADINE HYDROCHLORIDE,ANDA079112,TIME CAP LABS,TABLET,ORAL,Over-the-counter
CHILDREN'S IBUPROFEN,IBUPROFEN,ANDA074937,PERRIGO,SUSPENSION,ORAL,Over-the-counter
CHILDREN'S MOTRIN,IBUPROFEN,NDA020516,KENVUE BRANDS,SUSPENSION,ORAL,Over-the-counter
CHILDREN'S MOTRIN COLD,IBUPROFEN; PSEUDOEPHEDRINE HYDROCHLORIDE,NDA021128,KENVUE BRANDS,SUSPENSION,ORAL,Over-the-counter
CHILDREN'S ZYRTEC ALLERGY,CETIRIZINE HYDROCHLORIDE,NDA022155,KENVUE BRANDS,SOLUTION,ORAL,Over-the-counter
CHILDREN'S ZYRTEC HIVES,CETIRIZINE HYDROCHLORIDE,NDA022155,KENVUE BRANDS,SOLUTION,ORAL,Over-the-counter
CHILDREN'S ZYRTEC HIVES RELIEF,CETIRIZINE HYDROCHLORIDE,NDA021621,KENVUE BRANDS,"TABLET, CHEWABLE",ORAL,Discontinued
CHIRHOSTIM,SECRETIN SYNTHETIC HUMAN,NDA021256,CHIRHOCLIN,FOR SOLUTION,INTRAVENOUS,Prescription
CHIROCAINE,LEVOBUPIVACAINE HYDROCHLORIDE,NDA020997,PURDUE PHARMA LP,INJECTABLE,INJECTION,Discontinued
CHLOR-TRIMETON,CHLORPHENIRAMINE MALEATE,NDA008794,SCHERING PLOUGH,INJECTABLE,INJECTION,Discontinued
CHLOR-TRIMETON,CHLORPHENIRAMINE MALEATE; PSEUDOEPHEDRINE SULFATE,NDA018397,BAYER HEALTHCARE LLC,"TABLET, EXTENDED RELEASE",ORAL,Discontinued
CHLORAMPHENICOL,CHLORAMPHENICOL,ANDA062628,ALCON,SOLUTION/DROPS,OPHTHALMIC,Discontinued
CHLORAMPHENICOL,CHLORAMPHENICOL SODIUM SUCCINATE,ANDA062406,ELKINS SINN,INJECTABLE,INJECTION,Discontinued
CHLORAMPHENICOL SODIUM SUCCINATE,CHLORAMPHENICOL SODIUM SUCCINATE,ANDA062365,FRESENIUS KABI USA,INJECTABLE,INJECTION,Discontinued
CHLORAPREP ONE-STEP,CHLORHEXIDINE GLUCONATE; ISOPROPYL ALCOHOL,NDA020832,BECTON DICKINSON CO,SPONGE,TOPICAL,Over-the-counter
CHLORAPREP ONE-STEP FREPP,CHLORHEXIDINE GLUCONATE; ISOPROPYL ALCOHOL,NDA020832,BECTON DICKINSON CO,SPONGE,TOPICAL,Over-the-counter
CHLORAPREP ONE-STEP SEPP,CHLORHEXIDINE GLUCONATE; ISOPROPYL ALCOHOL,NDA021555,BECTON DICKINSON CO,SWAB,TOPICAL,Over-the-counter
CHLORAPREP SINGLE SWABSTICK,CHLORHEXIDINE GLUCONATE; ISOPROPYL ALCOHOL,NDA021555,BECTON DICKINSON CO,SWAB,TOPICAL,Over-the-counter
CHLORAPREP TRIPLE SWABSTICK,CHLORHEXIDINE GLUCONATE; ISOPROPYL ALCOHOL,NDA021555,BECTON DICKINSON CO,SWAB,TOPICAL,Over-the-counter
CHLORAPREP WITH TINT,CHLORHEXIDINE GLUCONATE; ISOPROPYL ALCOHOL,NDA020832,BECTON DICKINSON CO,SPONGE,TOPICAL,Over-the-counter
CHLORDIAZACHEL,CHLORDIAZEPOXIDE HYDROCHLORIDE,ANDA084639,RACHELLE,CAPSULE,ORAL,Discontinued
CHLORDIAZEPOXIDE AND AMITRIPTYLINE HYDROCHLORIDE,AMITRIPTYLINE HYDROCHLORIDE; CHLORDIAZEPOXIDE,ANDA072278,CHARTWELL RX,TABLET,ORAL,Discontinued
CHLORDIAZEPOXIDE HYDROCHLORIDE,CHLORDIAZEPOXIDE HYDROCHLORIDE,ANDA086294,WATSON LABS,CAPSULE,ORAL,Discontinued
CHLORDIAZEPOXIDE HYDROCHLORIDE AND CLIDINIUM BROMIDE,CHLORDIAZEPOXIDE HYDROCHLORIDE; CLIDINIUM BROMIDE,ANDA216419,AUROBINDO PHARMA LTD,CAPSULE,ORAL,Prescription
CHLORHEXIDINE GLUCONATE,CHLORHEXIDINE GLUCONATE,ANDA077789,PHARMOBEDIENT,SOLUTION,DENTAL,Prescription
CHLORMERODRIN HG 197,CHLORMERODRIN HG-197,NDA017269,BRACCO,INJECTABLE,INJECTION,Discontinued
CHLOROFAIR,CHLORAMPHENICOL,ANDA062437,PHARMAFAIR,SOLUTION/DROPS,OPHTHALMIC,Discontinued
CHLOROMYCETIN,CHLORAMPHENICOL,NDA050183,PARKE DAVIS,CREAM,TOPICAL,Discontinued
CHLOROMYCETIN,CHLORAMPHENICOL SODIUM SUCCINATE,NDA050155,PARKEDALE,INJECTABLE,INJECTION,Discontinued
CHLOROMYCETIN HYDROCORTISONE,CHLORAMPHENICOL; HYDROCORTISONE ACETATE,NDA050202,PARKEDALE,FOR SUSPENSION,OPHTHALMIC,Discontinued
CHLOROMYXIN,CHLORAMPHENICOL; POLYMYXIN B SULFATE,NDA050203,PARKE DAVIS,OINTMENT,OPHTHALMIC,Discontinued
CHLOROPROCAINE HYDROCHLORIDE,CHLOROPROCAINE HYDROCHLORIDE,ANDA087446,HOSPIRA,INJECTABLE,INJECTION,Discontinued
CHLOROPTIC,CHLORAMPHENICOL,NDA050091,ALLERGAN,SOLUTION/DROPS,OPHTHALMIC,Discontinued
CHLOROPTIC S.O.P.,CHLORAMPHENICOL,ANDA061187,ALLERGAN,OINTMENT,OPHTHALMIC,Discontinued
CHLOROPTIC-P S.O.P.,CHLORAMPHENICOL; PREDNISOLONE,ANDA061188,ALLERGAN,OINTMENT,OPHTHALMIC,Discontinued
CHLOROQUINE PHOSPHATE,CHLOROQUINE PHOSPHATE,ANDA040516,IMPAX LABS,TABLET,ORAL,Prescription
CHLOROTHIAZIDE,CHLOROTHIAZIDE,ANDA084026,WATSON LABS,TABLET,ORAL,Discontinued
CHLOROTHIAZIDE AND RESERPINE,CHLOROTHIAZIDE; RESERPINE,ANDA088365,HIKMA,TABLET,ORAL,Discontinued
CHLOROTHIAZIDE SODIUM,CHLOROTHIAZIDE SODIUM,ANDA090896,FRESENIUS KABI USA,INJECTABLE,INJECTION,Prescription
CHLOROTHIAZIDE W/ RESERPINE,CHLOROTHIAZIDE; RESERPINE,ANDA088151,WATSON LABS,TABLET,ORAL,Discontinued
CHLOROTHIAZIDE-RESERPINE,CHLOROTHIAZIDE; RESERPINE,ANDA087744,PHARMOBEDIENT,TABLET,ORAL,Discontinued
CHLOROTRIANISENE,CHLOROTRIANISENE,ANDA084652,BANNER PHARMACAPS,CAPSULE,ORAL,Discontinued
CHLORPHENIRAMINE MALEATE,CHLORPHENIRAMINE MALEATE,ANDA080809,IMPAX LABS,TABLET,ORAL,Discontinued
CHLORPROMAZINE HYDROCHLORIDE,CHLORPROMAZINE HYDROCHLORIDE,ANDA080370,WYETH AYERST,INJECTABLE,INJECTION,Discontinued
CHLORPROMAZINE HYDROCHLORIDE INTENSOL,CHLORPROMAZINE HYDROCHLORIDE,ANDA088157,HIKMA,CONCENTRATE,ORAL,Discontinued
CHLORPROPAMIDE,CHLORPROPAMIDE,ANDA088568,WATSON LABS,TABLET,ORAL,Discontinued
CHLORTHALIDONE,CHLORTHALIDONE,ANDA087050,WATSON LABS,TABLET,ORAL,Discontinued
CHLORZOXAZONE,CHLORZOXAZONE,ANDA086948,WATSON LABS,TABLET,ORAL,Discontinued
CHOLAC,LACTULOSE,ANDA071331,ALRA,SOLUTION,"ORAL, RECTAL",Discontinued
CHOLBAM,CHOLIC ACID,NDA205750,MIRUM,CAPSULE,ORAL,Prescription
CHOLEBRINE,IOCETAMIC ACID,NDA017129,MALLINCKRODT,TABLET,ORAL,Discontinued
CHOLEDYL,OXTRIPHYLLINE,NDA009268,PARKE DAVIS,SOLUTION,ORAL,Discontinued
CHOLEDYL SA,OXTRIPHYLLINE,ANDA086742,WARNER CHILCOTT LLC,"TABLET, EXTENDED RELEASE",ORAL,Discontinued
CHOLESTYRAMINE,CHOLESTYRAMINE,ANDA074347,TEVA,POWDER,ORAL,Discontinued
CHOLESTYRAMINE LIGHT,CHOLESTYRAMINE,ANDA074558,EPIC PHARMA LLC,POWDER,ORAL,Prescription
CHOLETEC,TECHNETIUM TC-99M MEBROFENIN KIT,NDA018963,BRACCO,INJECTABLE,INJECTION,Prescription
CHOLINE C-11,CHOLINE C-11,ANDA206319,DECATUR,INJECTABLE,INTRAVENOUS,Prescription
CHOLOGRAFIN MEGLUMINE,IODIPAMIDE MEGLUMINE,NDA009321,BRACCO,INJECTABLE,INJECTION,Discontinued
CHOLOGRAFIN SODIUM,IODIPAMIDE SODIUM,NDA009321,BRACCO,INJECTABLE,INJECTION,Discontinued
CHOLOVUE,IODOXAMATE MEGLUMINE,NDA018076,BRACCO,INJECTABLE,INJECTION,Discontinued
CHOLOXIN,DEXTROTHYROXINE SODIUM,NDA012302,ABBVIE,TABLET,ORAL,Discontinued
CHOLYBAR,CHOLESTYRAMINE,ANDA071621,PARKE DAVIS,"BAR, CHEWABLE",ORAL,Discontinued
CHORIONIC GONADOTROPIN,"GONADOTROPIN, CHORIONIC",ANDA089314,QUAD PHARMS,Injectable,Injection,Discontinued
CHROMALBIN,ALBUMIN CHROMATED CR-51 SERUM,BLA017835,ISO TEX,INJECTABLE,INJECTION,Discontinued
CHROMIC CHLORIDE,CHROMIC CHLORIDE,NDA019271,ABRAXIS PHARM,INJECTABLE,INJECTION,Discontinued
CHROMIC CHLORIDE IN PLASTIC CONTAINER,CHROMIC CHLORIDE,NDA018961,HOSPIRA,INJECTABLE,INJECTION,Prescription
CHROMITOPE SODIUM,SODIUM CHROMATE CR-51,NDA013993,BRACCO,INJECTABLE,INJECTION,Discontinued
CHRONULAC,LACTULOSE,NDA017884,SANOFI AVENTIS US,SOLUTION,ORAL,Discontinued
CHYMEX,BENTIROMIDE,NDA018366,SAVAGE LABS,SOLUTION,ORAL,Discontinued
CHYMODIACTIN,CHYMOPAPAIN,BLA018663,"DISCURE MEDICAL, LLC",INJECTABLE,INJECTION,Discontinued
CIALIS,TADALAFIL,NDA021368,LILLY,TABLET,ORAL,Prescription
CIBACALCIN,CALCITONIN HUMAN,NDA018470,NOVARTIS,INJECTABLE,INJECTION,Discontinued
CIBINQO,ABROCITINIB,NDA213871,PFIZER,TABLET,ORAL,Prescription
CICLOPIROX,CICLOPIROX,ANDA077092,SUN PHARMA CANADA,SUSPENSION,TOPICAL,Discontinued
CIDA-STAT,CHLORHEXIDINE GLUCONATE,NDA019258,ECOLAB,SOLUTION,TOPICAL,Over-the-counter
CIDOFOVIR,CIDOFOVIR,ANDA202501,AVET LIFESCIENCES,SOLUTION,INTRAVENOUS,Prescription
CILOSTAZOL,CILOSTAZOL,ANDA077030,APOTEX,TABLET,ORAL,Prescription
CILOXAN,CIPROFLOXACIN HYDROCHLORIDE,NDA019992,SANDOZ,SOLUTION/DROPS,OPHTHALMIC,Prescription
CIMDUO,LAMIVUDINE; TENOFOVIR DISOPROXIL FUMARATE,NDA022141,MYLAN LABS LTD,TABLET,ORAL,Prescription
CIMERLI,RANIBIZUMAB-EQRN,BLA761165,SANDOZ INC,INJECTABLE,INJECTION,Prescription
CIMETIDINE,CIMETIDINE,ANDA074371,CYCLE,TABLET,ORAL,Discontinued
CIMETIDINE HYDROCHLORIDE,CIMETIDINE HYDROCHLORIDE,ANDA074252,TEVA PARENTERAL,INJECTABLE,INJECTION,Discontinued
CIMETIDINE HYDROCHLORIDE IN SODIUM CHLORIDE 0.9% IN PLASTIC CONTAINER,CIMETIDINE HYDROCHLORIDE,ANDA074269,HOSPIRA,INJECTABLE,INJECTION,Discontinued
CIMZIA,CERTOLIZUMAB PEGOL,BLA125160,UCB INC,INJECTABLE,INJECTION,Prescription
CIN-QUIN,QUINIDINE SULFATE,ANDA084932,SOLVAY,TABLET,ORAL,Discontinued
CINACALCET HYDROCHLORIDE,CINACALCET HYDROCHLORIDE,ANDA203422,RISING,TABLET,ORAL,Discontinued
CINNASIL,RESCINNAMINE,ANDA084736,PANRAY,CAPSULE,ORAL,Discontinued
CINOBAC,CINOXACIN,NDA018067,LILLY,CAPSULE,ORAL,Discontinued
CINOXACIN,CINOXACIN,ANDA073005,TEVA,CAPSULE,ORAL,Discontinued
CINQAIR,RESLIZUMAB,BLA761033,TEVA RESPIRATORY LLC,INJECTABLE,INJECTION,Prescription
CINTICHEM TECHNETIUM 99M HEDSPA,TECHNETIUM TC-99M ETIDRONATE KIT,NDA017653,GE HEALTHCARE,INJECTABLE,INJECTION,Discontinued
CINVANTI,APREPITANT,NDA209296,HERON THERAPS INC,EMULSION,INTRAVENOUS,Prescription
CIPEPOFOL,CIPEPOFOL,NDA220482,HAISCO PHARMACEUTICAL GROUP CO LTD,INJECTION,,Prescription
CIPRO,CIPROFLOXACIN,NDA019847,BAYER HLTHCARE,INJECTABLE,INJECTION,Discontinued
CIPRO,CIPROFLOXACIN HYDROCHLORIDE,NDA019537,BAYER HLTHCARE,TABLET,ORAL,Discontinued
CIPRO HC,CIPROFLOXACIN HYDROCHLORIDE; HYDROCORTISONE,NDA020805,SANDOZ,SUSPENSION/DROPS,OTIC,Prescription
CIPRO IN DEXTROSE 5% IN PLASTIC CONTAINER,CIPROFLOXACIN,NDA019857,BAYER HLTHCARE,INJECTABLE,INJECTION,Discontinued
CIPRO IN SODIUM CHLORIDE 0.9% IN PLASTIC CONTAINER,CIPROFLOXACIN,NDA019858,BAYER PHARMS,INJECTABLE,INJECTION,Discontinued
CIPRO XR,CIPROFLOXACIN; CIPROFLOXACIN HYDROCHLORIDE,NDA021473,BAYER HLTHCARE,"TABLET, EXTENDED RELEASE",ORAL,Discontinued
CIPRODEX,CIPROFLOXACIN; DEXAMETHASONE,NDA021537,SANDOZ,SUSPENSION/DROPS,OTIC,Prescription
CIPROFLOXACIN,CIPROFLOXACIN,ANDA076717,HIKMA FARMACEUTICA,INJECTABLE,INJECTION,Prescription
CIPROFLOXACIN AND DEXAMETHASONE,CIPROFLOXACIN; DEXAMETHASONE,ANDA205548,DR REDDYS,SUSPENSION/DROPS,OTIC,Prescription
CIPROFLOXACIN EXTENDED RELEASE,CIPROFLOXACIN; CIPROFLOXACIN HYDROCHLORIDE,ANDA078166,PH HEALTH,"TABLET, EXTENDED RELEASE",ORAL,Discontinued
CIPROFLOXACIN HYDROCHLORIDE,CIPROFLOXACIN HYDROCHLORIDE,ANDA217887,ALEMBIC THERAP,SOLUTION/DROPS,OTIC,Prescription
CIPROFLOXACIN HYDROCHLORIDE AND HYDROCORTISONE,CIPROFLOXACIN HYDROCHLORIDE; HYDROCORTISONE,ANDA218273,COSETTE PHARMS NC,SUSPENSION/DROPS,OTIC,Prescription
CIPROFLOXACIN IN DEXTROSE 5%,CIPROFLOXACIN,ANDA076757,HIKMA FARMACEUTICA,INJECTABLE,INJECTION,Discontinued
CIPROFLOXACIN IN DEXTROSE 5% IN PLASTIC CONTAINER,CIPROFLOXACIN,ANDA078252,INFORLIFE,INJECTABLE,INJECTION,Prescription
CIRCANOL,ERGOLOID MESYLATES,ANDA085809,3M,TABLET,SUBLINGUAL,Discontinued
CIS-MDP,TECHNETIUM TC-99M MEDRONATE KIT,NDA018124,SUN PHARM INDS INC,INJECTABLE,INJECTION,Prescription
CIS-PYRO,TECHNETIUM TC-99M PYROPHOSPHATE KIT,NDA019039,SUN PHARM INDS INC,INJECTABLE,INJECTION,Prescription
CISATRACURIUM BESYLATE,CISATRACURIUM BESYLATE,ANDA203078,HIKMA,INJECTABLE,INJECTION,Prescription
CISATRACURIUM BESYLATE PRESERVATIVE FREE,CISATRACURIUM BESYLATE,ANDA203182,FRESENIUS KABI USA,INJECTABLE,INJECTION,Prescription
CISPLATIN,CISPLATIN,ANDA207323,GLAND,INJECTABLE,INJECTION,Prescription
CITALOPRAM HYDROBROMIDE,CITALOPRAM HYDROBROMIDE,ANDA077031,AUROBINDO,TABLET,ORAL,Prescription
CITANEST,PRILOCAINE HYDROCHLORIDE,NDA014763,ASTRAZENECA,INJECTABLE,INJECTION,Discontinued
CITANEST FORTE,EPINEPHRINE BITARTRATE; PRILOCAINE HYDROCHLORIDE,NDA014763,ASTRAZENECA,INJECTABLE,INJECTION,Discontinued
CITANEST FORTE DENTAL,EPINEPHRINE BITARTRATE; PRILOCAINE HYDROCHLORIDE,NDA021383,DENTSPLY PHARM,INJECTABLE,INJECTION,Prescription
CITANEST PLAIN,PRILOCAINE HYDROCHLORIDE,NDA014763,ASTRAZENECA,INJECTABLE,INJECTION,Discontinued
CITANEST PLAIN DENTAL,PRILOCAINE HYDROCHLORIDE,NDA021382,DENTSPLY PHARM,INJECTABLE,INJECTION,Discontinued
CITRIC ACID; MAGNESIUM OXIDE; SODIUM PICOSULFATE,CITRIC ACID; MAGNESIUM OXIDE; SODIUM PICOSULFATE,ANDA205743,PAR PHARM INC,FOR SOLUTION,ORAL,None (Tentative Approval)
CLADRIBINE,CLADRIBINE,ANDA218425,APOTEX,TABLET,ORAL,Prescription
CLAFORAN,CEFOTAXIME SODIUM,ANDA062659,SANOFI AVENTIS US,INJECTABLE,INJECTION,Discontinued
CLAFORAN IN DEXTROSE 5% IN PLASTIC CONTAINER,CEFOTAXIME SODIUM,NDA050596,STERIMAX,INJECTABLE,INJECTION,Discontinued
CLAFORAN IN SODIUM CHLORIDE 0.9% IN PLASTIC CONTAINER,CEFOTAXIME SODIUM,NDA050596,STERIMAX,INJECTABLE,INJECTION,Discontinued
CLARAVIS,ISOTRETINOIN,ANDA076135,TEVA PHARMS USA,CAPSULE,ORAL,Prescription
CLARINEX,DESLORATADINE,NDA021297,SCHERING,Tablet,Oral,Prescription
CLARINEX D 24 HOUR,DESLORATADINE; PSEUDOEPHEDRINE SULFATE,NDA021605,ORGANON,"TABLET, EXTENDED RELEASE",ORAL,Discontinued
CLARINEX-D 12 HOUR,DESLORATADINE; PSEUDOEPHEDRINE SULFATE,NDA021313,ORGANON LLC,"TABLET, EXTENDED RELEASE",ORAL,Prescription
CLARISCAN,GADOTERATE MEGLUMINE,ANDA210016,GE HEALTHCARE,SOLUTION,INTRAVENOUS,Prescription
CLARITHROMYCIN,CLARITHROMYCIN,ANDA202710,NOVITIUM PHARMA,TABLET,ORAL,Prescription
CLARITIN,LORATADINE,NDA021891,BAYER HEALTHCARE LLC,"TABLET, CHEWABLE",ORAL,Over-the-counter
CLARITIN HIVES RELIEF,LORATADINE,NDA020641,BAYER HEALTHCARE LLC,SYRUP,ORAL,Discontinued
CLARITIN HIVES RELIEF REDITAB,LORATADINE,NDA020704,BAYER HEALTHCARE LLC,"TABLET, ORALLY DISINTEGRATING",ORAL,Over-the-counter
CLARITIN REDITABS,LORATADINE,NDA021993,BAYER HEALTHCARE LLC,"TABLET, ORALLY DISINTEGRATING",ORAL,Over-the-counter
CLARITIN-D,LORATADINE; PSEUDOEPHEDRINE SULFATE,NDA019670,BAYER HEALTHCARE LLC,"TABLET, EXTENDED RELEASE",ORAL,Over-the-counter
CLARITIN-D 24 HOUR,LORATADINE; PSEUDOEPHEDRINE SULFATE,NDA020470,BAYER HEALTHCARE LLC,"TABLET, EXTENDED RELEASE",ORAL,Over-the-counter
CLEMASTINE FUMARATE,CLEMASTINE FUMARATE,ANDA073459,OMNIVIUM PHARMS,TABLET,ORAL,Discontinued
CLENPIQ,CITRIC ACID; MAGNESIUM OXIDE; SODIUM PICOSULFATE,NDA209589,FERRING PHARMS INC,SOLUTION,ORAL,Prescription
CLENZ-LYTE,POLYETHYLENE GLYCOL 3350; POTASSIUM CHLORIDE; SODIUM BICARBONATE; SODIUM CHLORIDE; SODIUM SULFATE,ANDA090769,PADDOCK LLC,FOR SOLUTION,ORAL,Discontinued
CLEOCIN,CLINDAMYCIN HYDROCHLORIDE,ANDA061809,PHARMACIA AND UPJOHN,CAPSULE,ORAL,Discontinued
CLEOCIN,CLINDAMYCIN PALMITATE HYDROCHLORIDE,ANDA062644,PFIZER,FOR SOLUTION,ORAL,Prescription
CLEOCIN,CLINDAMYCIN PHOSPHATE,NDA050537,PFIZER,SWAB,TOPICAL,Discontinued
CLEOCIN HYDROCHLORIDE,CLINDAMYCIN HYDROCHLORIDE,NDA050162,PFIZER,CAPSULE,ORAL,Prescription
CLEOCIN PHOSPHATE,CLINDAMYCIN PHOSPHATE,ANDA061839,PHARMACIA AND UPJOHN,INJECTABLE,INJECTION,Discontinued
CLEOCIN PHOSPHATE IN DEXTROSE 5% IN PLASTIC CONTAINER,CLINDAMYCIN PHOSPHATE,NDA050639,PFIZER,INJECTABLE,INJECTION,Discontinued
CLEOCIN T,CLINDAMYCIN PHOSPHATE,NDA050615,PFIZER,GEL,TOPICAL,Prescription
CLEVIPREX,CLEVIDIPINE,NDA022156,CHIESI,EMULSION,INTRAVENOUS,Prescription
CLIGAVYX,FULVESTRANT,NDA210063,AVYXA HOLDINGS,SOLUTION,INTRAMUSCULAR,Prescription
CLIMARA,ESTRADIOL,NDA020375,BAYER HLTHCARE,"FILM, EXTENDED RELEASE",TRANSDERMAL,Prescription
CLIMARA PRO,ESTRADIOL; LEVONORGESTREL,NDA021258,BAYER HLTHCARE,"FILM, EXTENDED RELEASE",TRANSDERMAL,Prescription
CLINDA-DERM,CLINDAMYCIN PHOSPHATE,ANDA063329,PADAGIS US,SOLUTION,TOPICAL,Discontinued
CLINDAGEL,CLINDAMYCIN PHOSPHATE,NDA050782,BAUSCH,GEL,TOPICAL,Prescription
CLINDAMYCIN HYDROCHLORIDE,CLINDAMYCIN HYDROCHLORIDE,ANDA063027,TEVA,CAPSULE,ORAL,Discontinued
CLINDAMYCIN PALMITATE HYDROCHLORIDE,CLINDAMYCIN PALMITATE HYDROCHLORIDE,ANDA201821,RISING,FOR SOLUTION,ORAL,Prescription
CLINDAMYCIN PHOSPHATE,CLINDAMYCIN PHOSPHATE,ANDA090785,PADAGIS ISRAEL,"AEROSOL, FOAM",TOPICAL,Prescription
CLINDAMYCIN PHOSPHATE AND BENZOYL PEROXIDE,BENZOYL PEROXIDE; CLINDAMYCIN PHOSPHATE,ANDA090979,PADAGIS ISRAEL,GEL,TOPICAL,Prescription
CLINDAMYCIN PHOSPHATE AND TRETINOIN,CLINDAMYCIN PHOSPHATE; TRETINOIN,ANDA216943,ENCUBE,GEL,TOPICAL,Prescription
CLINDAMYCIN PHOSPHATE IN 0.9% SODIUM CHLORIDE,CLINDAMYCIN PHOSPHATE,NDA208083,BAXTER HLTHCARE CORP,SOLUTION,INTRAVENOUS,Prescription
CLINDAMYCIN PHOSPHATE IN 5% DEXTROSE IN PLASTIC CONTAINER,CLINDAMYCIN PHOSPHATE,ANDA201692,SANDOZ INC,INJECTABLE,INJECTION,Prescription
CLINDAMYCIN PHOSPHATE IN DEXTROSE 5%,CLINDAMYCIN PHOSPHATE,NDA050636,ABRAXIS PHARM,INJECTABLE,INJECTION,Discontinued
CLINDAMYCIN PHOSPHATE IN DEXTROSE 5% IN PLASTIC CONTAINER,CLINDAMYCIN PHOSPHATE,NDA050648,BAXTER HLTHCARE,INJECTABLE,INJECTION,Discontinued
CLINDESSE,CLINDAMYCIN PHOSPHATE,NDA050793,PADAGIS US,CREAM,VAGINAL,Prescription
CLINDETS,CLINDAMYCIN PHOSPHATE,ANDA064136,PERRIGO CO,SWAB,TOPICAL,Discontinued
CLINIMIX 2.75/10 SULFITE FREE IN DEXTROSE 10% IN PLASTIC CONTAINER,AMINO ACIDS; DEXTROSE,NDA020734,BAXTER HLTHCARE,INJECTABLE,INJECTION,Prescription
CLINIMIX 2.75/25 SULFITE FREE IN DEXTROSE 25% IN PLASTIC CONTAINER,AMINO ACIDS; DEXTROSE,NDA020734,BAXTER HLTHCARE,INJECTABLE,INJECTION,Prescription
CLINIMIX 2.75/5 SULFITE FREE IN DEXTROSE 5% IN PLASTIC CONTAINER,AMINO ACIDS; DEXTROSE,NDA020734,BAXTER HLTHCARE,INJECTABLE,INJECTION,Prescription
CLINIMIX 4.25/10 SULFITE FREE IN DEXTROSE 10% IN PLASTIC CONTAINER,AMINO ACIDS; DEXTROSE,NDA020734,BAXTER HLTHCARE,INJECTABLE,INJECTION,Prescription
CLINIMIX 4.25/20 SULFITE FREE IN DEXTROSE 20% IN PLASTIC CONTAINER,AMINO ACIDS; DEXTROSE,NDA020734,BAXTER HLTHCARE,INJECTABLE,INJECTION,Prescription
CLINIMIX 4.25/25 SULFITE FREE IN DEXTROSE 25% IN PLASTIC CONTAINER,AMINO ACIDS; DEXTROSE,NDA020734,BAXTER HLTHCARE,INJECTABLE,INJECTION,Prescription
CLINIMIX 4.25/5 SULFITE FREE IN DEXTROSE 5% IN PLASTIC CONTAINER,AMINO ACIDS; DEXTROSE,NDA020734,BAXTER HLTHCARE,INJECTABLE,INJECTION,Prescription
CLINIMIX 5/10 SULFITE FREE IN DEXTROSE 10% IN PLASTIC CONTAINER,AMINO ACIDS; DEXTROSE,NDA020734,BAXTER HLTHCARE,INJECTABLE,INJECTION,Prescription
CLINIMIX 5/15 SULFITE FREE IN DEXTROSE 15% IN PLASTIC CONTAINER,AMINO ACIDS; DEXTROSE,NDA020734,BAXTER HLTHCARE,INJECTABLE,INJECTION,Prescription
CLINIMIX 5/20 SULFITE FREE IN DEXTROSE 20% IN PLASTIC CONTAINER,AMINO ACIDS; DEXTROSE,NDA020734,BAXTER HLTHCARE,INJECTABLE,INJECTION,Prescription
CLINIMIX 5/25 SULFITE FREE IN DEXTROSE 25% IN PLASTIC CONTAINER,AMINO ACIDS; DEXTROSE,NDA020734,BAXTER HLTHCARE,INJECTABLE,INJECTION,Prescription
CLINIMIX 5/35 SULFITE FREE IN DEXTROSE 35% IN PLASTIC CONTAINER,AMINO ACIDS; DEXTROSE,NDA020734,BAXTER HLTHCARE,INJECTABLE,INJECTION,Prescription
CLINIMIX 8/14 SULFITE FREE IN DEXTROSE 14% IN PLASTIC CONTAINER,AMINO ACIDS; DEXTROSE,NDA020734,BAXTER HLTHCARE,INJECTABLE,INJECTION,Prescription
CLINIMIX E 2.75/10 SULFITE FREE W/ ELECT IN DEXTROSE 10% W/ CALCIUM IN PLASTIC CONTAINER,"AMINO ACIDS; CALCIUM CHLORIDE; DEXTROSE; MAGNESIUM CHLORIDE; POTASSIUM PHOSPHATE, DIBASIC; SODIUM ACETATE; SODIUM CHLORIDE",NDA020678,BAXTER HLTHCARE,INJECTABLE,INJECTION,Prescription
CLINIMIX E 2.75/25 SULFITE FREE W/ ELECT IN DEXTROSE 25% W/ CALCIUM IN PLASTIC CONTAINER,"AMINO ACIDS; CALCIUM CHLORIDE; DEXTROSE; MAGNESIUM CHLORIDE; POTASSIUM PHOSPHATE, DIBASIC; SODIUM ACETATE; SODIUM CHLORIDE",NDA020678,BAXTER HLTHCARE,INJECTABLE,INJECTION,Prescription
CLINIMIX E 2.75/5 SULFITE FREE W/ ELECT IN DEXTROSE 5% W/ CALCIUM IN PLASTIC CONTAINER,"AMINO ACIDS; CALCIUM CHLORIDE; DEXTROSE; MAGNESIUM CHLORIDE; POTASSIUM PHOSPHATE, DIBASIC; SODIUM ACETATE; SODIUM CHLORIDE",NDA020678,BAXTER HLTHCARE,INJECTABLE,INJECTION,Prescription
CLINIMIX E 4.25/10 SULFITE FREE W/ ELECT IN DEXTROSE 10% W/ CALCIUM IN PLASTIC CONTAINER,"AMINO ACIDS; CALCIUM CHLORIDE; DEXTROSE; MAGNESIUM CHLORIDE; POTASSIUM PHOSPHATE, DIBASIC; SODIUM ACETATE; SODIUM CHLORIDE",NDA020678,BAXTER HLTHCARE,INJECTABLE,INJECTION,Prescription
CLINIMIX E 4.25/20 SULFITE FREE W/ ELECT IN DEXTROSE 20% W/ CALCIUM IN PLASTIC CONTAINER,"AMINO ACIDS; CALCIUM CHLORIDE; DEXTROSE; MAGNESIUM CHLORIDE; POTASSIUM PHOSPHATE, DIBASIC; SODIUM ACETATE; SODIUM CHLORIDE",NDA020678,BAXTER HLTHCARE,INJECTABLE,INJECTION,Prescription
CLINIMIX E 4.25/25 SULFITE FREE W/ ELECT IN DEXTROSE 25% W/ CALCIUM IN PLASTIC CONTAINER,"AMINO ACIDS; CALCIUM CHLORIDE; DEXTROSE; MAGNESIUM CHLORIDE; POTASSIUM PHOSPHATE, DIBASIC; SODIUM ACETATE; SODIUM CHLORIDE",NDA020678,BAXTER HLTHCARE,INJECTABLE,INJECTION,Prescription
CLINIMIX E 4.25/5 SULFITE FREE W/ ELECT IN DEXTROSE 5% W/ CALCIUM IN PLASTIC CONTAINER,"AMINO ACIDS; CALCIUM CHLORIDE; DEXTROSE; MAGNESIUM CHLORIDE; POTASSIUM PHOSPHATE, DIBASIC; SODIUM ACETATE; SODIUM CHLORIDE",NDA020678,BAXTER HLTHCARE,INJECTABLE,INJECTION,Prescription
CLINIMIX E 5/10 SULFITE FREE W/ ELECT IN DEXTROSE 10% W/ CALCIUM IN PLASTIC CONTAINER,"AMINO ACIDS; CALCIUM CHLORIDE; DEXTROSE; MAGNESIUM CHLORIDE; POTASSIUM PHOSPHATE, DIBASIC; SODIUM ACETATE; SODIUM CHLORIDE",NDA020678,BAXTER HLTHCARE,INJECTABLE,INJECTION,Prescription
CLINIMIX E 5/15 SULFITE FREE W/ ELECT IN DEXTROSE 15% W/ CALCIUM IN PLASTIC CONTAINER,"AMINO ACIDS; CALCIUM CHLORIDE; DEXTROSE; MAGNESIUM CHLORIDE; POTASSIUM PHOSPHATE, DIBASIC; SODIUM ACETATE; SODIUM CHLORIDE",NDA020678,BAXTER HLTHCARE,INJECTABLE,INJECTION,Prescription
CLINIMIX E 5/20 SULFITE FREE W/ ELECT IN 20% DEXTROSE W/ CALCIUM IN PLASTIC CONTAINER,"AMINO ACIDS; CALCIUM CHLORIDE; DEXTROSE; MAGNESIUM CHLORIDE; POTASSIUM PHOSPHATE, DIBASIC; SODIUM ACETATE; SODIUM CHLORIDE",NDA020678,BAXTER HLTHCARE,INJECTABLE,INJECTION,Prescription
CLINIMIX E 5/25 SULFITE FREE W/ ELECT IN DEXTROSE 25% W/ CALCIUM IN PLASTIC CONTAINER,"AMINO ACIDS; CALCIUM CHLORIDE; DEXTROSE; MAGNESIUM CHLORIDE; POTASSIUM PHOSPHATE, DIBASIC; SODIUM ACETATE; SODIUM CHLORIDE",NDA020678,BAXTER HLTHCARE,INJECTABLE,INJECTION,Prescription
CLINIMIX E 5/35 SULFITE FREE W/ ELECT IN DEXTROSE 35% W/ CALCIUM IN PLASTIC CONTAINER,"AMINO ACIDS; CALCIUM CHLORIDE; DEXTROSE; MAGNESIUM CHLORIDE; POTASSIUM PHOSPHATE, DIBASIC; SODIUM ACETATE; SODIUM CHLORIDE",NDA020678,BAXTER HLTHCARE,INJECTABLE,INJECTION,Prescription
CLINISOL 15% SULFITE FREE IN PLASTIC CONTAINER,AMINO ACIDS,ANDA020512,BAXTER HLTHCARE,INJECTABLE,INJECTION,Prescription
CLINOLIPID 20%,OLIVE OIL; SOYBEAN OIL,NDA204508,BAXTER HLTHCARE CORP,EMULSION,INTRAVENOUS,Prescription
CLINORIL,SULINDAC,NDA017911,MERCK,TABLET,ORAL,Discontinued
CLISTIN,CARBINOXAMINE MALEATE,NDA008915,ORTHO MCNEIL PHARM,TABLET,ORAL,Discontinued
CLOBAZAM,CLOBAZAM,ANDA211449,ZYDUS PHARMS,TABLET,ORAL,Prescription
CLOBETASOL PROPIONATE,CLOBETASOL PROPIONATE,ANDA076977,ENCUBE,SOLUTION,TOPICAL,Prescription
CLOBETASOL PROPIONATE (EMOLLIENT),CLOBETASOL PROPIONATE,ANDA209411,BEACH PRODS,CREAM,TOPICAL,Prescription
CLOBEX,CLOBETASOL PROPIONATE,NDA021535,GALDERMA LABS LP,LOTION,TOPICAL,Prescription
CLOCORTOLONE PIVALATE,CLOCORTOLONE PIVALATE,ANDA206370,TARO,CREAM,TOPICAL,Prescription
CLODERM,CLOCORTOLONE PIVALATE,NDA017765,LEGACY,CREAM,TOPICAL,Prescription
CLOFARABINE,CLOFARABINE,ANDA208167,ZYDUS PHARMS USA INC,INJECTABLE,INJECTION,None (Tentative Approval)
CLOFIBRATE,CLOFIBRATE,ANDA073396,BANNER PHARMACAPS,CAPSULE,ORAL,Discontinued
CLOLAR,CLOFARABINE,NDA021673,GENZYME,SOLUTION,INTRAVENOUS,Discontinued
CLOMID,CLOMIPHENE CITRATE,NDA016131,SANOFI AVENTIS US,TABLET,ORAL,Discontinued
CLOMIPHENE CITRATE,CLOMIPHENE CITRATE,ANDA216545,RUBICON RESEARCH,TABLET,ORAL,Prescription
CLOMIPRAMINE HYDROCHLORIDE,CLOMIPRAMINE HYDROCHLORIDE,ANDA074751,WATSON LABS,CAPSULE,ORAL,Discontinued
CLONAZEPAM,CLONAZEPAM,ANDA077147,ACCORD HLTHCARE,TABLET,ORAL,Prescription
CLONIDINE,CLONIDINE,NDA022499,TRIS PHARMA INC,"SUSPENSION, EXTENDED RELEASE",ORAL,Discontinued
CLONIDINE HYDROCHLORIDE,CLONIDINE HYDROCHLORIDE,ANDA210338,JUBILANT GENERICS,"TABLET, EXTENDED RELEASE",ORAL,Prescription
CLONIDINE HYDROCHLORIDE AND CHLORTHALIDONE,CHLORTHALIDONE; CLONIDINE HYDROCHLORIDE,ANDA071178,PAR PHARM,TABLET,ORAL,Discontinued
CLOPIDOGREL BISULFATE,CLOPIDOGREL BISULFATE,ANDA091023,DR REDDYS LABS LTD,TABLET,ORAL,Prescription
CLOPRA,METOCLOPRAMIDE HYDROCHLORIDE,ANDA070294,QUANTUM PHARMICS,TABLET,ORAL,Discontinued
"CLOPRA-""YELLOW""",METOCLOPRAMIDE HYDROCHLORIDE,ANDA070632,QUANTUM PHARMICS,TABLET,ORAL,Discontinued
CLORAZEPATE DIPOTASSIUM,CLORAZEPATE DIPOTASSIUM,ANDA213730,NOVITIUM PHARMA,TABLET,ORAL,Prescription
CLOROTEKAL,CHLOROPROCAINE HYDROCHLORIDE,NDA208791,B BRAUN MEDICAL,SOLUTION,INTRATHECAL,Discontinued
CLORPRES,CHLORTHALIDONE; CLONIDINE HYDROCHLORIDE,ANDA071325,NATCO PHARMA,TABLET,ORAL,Discontinued
CLOTIC,CLOTRIMAZOLE,NDA217628,CARWIN PHARM ASSOC,SOLUTION/DROPS,OTIC,Prescription
CLOTRIMAZOLE,CLOTRIMAZOLE,ANDA074165,ENCUBE,CREAM,VAGINAL,Over-the-counter
CLOTRIMAZOLE AND BETAMETHASONE DIPROPIONATE,BETAMETHASONE DIPROPIONATE; CLOTRIMAZOLE,ANDA202894,GLENMARK SPECLT,CREAM,TOPICAL,Discontinued
CLOVIQUE,TRIENTINE HYDROCHLORIDE,ANDA209731,CHARTWELL RX,CAPSULE,ORAL,Discontinued
CLOXACILLIN SODIUM,CLOXACILLIN SODIUM,ANDA061452,APOTHECON,CAPSULE,ORAL,Discontinued
CLOXAPEN,CLOXACILLIN SODIUM,ANDA061806,GLAXOSMITHKLINE,CAPSULE,ORAL,Discontinued
CLOZAPINE,CLOZAPINE,ANDA201824,MYLAN,"TABLET, ORALLY DISINTEGRATING",ORAL,Prescription
CLOZARIL,CLOZAPINE,NDA019758,HERITAGE LIFE,TABLET,ORAL,Discontinued
CO-GESIC,ACETAMINOPHEN; HYDROCODONE BITARTRATE,ANDA089360,CENT PHARMS,CAPSULE,ORAL,Discontinued
CO-LAV,POLYETHYLENE GLYCOL 3350; POTASSIUM CHLORIDE; SODIUM BICARBONATE; SODIUM CHLORIDE; SODIUM SULFATE ANHYDROUS,ANDA073428,VINTAGE PHARMS,FOR SUSPENSION,ORAL,Discontinued
COACTIN,AMDINOCILLIN,NDA050565,ROCHE,INJECTABLE,INJECTION,Discontinued
COARTEM,ARTEMETHER; LUMEFANTRINE,NDA022268,NOVARTIS,TABLET,ORAL,Prescription
COBAVITE,CYANOCOBALAMIN,ANDA083064,WATSON LABS,INJECTABLE,INJECTION,Discontinued
COBENFY,TROSPIUM CHLORIDE; XANOMELINE TARTRATE,NDA216158,BRISTOL-MYERS,CAPSULE,ORAL,Prescription
COBICISTAT,COBICISTAT,ANDA209986,MYLAN LABS LTD,TABLET,ORAL,Discontinued
CODAMINE,HYDROCODONE BITARTRATE; PHENYLPROPANOLAMINE HYDROCHLORIDE,ANDA075103,ALPHARMA US PHARMS,SYRUP,ORAL,Discontinued
CODEINE SULFATE,CODEINE SULFATE,NDA022402,HIKMA,TABLET,ORAL,Prescription
"CODEINE, ASPIRIN, APAP FORMULA NO. 2",ACETAMINOPHEN; ASPIRIN; CODEINE PHOSPHATE,ANDA085640,SCHERER LABS,CAPSULE,ORAL,Discontinued
"CODEINE, ASPIRIN, APAP FORMULA NO. 3",ACETAMINOPHEN; ASPIRIN; CODEINE PHOSPHATE,ANDA085639,SCHERER LABS,CAPSULE,ORAL,Discontinued
"CODEINE, ASPIRIN, APAP FORMULA NO. 4",ACETAMINOPHEN; ASPIRIN; CODEINE PHOSPHATE,ANDA085638,SCHERER LABS,CAPSULE,ORAL,Discontinued
CODEPREX,CHLORPHENIRAMINE POLISTIREX; CODEINE POLISTIREX,NDA021369,LANNETT CO INC,"SUSPENSION, EXTENDED RELEASE",ORAL,Discontinued
CODIMAL-L.A. 12,CHLORPHENIRAMINE MALEATE; PSEUDOEPHEDRINE HYDROCHLORIDE,NDA018935,SCHWARZ PHARMA,"CAPSULE, EXTENDED RELEASE",ORAL,Discontinued
CODOXY,ASPIRIN; OXYCODONE HYDROCHLORIDE; OXYCODONE TEREPHTHALATE,ANDA087464,HALSEY,TABLET,ORAL,Discontinued
CODRIX,ACETAMINOPHEN; CODEINE PHOSPHATE,ANDA040441,WATSON LABS FLORIDA,TABLET,ORAL,Discontinued
COGENTIN,BENZTROPINE MESYLATE,NDA012015,EPIC PHARMA LLC,INJECTABLE,INJECTION,Discontinued
COGNEX,TACRINE HYDROCHLORIDE,NDA020070,SHIONOGI INC,CAPSULE,ORAL,Discontinued
COL-PROBENECID,COLCHICINE; PROBENECID,ANDA084279,WATSON LABS,TABLET,ORAL,Prescription
COLAZAL,BALSALAZIDE DISODIUM,NDA020610,VALEANT PHARMS INTL,CAPSULE,ORAL,Prescription
COLBENEMID,COLCHICINE; PROBENECID,NDA012383,MERCK,TABLET,ORAL,Discontinued
COLCHICINE,COLCHICINE,ANDA215444,AUROBINDO PHARMA LTD,TABLET,ORAL,Prescription
COLCRYS,COLCHICINE,NDA022352,TAKEDA PHARMS USA,TABLET,ORAL,Discontinued
COLD CAPSULE IV,CHLORPHENIRAMINE MALEATE; PHENYLPROPANOLAMINE HYDROCHLORIDE,NDA018793,GRAHAM DM,"CAPSULE, EXTENDED RELEASE",ORAL,Discontinued
COLD CAPSULE V,CHLORPHENIRAMINE MALEATE; PHENYLPROPANOLAMINE HYDROCHLORIDE,NDA018794,GRAHAM DM,"CAPSULE, EXTENDED RELEASE",ORAL,Discontinued
COLESEVELAM HYDROCHLORIDE,COLESEVELAM HYDROCHLORIDE,ANDA200830,WATSON LABS INC,TABLET,ORAL,Discontinued
COLESTID,COLESTIPOL HYDROCHLORIDE,NDA017563,PFIZER,GRANULE,ORAL,Prescription
COLESTIPOL HYDROCHLORIDE,COLESTIPOL HYDROCHLORIDE,ANDA220012,MACLEODS PHARMS,TABLET,ORAL,Prescription
COLGATE TOTAL,SODIUM FLUORIDE; TRICLOSAN,NDA020231,COLGATE PALMOLIVE,PASTE,DENTAL,Discontinued
COLISTIMETHATE SODIUM,COLISTIMETHATE SODIUM,ANDA065364,FRESENIUS KABI USA,INJECTABLE,INJECTION,Prescription
COLOCORT,HYDROCORTISONE,ANDA075172,CHARTWELL,ENEMA,RECTAL,Prescription
COLONAID,ATROPINE SULFATE; DIPHENOXYLATE HYDROCHLORIDE,ANDA085737,MEDPOINTE PHARM HLC,TABLET,ORAL,Discontinued
COLOVAGE,POLYETHYLENE GLYCOL 3350; POTASSIUM CHLORIDE; SODIUM BICARBONATE; SODIUM CHLORIDE; SODIUM SULFATE ANHYDROUS,ANDA071320,DYNAPHARM,FOR SUSPENSION,ORAL,Discontinued
COLPREP KIT,MAGNESIUM SULFATE; POTASSIUM SULFATE; SODIUM SULFATE,NDA204553,GATOR PHARMS,POWDER,ORAL,Discontinued
COLUMVI,GLOFITAMAB-GXBM,BLA761309,GENENTECH INC,INJECTABLE,INJECTION,Prescription
COLY-MYCIN M,COLISTIMETHATE SODIUM,NDA050108,PH HEALTH,INJECTABLE,INJECTION,Discontinued
COLY-MYCIN S,COLISTIN SULFATE,NDA050355,PARKE DAVIS,SUSPENSION,ORAL,Discontinued
COLY-MYCIN S,COLISTIN SULFATE; HYDROCORTISONE ACETATE; NEOMYCIN SULFATE; THONZONIUM BROMIDE,NDA050356,PH HEALTH,SUSPENSION/DROPS,OTIC,Prescription
COLYTE,POLYETHYLENE GLYCOL 3350; POTASSIUM CHLORIDE; SODIUM BICARBONATE; SODIUM CHLORIDE; SODIUM SULFATE ANHYDROUS,NDA018983,STRIDES PHARMA INTL,FOR SOLUTION,ORAL,Discontinued
COLYTE WITH FLAVOR PACKS,POLYETHYLENE GLYCOL 3350; POTASSIUM CHLORIDE; SODIUM BICARBONATE; SODIUM CHLORIDE; SODIUM SULFATE ANHYDROUS,NDA018983,STRIDES PHARMA INTL,FOR SOLUTION,ORAL,Discontinued
COLYTE-FLAVORED,POLYETHYLENE GLYCOL 3350; POTASSIUM CHLORIDE; SODIUM BICARBONATE; SODIUM CHLORIDE; SODIUM SULFATE ANHYDROUS,NDA018983,STRIDES PHARMA INTL,FOR SOLUTION,ORAL,Discontinued
COMBIGAN,BRIMONIDINE TARTRATE; TIMOLOL MALEATE,NDA021398,ABBVIE,SOLUTION/DROPS,OPHTHALMIC,Prescription
COMBIPATCH,ESTRADIOL; NORETHINDRONE ACETATE,NDA020870,NOVEN PHARMS INC,"FILM, EXTENDED RELEASE",TRANSDERMAL,Prescription
COMBIPRES,CHLORTHALIDONE; CLONIDINE HYDROCHLORIDE,NDA017503,BOEHRINGER INGELHEIM,TABLET,ORAL,Discontinued
COMBIVENT,ALBUTEROL SULFATE; IPRATROPIUM BROMIDE,NDA020291,BOEHRINGER INGELHEIM,"AEROSOL, METERED",INHALATION,Discontinued
COMBIVENT RESPIMAT,ALBUTEROL SULFATE; IPRATROPIUM BROMIDE,NDA021747,BOEHRINGER INGELHEIM,"SPRAY, METERED",INHALATION,Prescription
COMBIVIR,LAMIVUDINE; ZIDOVUDINE,NDA020857,VIIV HLTHCARE,TABLET,ORAL,Discontinued
COMBOGESIC,ACETAMINOPHEN; IBUPROFEN,NDA209471,AFT PHARMS US,TABLET,ORAL,Prescription
COMBOGESIC IV,ACETAMINOPHEN; IBUPROFEN SODIUM,NDA215320,HIKMA,SOLUTION,INTRAVENOUS,Prescription
COMBUNOX,IBUPROFEN; OXYCODONE HYDROCHLORIDE,NDA021378,FOREST LABS,TABLET,ORAL,Discontinued
COMETRIQ,CABOZANTINIB S-MALATE,NDA203756,EXELIXIS,CAPSULE,ORAL,Prescription
COMPAZINE,PROCHLORPERAZINE,NDA011127,GLAXOSMITHKLINE,SUPPOSITORY,RECTAL,Discontinued
COMPAZINE,PROCHLORPERAZINE EDISYLATE,NDA011188,GLAXOSMITHKLINE,SYRUP,ORAL,Discontinued
COMPAZINE,PROCHLORPERAZINE MALEATE,NDA010571,GLAXOSMITHKLINE,TABLET,ORAL,Discontinued
COMPLERA,EMTRICITABINE; RILPIVIRINE HYDROCHLORIDE; TENOFOVIR DISOPROXIL FUMARATE,NDA202123,GILEAD SCIENCES INC,TABLET,ORAL,Prescription
COMPOUND 65,ASPIRIN; CAFFEINE; PROPOXYPHENE HYDROCHLORIDE,ANDA084553,ALRA,CAPSULE,ORAL,Discontinued
COMPRO,PROCHLORPERAZINE,ANDA040246,PADAGIS US,SUPPOSITORY,RECTAL,Prescription
COMTAN,ENTACAPONE,NDA020796,ORION PHARMA,TABLET,ORAL,Prescription
CONCENTRAID,DESMOPRESSIN ACETATE,NDA019776,FERRING,SOLUTION,NASAL,Discontinued
CONCERTA,METHYLPHENIDATE HYDROCHLORIDE,NDA021121,JANSSEN PHARMS,"TABLET, EXTENDED RELEASE",ORAL,Prescription
CONDYLOX,PODOFILOX,NDA020529,ALLERGAN,GEL,TOPICAL,Discontinued
CONEXXENCE,DENOSUMAB-BNHT,BLA761398,FRESENIUS KABI USA LLC,INJECTION,,Prescription
CONJUGATED ESTROGENS,"ESTROGENS, CONJUGATED",ANDA214025,NOVAST LABS,TABLET,ORAL,Prescription
CONJUPRI,LEVAMLODIPINE MALEATE,NDA212895,CSPC OUYI,TABLET,ORAL,Discontinued
CONRAY,IOTHALAMATE MEGLUMINE,NDA013295,LIEBEL-FLARSHEIM,INJECTABLE,INJECTION,Prescription
CONRAY 30,IOTHALAMATE MEGLUMINE,NDA016983,LIEBEL-FLARSHEIM,INJECTABLE,INJECTION,Discontinued
CONRAY 325,IOTHALAMATE SODIUM,NDA017685,MALLINCKRODT,INJECTABLE,INJECTION,Discontinued
CONRAY 400,IOTHALAMATE SODIUM,NDA014295,MALLINCKRODT,INJECTABLE,INJECTION,Discontinued
CONRAY 43,IOTHALAMATE MEGLUMINE,NDA013295,LIEBEL-FLARSHEIM,INJECTABLE,INJECTION,Discontinued
CONSENSI,AMLODIPINE BESYLATE; CELECOXIB,NDA210045,PURPLE BIOTECH,TABLET,ORAL,Discontinued
CONSTILAC,LACTULOSE,ANDA071054,ALRA,SOLUTION,ORAL,Discontinued
CONSTULOSE,LACTULOSE,ANDA070288,ACTAVIS MID ATLANTIC,SOLUTION,ORAL,Discontinued
CONTEPO,FOSFOMYCIN DISODIUM,NDA212271,MEITHEAL,POWDER,INTRAVENOUS,Prescription
CONTRAVE,BUPROPION HYDROCHLORIDE; NALTREXONE HYDROCHLORIDE,NDA200063,AZURITY,"TABLET, EXTENDED RELEASE",ORAL,Prescription
CONZIP,TRAMADOL HYDROCHLORIDE,NDA022370,CIPHER PHARMS INC,"CAPSULE, EXTENDED RELEASE",ORAL,Discontinued
COPAXONE,GLATIRAMER ACETATE,NDA020622,TEVA PHARMS USA,INJECTABLE,SUBCUTANEOUS,Prescription
COPEGUS,RIBAVIRIN,NDA021511,ROCHE,TABLET,ORAL,Discontinued
COPIKTRA,DUVELISIB,NDA211155,SECURA,CAPSULE,ORAL,Prescription
COR-OTICIN,HYDROCORTISONE ACETATE; NEOMYCIN SULFATE,ANDA060188,EPIC PHARMA LLC,SUSPENSION/DROPS,OPHTHALMIC,Discontinued
CORDARONE,AMIODARONE HYDROCHLORIDE,NDA018972,WYETH PHARMS,TABLET,ORAL,Discontinued
CORDRAN,FLURANDRENOLIDE,NDA013790,INA PHARMS,LOTION,TOPICAL,Discontinued
CORDRAN N,FLURANDRENOLIDE; NEOMYCIN SULFATE,NDA050346,LILLY,CREAM,TOPICAL,Discontinued
CORDRAN SP,FLURANDRENOLIDE,NDA012806,INA PHARMS,CREAM,TOPICAL,Discontinued
COREG,CARVEDILOL,NDA020297,WAYLIS THERAP,TABLET,ORAL,Prescription
COREG CR,CARVEDILOL PHOSPHATE,NDA022012,WAYLIS THERAP,"CAPSULE, EXTENDED RELEASE",ORAL,Prescription
CORGARD,NADOLOL,NDA018063,USWM,TABLET,ORAL,Discontinued
CORLANOR,IVABRADINE,NDA209964,AMGEN INC,SOLUTION,ORAL,Discontinued
CORLANOR,IVABRADINE HYDROCHLORIDE,NDA206143,AMGEN INC,TABLET,ORAL,Discontinued
CORLOPAM,FENOLDOPAM MESYLATE,NDA019922,HOSPIRA,INJECTABLE,INJECTION,Discontinued
CORMAX,CLOBETASOL PROPIONATE,ANDA074220,HIKMA,CREAM,TOPICAL,Discontinued
CORPHED,PSEUDOEPHEDRINE HYDROCHLORIDE; TRIPROLIDINE HYDROCHLORIDE,ANDA088602,CHARTWELL RX,TABLET,ORAL,Discontinued
CORPHEDRA,EPHEDRINE SULFATE,NDA208943,PH HEALTH,SOLUTION,INTRAVENOUS,Prescription
CORSYM,CHLORPHENIRAMINE POLISTIREX; PHENYLPROPANOLAMINE POLISTIREX,NDA018050,UCB INC,"SUSPENSION, EXTENDED RELEASE",ORAL,Discontinued
CORT-DOME,HYDROCORTISONE,NDA009895,BAYER PHARMS,LOTION,TOPICAL,Discontinued
CORTALONE,PREDNISOLONE,ANDA080304,HALSEY,TABLET,ORAL,Discontinued
CORTAN,PREDNISONE,ANDA087480,HALSEY,TABLET,ORAL,Discontinued
CORTEF,HYDROCORTISONE,NDA008697,PHARMACIA AND UPJOHN,TABLET,ORAL,Prescription
CORTEF,HYDROCORTISONE CYPIONATE,NDA009900,PHARMACIA AND UPJOHN,SUSPENSION,ORAL,Discontinued
CORTEF ACETATE,HYDROCORTISONE ACETATE,NDA008917,PHARMACIA AND UPJOHN,OINTMENT,TOPICAL,Discontinued
CORTENEMA,HYDROCORTISONE,NDA016199,ANI PHARMS,ENEMA,RECTAL,Prescription
CORTICOTROPIN,CORTICOTROPIN,NDA010831,ORGANICS LAGRANGE,INJECTABLE,INJECTION,Discontinued
CORTIFOAM,HYDROCORTISONE ACETATE,NDA017351,VIATRIS,"AEROSOL, METERED",RECTAL,Prescription
CORTISONE ACETATE,CORTISONE ACETATE,ANDA080333,VITARINE,TABLET,ORAL,Discontinued
CORTISPORIN,BACITRACIN ZINC; HYDROCORTISONE; NEOMYCIN SULFATE; POLYMYXIN B SULFATE,NDA050416,CASPER PHARMA LLC,OINTMENT,OPHTHALMIC,Discontinued
CORTISPORIN,HYDROCORTISONE ACETATE; NEOMYCIN SULFATE; POLYMYXIN B SULFATE,NDA050218,MONARCH PHARMS,CREAM,TOPICAL,Discontinued
CORTISPORIN,HYDROCORTISONE; NEOMYCIN SULFATE; POLYMYXIN B SULFATE,NDA050169,MONARCH PHARMS,SUSPENSION/DROPS,OPHTHALMIC,Discontinued
CORTONE,CORTISONE ACETATE,NDA007110,MERCK,INJECTABLE,INJECTION,Discontinued
CORTRIL,HYDROCORTISONE,NDA009127,PFIZER,TABLET,ORAL,Discontinued
CORTRIL,HYDROCORTISONE ACETATE,NDA009164,PFIZER,INJECTABLE,INJECTION,Discontinued
CORTROPHIN-ZINC,CORTICOTROPIN-ZINC HYDROXIDE,NDA009854,ANI PHARMS,INJECTABLE,INJECTION,Discontinued
CORTROSYN,COSYNTROPIN,NDA016750,AMPHASTAR PHARMS INC,INJECTABLE,INJECTION,Prescription
CORVERT,IBUTILIDE FUMARATE,NDA020491,PFIZER,INJECTABLE,INJECTION,Prescription
CORZIDE,BENDROFLUMETHIAZIDE; NADOLOL,NDA018647,KING PHARMS LLC,TABLET,ORAL,Discontinued
COSELA,TRILACICLIB DIHYDROCHLORIDE,NDA214200,PHARMACOSMOS,POWDER,INTRAVENOUS,Prescription
COSENTYX,SECUKINUMAB,BLA125504,NOVARTIS PHARMS CORP,INJECTABLE,INJECTION,Prescription
COSMEGEN,DACTINOMYCIN,NDA050682,RECORDATI RARE,INJECTABLE,INJECTION,Discontinued
COSOPT,DORZOLAMIDE HYDROCHLORIDE; TIMOLOL MALEATE,NDA020869,THEA PHARMA,SOLUTION/DROPS,OPHTHALMIC,Prescription
COSOPT PF,DORZOLAMIDE HYDROCHLORIDE; TIMOLOL MALEATE,NDA202667,THEA PHARMA,SOLUTION/DROPS,OPHTHALMIC,Prescription
COSYNTROPIN,COSYNTROPIN,ANDA202147,SANDOZ,INJECTABLE,INJECTION,Prescription
COTAZYM,LIPASE; PANCRELIPASE (AMYLASE; PROTEASE),BLA020580,ORGANON USA INC,CAPSULE,ORAL,Discontinued
COTELLIC,COBIMETINIB FUMARATE,NDA206192,GENENTECH INC,TABLET,ORAL,Prescription
COTEMPLA XR-ODT,METHYLPHENIDATE,NDA205489,NEOS THERAPS INC,"TABLET, ORALLY DISINTEGRATING, EXTENDED RELEASE",ORAL,Prescription
COTRIM,SULFAMETHOXAZOLE; TRIMETHOPRIM,ANDA070034,TEVA,TABLET,ORAL,Discontinued
COTRIM D.S.,SULFAMETHOXAZOLE; TRIMETHOPRIM,ANDA070048,TEVA,TABLET,ORAL,Discontinued
COUMADIN,WARFARIN SODIUM,NDA009218,BRISTOL MYERS SQUIBB,TABLET,ORAL,Discontinued
COVERA-HS,VERAPAMIL HYDROCHLORIDE,NDA020552,PFIZER,"TABLET, EXTENDED RELEASE",ORAL,Discontinued
COXANTO,OXAPROZIN,NDA217927,SOLUBIOMIX,CAPSULE,ORAL,Prescription
COZAAR,LOSARTAN POTASSIUM,NDA020386,ORGANON,TABLET,ORAL,Prescription
CRENESSITY,CRINECERFONT,NDA218808,NEUROCRINE,CAPSULE,ORAL,Prescription
CREON,LIPASE; PANCRELIPASE (AMYLASE; PROTEASE),BLA020725,ABBVIE,"CAPSULE, DELAYED RELEASE",ORAL,Prescription
CRESEMBA,ISAVUCONAZONIUM SULFATE,NDA207501,ASTELLAS,POWDER,INTRAVENOUS,Prescription
CRESTOR,ROSUVASTATIN CALCIUM,NDA021366,ASTRAZENECA,TABLET,ORAL,Prescription
CREXONT,CARBIDOPA; LEVODOPA,NDA217186,IMPAX,"CAPSULE, EXTENDED RELEASE",ORAL,Prescription
CRINONE,PROGESTERONE,NDA020701,ABBVIE,GEL,VAGINAL,Discontinued
CRISABOROLE,CRISABOROLE,ANDA216242,MACLEODS PHARMS LTD,OINTMENT,,None (Tentative Approval)
CRIXIVAN,INDINAVIR SULFATE,NDA020685,MERCK SHARP DOHME,CAPSULE,ORAL,Discontinued
CROLOM,CROMOLYN SODIUM,ANDA074443,BAUSCH AND LOMB,SOLUTION/DROPS,OPHTHALMIC,Discontinued
CROMOLYN SODIUM,CROMOLYN SODIUM,ANDA075346,WOCKHARDT BIO AG,SOLUTION,INHALATION,Prescription
CROMOPTIC,CROMOLYN SODIUM,ANDA075088,KING PHARMS,SOLUTION/DROPS,OPHTHALMIC,Discontinued
CROTAN,CROTAMITON,ANDA087204,LEGACY,LOTION,TOPICAL,Prescription
CRYSELLE,ETHINYL ESTRADIOL; NORGESTREL,ANDA075840,DURAMED PHARMS BARR,TABLET,ORAL-21,Prescription
CRYSTODIGIN,DIGITOXIN,ANDA084100,LILLY,INJECTABLE,INJECTION,Discontinued
CRYSVITA,BUROSUMAB-TWZA,BLA761068,KYOWA KIRIN,INJECTABLE,INJECTION,Prescription
CTEXLI,CHENODIOL,NDA219488,MIRUM,TABLET,ORAL,Prescription
CU-7,COPPER,NDA017408,GD SEARLE LLC,INTRAUTERINE DEVICE,INTRAUTERINE,Discontinued
CUBICIN,DAPTOMYCIN,NDA021572,CUBIST PHARMS LLC,POWDER,INTRAVENOUS,Discontinued
CUBICIN RF,DAPTOMYCIN,NDA021572,CUBIST PHARMS LLC,POWDER,INTRAVENOUS,Discontinued
CUPRIC CHLORIDE,CUPRIC CHLORIDE,ANDA216113,SOMERSET,INJECTABLE,INJECTION,Prescription
CUPRIC CHLORIDE IN PLASTIC CONTAINER,CUPRIC CHLORIDE,NDA018960,HOSPIRA,INJECTABLE,INJECTION,Prescription
CUPRIC SULFATE,CUPRIC SULFATE,ANDA218745,APOTEX CORP,INJECTABLE,INJECTION,Discontinued
CUPRIMINE,PENICILLAMINE,NDA019853,VALEANT PHARMS INTL,CAPSULE,ORAL,Discontinued
CUROSURF,PORACTANT ALFA,BLA020744,CHIESI USA INC,SUSPENSION,INTRATRACHEAL,Prescription
CURRETAB,MEDROXYPROGESTERONE ACETATE,ANDA085686,SOLVAY,TABLET,ORAL,Discontinued
CUTIVATE,FLUTICASONE PROPIONATE,NDA019957,FOUGERA,OINTMENT,TOPICAL,Discontinued
CUVPOSA,GLYCOPYRROLATE,NDA022571,MERZ PHARMS,SOLUTION,ORAL,Prescription
CUVRIOR,TRIENTINE TETRAHYDROCHLORIDE,NDA215760,ORPHALAN,TABLET,ORAL,Prescription
CYANOCOBALAMIN,CYANOCOBALAMIN,ANDA080668,LUITPOLD,INJECTABLE,INJECTION,Discontinued
CYANOKIT,HYDROXOCOBALAMIN,NDA022041,BTG INTL,INJECTABLE,INJECTION,Prescription
CYCLACILLIN,CYCLACILLIN,ANDA062895,TEVA,TABLET,ORAL,Discontinued
CYCLAFEM 0.5/35,ETHINYL ESTRADIOL; NORETHINDRONE,ANDA203413,PH HEALTH,TABLET,ORAL-28,Discontinued
CYCLAFEM 1/35,ETHINYL ESTRADIOL; NORETHINDRONE,ANDA076337,PH HEALTH,TABLET,ORAL-28,Discontinued
CYCLAFEM 7/7/7,ETHINYL ESTRADIOL; NORETHINDRONE,ANDA076338,PH HEALTH,TABLET,ORAL-28,Discontinued
CYCLAINE,HEXYLCAINE HYDROCHLORIDE,NDA008472,MERCK,SOLUTION,TOPICAL,Discontinued
CYCLAPEN-W,CYCLACILLIN,NDA050508,WYETH AYERST,FOR SUSPENSION,ORAL,Discontinued
CYCLESSA,DESOGESTREL; ETHINYL ESTRADIOL,NDA021090,ASPEN GLOBAL INC,TABLET,ORAL-28,Prescription
CYCLOBENZAPRINE HYDROCHLORIDE,CYCLOBENZAPRINE HYDROCHLORIDE,ANDA078218,CHARTWELL RX,TABLET,ORAL,Prescription
CYCLOCORT,AMCINONIDE,NDA018498,ASTELLAS,OINTMENT,TOPICAL,Discontinued
CYCLOGYL,CYCLOPENTOLATE HYDROCHLORIDE,ANDA084110,ALCON LABS INC,SOLUTION/DROPS,OPHTHALMIC,Prescription
CYCLOMYDRIL,CYCLOPENTOLATE HYDROCHLORIDE; PHENYLEPHRINE HYDROCHLORIDE,ANDA084300,ALCON LABS INC,SOLUTION/DROPS,OPHTHALMIC,Prescription
CYCLOPAR,TETRACYCLINE HYDROCHLORIDE,ANDA061725,WARNER CHILCOTT,CAPSULE,ORAL,Discontinued
CYCLOPENTOLATE HYDROCHLORIDE,CYCLOPENTOLATE HYDROCHLORIDE,ANDA205937,SCIEGEN PHARMS,SOLUTION/DROPS,OPHTHALMIC,Discontinued
CYCLOPHOSPHAMIDE,CYCLOPHOSPHAMIDE,ANDA088372,BAXTER HLTHCARE,INJECTABLE,INJECTION,Discontinued
CYCLOSET,BROMOCRIPTINE MESYLATE,NDA020866,VEROSCIENCE,TABLET,ORAL,Prescription
CYCLOSPORINE,CYCLOSPORINE,ANDA203880,TEVA PHARMS USA INC,EMULSION,OPHTHALMIC,Prescription
CYCRIN,MEDROXYPROGESTERONE ACETATE,ANDA089386,ESI,TABLET,ORAL,Discontinued
CYKLOKAPRON,TRANEXAMIC ACID,NDA019280,PHARMACIA AND UPJOHN,TABLET,ORAL,Discontinued
CYKLX,ARTICAINE HYDROCHLORIDE,NDA218643,THEA PHARMA,SOLUTION/DROPS,OPHTHALMIC,Discontinued
CYLERT,PEMOLINE,NDA017703,ABBOTT,"TABLET, CHEWABLE",ORAL,Discontinued
CYLTEZO,ADALIMUMAB-ADBM,BLA761058,BOEHRINGER INGELHEIM,INJECTABLE,INJECTION,Prescription
CYMBALTA,DULOXETINE HYDROCHLORIDE,NDA021427,LILLY,"CAPSULE, DELAYED REL PELLETS",ORAL,Discontinued
CYONANZ,ETHINYL ESTRADIOL; NORETHINDRONE,ANDA207055,AUROBINDO PHARMA,TABLET,ORAL-28,Prescription
CYPROHEPTADINE HYDROCHLORIDE,CYPROHEPTADINE HYDROCHLORIDE,ANDA085245,WATSON LABS,TABLET,ORAL,Discontinued
CYRAMZA,RAMUCIRUMAB,BLA125477,ELI LILLY AND CO,INJECTABLE,INJECTION,Prescription
CYSTADANE,BETAINE,NDA020576,RECORDATI RARE,FOR SOLUTION,ORAL,Prescription
CYSTADROPS,CYSTEAMINE HYDROCHLORIDE,NDA211302,RECORDATI RARE,SOLUTION/DROPS,OPHTHALMIC,Prescription
CYSTAGON,CYSTEAMINE BITARTRATE,NDA020392,MYLAN,CAPSULE,ORAL,Prescription
CYSTARAN,CYSTEAMINE HYDROCHLORIDE,NDA200740,LEADIANT BIOSCI INC,SOLUTION/DROPS,OPHTHALMIC,Prescription
CYSTEINE HYDROCHLORIDE,CYSTEINE HYDROCHLORIDE,ANDA214082,DR REDDYS LABS SA,SOLUTION,INTRAVENOUS,Discontinued
CYSTO-CONRAY,IOTHALAMATE MEGLUMINE,NDA017057,LIEBEL-FLARSHEIM,Solution,"Intravesical, Ureteral",Prescription
CYSTO-CONRAY II,IOTHALAMATE MEGLUMINE,NDA017057,LIEBEL-FLARSHEIM,SOLUTION,INTRAVESICAL,Prescription
CYSTOGRAFIN,DIATRIZOATE MEGLUMINE,NDA010040,BRACCO,SOLUTION,URETHRAL,Prescription
CYSTOGRAFIN DILUTE,DIATRIZOATE MEGLUMINE,NDA010040,BRACCO,SOLUTION,URETHRAL,Prescription
CYSVIEW KIT,HEXAMINOLEVULINATE HYDROCHLORIDE,NDA022555,PHOTOCURE ASA,FOR SOLUTION,INTRAVESICAL,Prescription
CYTADREN,AMINOGLUTETHIMIDE,NDA018202,NOVARTIS,TABLET,ORAL,Discontinued
CYTALUX,PAFOLACIANINE SODIUM,NDA214907,ON TARGET LABS,SOLUTION,INTRAVENOUS,Prescription
CYTARABINE,CYTARABINE,ANDA201784,RISING,INJECTABLE,INJECTION,Prescription
CYTOMEL,LIOTHYRONINE SODIUM,NDA010379,KING PHARMS,TABLET,ORAL,Prescription
CYTOSAR-U,CYTARABINE,ANDA075206,TEVA PHARMS USA,INJECTABLE,INJECTION,Discontinued
CYTOTEC,MISOPROSTOL,NDA019268,PFIZER,TABLET,ORAL,Prescription
CYTOVENE,GANCICLOVIR,NDA020460,ROCHE PALO,CAPSULE,ORAL,Discontinued
CYTOVENE,GANCICLOVIR SODIUM,NDA019661,CHEPLAPHARM,INJECTABLE,INJECTION,Discontinued
CYTOXAN,CYCLOPHOSPHAMIDE,NDA012141,BAXTER HLTHCARE,TABLET,ORAL,Prescription
CYTOXAN (LYOPHILIZED),CYCLOPHOSPHAMIDE,NDA012142,BAXTER HLTHCARE,INJECTABLE,INJECTION,Discontinued
"Carbon Dioxide, USP",Carbon Dioxide,NDA220266,WELDERS SUPPLY COMPANY OF LOUISVILLE INC,GAS,INHALATION,Prescription
"Carbon Dioxide, USP","Carbon Dioxide, USP",NDA220050,"DJB GAS SERVICES, INC",GAS,INHALATION,Prescription
D.H.E. 45,DIHYDROERGOTAMINE MESYLATE,NDA005929,BAUSCH,INJECTABLE,INJECTION,Discontinued
DABIGATRAN ETEXILATE MESYLATE,DABIGATRAN ETEXILATE MESYLATE,ANDA208057,TEVA PHARMS USA,CAPSULE,ORAL,None (Tentative Approval)
DACARBAZINE,DACARBAZINE,ANDA070962,ABRAXIS PHARM,INJECTABLE,INJECTION,Discontinued
DACOGEN,DECITABINE,NDA021790,OTSUKA,INJECTABLE,INTRAVENOUS,Discontinued
DACTINOMYCIN,DACTINOMYCIN,ANDA203999,XGEN PHARMS,INJECTABLE,INJECTION,Prescription
DAKLINZA,DACLATASVIR DIHYDROCHLORIDE,NDA206843,BRISTOL-MYERS SQUIBB,TABLET,ORAL,Discontinued
DALBAVANCIN HYDROCHLORIDE,DALBAVANCIN HYDROCHLORIDE,ANDA218602,LONG GROVE PHARMS,POWDER,INTRAVENOUS,Prescription
DALFAMPRIDINE,DALFAMPRIDINE,ANDA206646,HIKMA,"TABLET, EXTENDED RELEASE",ORAL,Discontinued
DALGAN,DEZOCINE,NDA019082,ASTRAZENECA,INJECTABLE,INJECTION,Discontinued
DALIRESP,ROFLUMILAST,NDA022522,ASTRAZENECA,TABLET,ORAL,Prescription
DALMANE,FLURAZEPAM HYDROCHLORIDE,NDA016721,VALEANT PHARM INTL,CAPSULE,ORAL,Discontinued
DALVANCE,DALBAVANCIN HYDROCHLORIDE,NDA021883,ABBVIE,POWDER,INTRAVENOUS,Prescription
DANAZOL,DANAZOL,ANDA071569,AM THERAP,CAPSULE,ORAL,Discontinued
DANOCRINE,DANAZOL,NDA017557,SANOFI AVENTIS US,CAPSULE,ORAL,Discontinued
DANTRIUM,DANTROLENE SODIUM,NDA018264,PH HEALTH,INJECTABLE,INJECTION,Prescription
DANTROLENE SODIUM,DANTROLENE SODIUM,ANDA076686,ELITE LABS INC,CAPSULE,ORAL,Prescription
DANYELZA,NAXITAMAB-GQGK,BLA761171,Y-MABS THERAPEUTICS INC,SOLUTION,INTRAVENOUS,Prescription
DANZITEN,NILOTINIB TARTRATE,NDA219293,AZURITY,TABLET,ORAL,Prescription
DAPAGLIFLOZIN,DAPAGLIFLOZIN,ANDA211312,SANDOZ,TABLET,ORAL,Prescription
DAPAGLIFLOZIN AND METFORMIN,DAPAGLIFLOZIN || METFORMIN,ANDA218091,SINOTHERAPEUTICS INC,TABLET,,None (Tentative Approval)
DAPAGLIFLOZIN AND METFORMIN,"DAPAGLIFLOZIN, METFORMIN",ANDA220642,SCIEGEN PHARMACEUTICALS,"TABLET, EXTENDED RELEASE",,None (Tentative Approval)
DAPAGLIFLOZIN AND METFORMIN HYDROCHLORIDE,"DAPAGLIFLOZIN, METFORMIN HYDROCHLORIDE",ANDA211489,AUROBINDO PHARMA,TABLET,,None (Tentative Approval)
DAPAGLIFLOZIN AND METFORMIN HYDROCHLORIDE,DAPAGLIFLOZIN; METFORMIN HYDROCHLORIDE,ANDA211563,ALKEM LABS LTD,"TABLET, EXTENDED RELEASE",ORAL,Prescription
DAPAGLIFLOZIN AND SAXAGLIPTIN HYDROCHLORIDE,DAPAGLIFLOZIN; SAXAGLIPTIN HYDROCHLORIDE,ANDA211533,MSN,TABLET,ORAL,Prescription
DAPAGLIFLOZIN AND SAXAGLIPTIN MONOHYDRATE,"DAPAGLIFLOZIN, SAXAGLIPTIN MONOHYDRATE",ANDA211532,LUPIN LTD,TABLET,ORAL,None (Tentative Approval)
DAPIPRAZOLE HYDROCHLORIDE,DAPIPRAZOLE HYDROCHLORIDE,NDA019849,FERA PHARMS,SOLUTION/DROPS,OPHTHALMIC,Discontinued
DAPSONE,DAPSONE,ANDA206505,NOVITIUM PHARMA,TABLET,ORAL,Prescription
DAPTOMYCIN,DAPTOMYCIN,ANDA208375,DR REDDYS,POWDER,INTRAVENOUS,Prescription
DAPTOMYCIN IN 0.9% SODIUM CHLORIDE,DAPTOMYCIN,NDA213645,BAXTER HLTHCARE CORP,SOLUTION,INTRAVENOUS,Prescription
DAPZURA RT,DAPTOMYCIN,NDA213645,BAXTER HLTHCARE CORP,POWDER,INTRAVENOUS,Discontinued
DARANIDE,DICHLORPHENAMIDE,NDA011366,XERIS,TABLET,ORAL,Discontinued
DARAPRIM,PYRIMETHAMINE,NDA008578,TILDE SCIENCES,TABLET,ORAL,Prescription
DARBID,ISOPROPAMIDE IODIDE,NDA010744,GLAXOSMITHKLINE,TABLET,ORAL,Discontinued
DARICON,OXYPHENCYCLIMINE HYDROCHLORIDE,NDA011612,PFIZER,TABLET,ORAL,Discontinued
DARIFENACIN,DARIFENACIN HYDROBROMIDE,ANDA207302,MACLEODS PHARMS,"TABLET, EXTENDED RELEASE",ORAL,Prescription
DARIFENACIN HYDROBROMIDE,DARIFENACIN HYDROBROMIDE,ANDA091190,PH HEALTH,"TABLET, EXTENDED RELEASE",ORAL,Discontinued
DARTISLA ODT,GLYCOPYRROLATE,NDA215019,EDENBRIDGE PHARMS,"TABLET, ORALLY DISINTEGRATING",ORAL,Discontinued
DARUNAVIR,DARUNAVIR,ANDA215389,MSN,TABLET,ORAL,Prescription
DARUNAVIR AND RITONAVIR,DARUNAVIR AND RITONAVIR,NDA209847,MYLAN PHARMS INC,TABLET,ORAL,Prescription
DARUNAVIR ETHANOLATE,DARUNAVIR ETHANOLATE,ANDA210187,MICRO LABS USA,TABLET,ORAL,None (Tentative Approval)
DARVOCET,ACETAMINOPHEN; PROPOXYPHENE HYDROCHLORIDE,NDA016844,AAIPHARMA LLC,TABLET,ORAL,Discontinued
DARVOCET A500,ACETAMINOPHEN; PROPOXYPHENE NAPSYLATE,ANDA076429,XANODYNE PHARM,TABLET,ORAL,Discontinued
DARVOCET-N 100,ACETAMINOPHEN; PROPOXYPHENE NAPSYLATE,NDA017122,XANODYNE PHARM,TABLET,ORAL,Discontinued
DARVOCET-N 50,ACETAMINOPHEN; PROPOXYPHENE NAPSYLATE,NDA017122,XANODYNE PHARM,TABLET,ORAL,Discontinued
DARVON,PROPOXYPHENE HYDROCHLORIDE,NDA010997,XANODYNE PHARM,CAPSULE,ORAL,Discontinued
DARVON COMPOUND,ASPIRIN; CAFFEINE; PROPOXYPHENE HYDROCHLORIDE,NDA010996,XANODYNE PHARM,CAPSULE,ORAL,Discontinued
DARVON COMPOUND-65,ASPIRIN; CAFFEINE; PROPOXYPHENE HYDROCHLORIDE,NDA010996,XANODYNE PHARM,CAPSULE,ORAL,Discontinued
DARVON W/ ASA,ASPIRIN; PROPOXYPHENE HYDROCHLORIDE,NDA010996,XANODYNE PHARM,CAPSULE,ORAL,Discontinued
DARVON-N,PROPOXYPHENE NAPSYLATE,NDA016861,AAIPHARMA LLC,SUSPENSION,ORAL,Discontinued
DARVON-N W/ ASA,ASPIRIN; PROPOXYPHENE NAPSYLATE,NDA016829,AAIPHARMA LLC,CAPSULE,ORAL,Discontinued
DARZALEX,DARATUMUMAB,BLA761036,JANSSEN BIOTECH,INJECTABLE,INJECTION,Prescription
DARZALEX FASPRO,DARATUMUMAB AND HYALURONIDASE-FIHJ,BLA761145,JANSSEN BIOTECH,INJECTABLE,INJECTION,Prescription
DASATINIB,DASATINIB,ANDA217217,BIOCON PHARMA,TABLET,ORAL,Prescription
DASETTA 1/35,ETHINYL ESTRADIOL; NORETHINDRONE,ANDA090948,NOVAST LABS LTD,TABLET,ORAL-28,Prescription
DASETTA 7/7/7,ETHINYL ESTRADIOL; NORETHINDRONE,ANDA090946,NOVAST LABS LTD,TABLET,ORAL-28,Prescription
DATROWAY,DATOPOTAMAB DERUXTECAN-DLNK,BLA761464,DAIICHI SANKYO INC,INJECTABLE,INJECTION,Prescription
DATSCAN,IOFLUPANE I-123,NDA022454,GE HLTHCARE INC,SOLUTION,INTRAVENOUS,Prescription
DAUNORUBICIN HYDROCHLORIDE,DAUNORUBICIN HYDROCHLORIDE,ANDA206195,HISUN PHARM HANGZHOU,INJECTABLE,INJECTION,Discontinued
DAUNOXOME,DAUNORUBICIN CITRATE,NDA050704,GALEN (UK),"INJECTABLE, LIPOSOMAL",INJECTION,Discontinued
DAURISMO,GLASDEGIB MALEATE,NDA210656,PFIZER,TABLET,ORAL,Prescription
DAWNZERA (AUTOINJECTOR),DONIDALORSEN SODIUM,NDA219407,IONIS PHARMS INC,SOLUTION,SUBCUTANEOUS,Prescription
DAXXIFY,DAXIBOTULINUMTOXINA-LANM,BLA761127,"REVANCE THERAPEUTICS, INC.",INJECTABLE,"INTRAMUSCULAR, SUBCUTANEOUS",Prescription
DAYBUE,TROFINETIDE,NDA217026,ACADIA PHARMS INC,SOLUTION,ORAL,Prescription
DAYBUE STIX,TROFINETIDE,NDA219884,ACADIA PHARMS INC,FOR SOLUTION,ORAL,Prescription
DAYPRO,OXAPROZIN,NDA018841,PFIZER,TABLET,ORAL,Discontinued
DAYPRO ALTA,OXAPROZIN POTASSIUM,NDA020776,PFIZER,TABLET,ORAL,Discontinued
DAYSEE,ETHINYL ESTRADIOL; LEVONORGESTREL,ANDA091467,LUPIN LTD,TABLET,ORAL,Prescription
DAYTRANA,METHYLPHENIDATE,NDA021514,NOVEN PHARMS INC,"FILM, EXTENDED RELEASE",TRANSDERMAL,Prescription
DAYVIGO,LEMBOREXANT,NDA212028,EISAI INC,TABLET,ORAL,Prescription
DDAVP,DESMOPRESSIN ACETATE,NDA017922,FERRING PHARMS INC,SOLUTION,NASAL,Discontinued
DDAVP (NEEDS NO REFRIGERATION),DESMOPRESSIN ACETATE,NDA017922,FERRING PHARMS INC,"SPRAY, METERED",NASAL,Discontinued
DEAPRIL-ST,ERGOLOID MESYLATES,ANDA085020,BRISTOL MYERS SQUIBB,TABLET,SUBLINGUAL,Discontinued
DECA-DURABOLIN,NANDROLONE DECANOATE,NDA013132,WOODWARD SPECL,INJECTABLE,INJECTION,Discontinued
DECABID,INDECAINIDE HYDROCHLORIDE,NDA019693,LILLY,"TABLET, EXTENDED RELEASE",ORAL,Discontinued
DECADERM,DEXAMETHASONE,NDA013538,MERCK,GEL,TOPICAL,Discontinued
DECADRON,DEXAMETHASONE,NDA011664,MERCK,TABLET,ORAL,Discontinued
DECADRON,DEXAMETHASONE SODIUM PHOSPHATE,NDA011983,MERCK,CREAM,TOPICAL,Discontinued
DECADRON W/ XYLOCAINE,DEXAMETHASONE SODIUM PHOSPHATE; LIDOCAINE HYDROCHLORIDE,NDA013334,MERCK,INJECTABLE,INJECTION,Discontinued
DECADRON-LA,DEXAMETHASONE ACETATE,NDA016675,MERCK,INJECTABLE,INJECTION,Discontinued
DECAPRYN,DOXYLAMINE SUCCINATE,NDA006412,SANOFI AVENTIS US,TABLET,ORAL,Discontinued
DECASPRAY,DEXAMETHASONE,NDA012731,MERCK,AEROSOL,TOPICAL,Discontinued
DECITABINE,DECITABINE,ANDA206033,CHEMI SPA,INJECTABLE,INTRAVENOUS,Prescription
DECLOMYCIN,DEMECLOCYCLINE HYDROCHLORIDE,NDA050257,LEDERLE,SYRUP,ORAL,Discontinued
DECNUPAZ,PIVEKIMAB SUNIRINE-PVZY,BLA761460,ABBVIE INC,VIAL,SINGLE-DOSE,Prescription
DEFENCATH,HEPARIN SODIUM; TAUROLIDINE,NDA214520,CORMEDIX,SOLUTION,N/A,Prescription
DEFERASIROX,DEFERASIROX,ANDA208882,ZYDUS PHARMS,"TABLET, FOR SUSPENSION",ORAL,Discontinued
DEFERIPRONE,DEFERIPRONE,ANDA213239,HIKMA,TABLET,ORAL,Prescription
DEFEROXAMINE MESYLATE,DEFEROXAMINE MESYLATE,ANDA078718,FRESENIUS KABI USA,INJECTABLE,INJECTION,Prescription
DEFINITY,PERFLUTREN,NDA021064,LANTHEUS MEDCL,INJECTABLE,INTRAVENOUS,Prescription
DEFINITY RT,PERFLUTREN,NDA021064,LANTHEUS MEDCL,INJECTABLE,INTRAVENOUS,Prescription
DEFITELIO,DEFIBROTIDE SODIUM,NDA208114,JAZZ PHARMS INC,SOLUTION,INTRAVENOUS,Prescription
DEFLAZACORT,DEFLAZACORT,ANDA217173,AMNEAL,TABLET,ORAL,Prescription
DEGARELIX ACETATE,DEGARELIX ACETATE,ANDA215791,"CHIA TAI TIANQING PHARMACEUTICAL GROUP CO., LTD.","NJECTION, POWDER, LYOPHILIZED, FOR SOLUTION",,None (Tentative Approval)
DEHYDRATED ALCOHOL,DEHYDRATED ALCOHOL,ANDA219400,XGEN PHARMS,SOLUTION,INTRA-ARTERIAL,Prescription
DEL-VI-A,VITAMIN A PALMITATE,ANDA080830,DEL RAY LABS,CAPSULE,ORAL,Discontinued
DELALUTIN,HYDROXYPROGESTERONE CAPROATE,NDA010347,BRISTOL MYERS SQUIBB,SOLUTION,INTRAMUSCULAR,Discontinued
DELATESTRYL,TESTOSTERONE ENANTHATE,NDA009165,ENDO PHARMS,INJECTABLE,INJECTION,Discontinued
DELAXIN,METHOCARBAMOL,ANDA085454,FERNDALE LABS,TABLET,ORAL,Discontinued
DELCOBESE,AMPHETAMINE ADIPATE; AMPHETAMINE SULFATE; DEXTROAMPHETAMINE ADIPATE; DEXTROAMPHETAMINE SULFATE,ANDA083564,TEVA,CAPSULE,ORAL,Discontinued
DELESTROGEN,ESTRADIOL VALERATE,NDA009402,PH HEALTH,INJECTABLE,INJECTION,Discontinued
DELFEN,NONOXYNOL-9,NDA014349,PERSONAL PRODS,AEROSOL,VAGINAL,Discontinued
DELFLEX W/ DEXTROSE 1.5% IN PLASTIC CONTAINER,CALCIUM CHLORIDE; DEXTROSE; MAGNESIUM CHLORIDE; SODIUM CHLORIDE; SODIUM LACTATE,NDA018379,FRESENIUS MEDCL,SOLUTION,INTRAPERITONEAL,Discontinued
DELFLEX W/ DEXTROSE 1.5% LOW MAGNESIUM IN PLASTIC CONTAINER,CALCIUM CHLORIDE; DEXTROSE; MAGNESIUM CHLORIDE; SODIUM CHLORIDE; SODIUM LACTATE,NDA018883,FRESENIUS MEDCL,SOLUTION,INTRAPERITONEAL,Prescription
DELFLEX W/ DEXTROSE 1.5% LOW MAGNESIUM LOW CALCIUM IN PLASTIC CONTAINER,CALCIUM CHLORIDE; DEXTROSE; MAGNESIUM CHLORIDE; SODIUM CHLORIDE; SODIUM LACTATE,NDA020171,FRESENIUS MEDCL,SOLUTION,INTRAPERITONEAL,Prescription
DELFLEX W/ DEXTROSE 2.5% IN PLASTIC CONTAINER,CALCIUM CHLORIDE; DEXTROSE; MAGNESIUM CHLORIDE; SODIUM CHLORIDE; SODIUM LACTATE,NDA018379,FRESENIUS MEDCL,SOLUTION,INTRAPERITONEAL,Discontinued
DELFLEX W/ DEXTROSE 2.5% LOW MAGNESIUM IN PLASTIC CONTAINER,CALCIUM CHLORIDE; DEXTROSE; MAGNESIUM CHLORIDE; SODIUM CHLORIDE; SODIUM LACTATE,NDA018883,FRESENIUS MEDCL,SOLUTION,INTRAPERITONEAL,Prescription
DELFLEX W/ DEXTROSE 2.5% LOW MAGNESIUM LOW CALCIUM IN PLASTIC CONTAINER,CALCIUM CHLORIDE; DEXTROSE; MAGNESIUM CHLORIDE; SODIUM CHLORIDE; SODIUM LACTATE,NDA020171,FRESENIUS MEDCL,SOLUTION,INTRAPERITONEAL,Prescription
DELFLEX W/ DEXTROSE 3.5% IN PLASTIC CONTAINER,CALCIUM CHLORIDE; DEXTROSE; MAGNESIUM CHLORIDE; SODIUM CHLORIDE; SODIUM LACTATE,NDA018379,FRESENIUS MEDCL,SOLUTION,INTRAPERITONEAL,Discontinued
DELFLEX W/ DEXTROSE 4.25% IN PLASTIC CONTAINER,CALCIUM CHLORIDE; DEXTROSE; MAGNESIUM CHLORIDE; SODIUM CHLORIDE; SODIUM LACTATE,NDA018379,FRESENIUS MEDCL,SOLUTION,INTRAPERITONEAL,Discontinued
DELFLEX W/ DEXTROSE 4.25% LOW MAGNESIUM IN PLASTIC CONTAINER,CALCIUM CHLORIDE; DEXTROSE; MAGNESIUM CHLORIDE; SODIUM CHLORIDE; SODIUM LACTATE,NDA018883,FRESENIUS MEDCL,SOLUTION,INTRAPERITONEAL,Prescription
DELFLEX W/ DEXTROSE 4.25% LOW MAGNESIUM LOW CALCIUM IN PLASTIC CONTAINER,CALCIUM CHLORIDE; DEXTROSE; MAGNESIUM CHLORIDE; SODIUM CHLORIDE; SODIUM LACTATE,NDA020171,FRESENIUS MEDCL,SOLUTION,INTRAPERITONEAL,Prescription
DELFLEX-LM W/ DEXTROSE 1.5% IN PLASTIC CONTAINER,CALCIUM CHLORIDE; DEXTROSE; MAGNESIUM CHLORIDE; SODIUM CHLORIDE; SODIUM LACTATE,NDA018379,FRESENIUS MEDCL,SOLUTION,INTRAPERITONEAL,Discontinued
DELFLEX-LM W/ DEXTROSE 2.5% IN PLASTIC CONTAINER,CALCIUM CHLORIDE; DEXTROSE; MAGNESIUM CHLORIDE; SODIUM CHLORIDE; SODIUM LACTATE,NDA018379,FRESENIUS MEDCL,SOLUTION,INTRAPERITONEAL,Discontinued
DELFLEX-LM W/ DEXTROSE 3.5% IN PLASTIC CONTAINER,CALCIUM CHLORIDE; DEXTROSE; MAGNESIUM CHLORIDE; SODIUM CHLORIDE; SODIUM LACTATE,NDA018379,FRESENIUS MEDCL,SOLUTION,INTRAPERITONEAL,Discontinued
DELFLEX-LM W/ DEXTROSE 4.25% IN PLASTIC CONTAINER,CALCIUM CHLORIDE; DEXTROSE; MAGNESIUM CHLORIDE; SODIUM CHLORIDE; SODIUM LACTATE,NDA018379,FRESENIUS MEDCL,SOLUTION,INTRAPERITONEAL,Discontinued
DELSTRIGO,DORAVIRINE; LAMIVUDINE; TENOFOVIR DISOPROXIL FUMARATE,NDA210807,MSD MERCK CO,TABLET,ORAL,Prescription
DELSYM,DEXTROMETHORPHAN POLISTIREX,NDA018658,RECKITT BENCKISER,"SUSPENSION, EXTENDED RELEASE",ORAL,Over-the-counter
DELTA-CORTEF,PREDNISOLONE,NDA009987,PHARMACIA AND UPJOHN,TABLET,ORAL,Discontinued
DELTA-DOME,PREDNISONE,ANDA080293,BAYER PHARMS,TABLET,ORAL,Discontinued
DELTALIN,ERGOCALCIFEROL,ANDA080884,LILLY,CAPSULE,ORAL,Discontinued
DELTASONE,PREDNISONE,NDA009986,PHARMACIA AND UPJOHN,TABLET,ORAL,Discontinued
DELZICOL,MESALAMINE,NDA204412,ABBVIE,"CAPSULE, DELAYED RELEASE",ORAL,Discontinued
DEMADEX,TORSEMIDE,NDA020137,ROCHE,SOLUTION,INTRAVENOUS,Discontinued
DEMECLOCYCLINE HYDROCHLORIDE,DEMECLOCYCLINE HYDROCHLORIDE,ANDA065094,IMPAX LABS,TABLET,ORAL,Discontinued
DEMEROL,MEPERIDINE HYDROCHLORIDE,NDA021171,HOSPIRA,INJECTABLE,INJECTION,Prescription
DEMI-REGROTON,CHLORTHALIDONE; RESERPINE,NDA015103,SANOFI AVENTIS US,TABLET,ORAL,Discontinued
DEMSER,METYROSINE,NDA017871,BAUSCH,CAPSULE,ORAL,Prescription
DEMULEN 1/35-21,ETHINYL ESTRADIOL; ETHYNODIOL DIACETATE,NDA018168,GD SEARLE LLC,TABLET,ORAL-21,Discontinued
DEMULEN 1/35-28,ETHINYL ESTRADIOL; ETHYNODIOL DIACETATE,NDA018160,GD SEARLE LLC,TABLET,ORAL-28,Discontinued
DEMULEN 1/50-21,ETHINYL ESTRADIOL; ETHYNODIOL DIACETATE,NDA016927,GD SEARLE LLC,TABLET,ORAL-21,Discontinued
DEMULEN 1/50-28,ETHINYL ESTRADIOL; ETHYNODIOL DIACETATE,NDA016936,GD SEARLE LLC,TABLET,ORAL-28,Discontinued
DENAVIR,PENCICLOVIR,NDA020629,MYLAN,CREAM,TOPICAL,Prescription
DENDRID,IDOXURIDINE,NDA014169,ALCON,SOLUTION/DROPS,OPHTHALMIC,Discontinued
DENOSUMAB-DSSB,DENOSUMAB-DSSB,BLA761392,SAMSUNG BIOEPIS CO LTD,INJECTABLE,SUBCUTANEOUS,Prescription
DENTIPATCH,LIDOCAINE,NDA020575,NOVEN,"FILM, EXTENDED RELEASE",BUCCAL,Discontinued
DEOXYCHOLIC ACID,DEOXYCHOLIC ACID,ANDA212296,WILSHIRE PHARMS INC,SOLUTION,SUBCUTANEOUS,Prescription
DEPACON,VALPROATE SODIUM,NDA020593,ABBVIE,INJECTABLE,INJECTION,Discontinued
DEPAKENE,VALPROIC ACID,NDA018081,ABBVIE,CAPSULE,ORAL,Discontinued
DEPAKOTE,DIVALPROEX SODIUM,NDA019680,ABBVIE,"CAPSULE, DELAYED REL PELLETS",ORAL,Prescription
DEPAKOTE CP,DIVALPROEX SODIUM,NDA019794,ABBOTT,"TABLET, DELAYED RELEASE",ORAL,Discontinued
DEPAKOTE ER,DIVALPROEX SODIUM,NDA020782,ABBOTT,"Tablet, Extended Release",Oral,Prescription
DEPEN,PENICILLAMINE,NDA019854,MYLAN SPECIALITY LP,TABLET,ORAL,Prescription
DEPINAR,CYANOCOBALAMIN; TANNIC ACID; ZINC ACETATE,NDA011208,ARMOUR PHARM,INJECTABLE,INJECTION,Discontinued
DEPO-ESTRADIOL,ESTRADIOL CYPIONATE,ANDA085470,PFIZER,INJECTABLE,INJECTION,Discontinued
DEPO-MEDROL,METHYLPREDNISOLONE ACETATE,NDA011757,PFIZER,INJECTABLE,INJECTION,Prescription
DEPO-PROVERA,MEDROXYPROGESTERONE ACETATE,NDA020246,PFIZER,INJECTABLE,INJECTION,Prescription
DEPO-SUBQ PROVERA 104,MEDROXYPROGESTERONE ACETATE,NDA021583,PFIZER,INJECTABLE,SUBCUTANEOUS,Prescription
DEPO-TESTADIOL,ESTRADIOL CYPIONATE; TESTOSTERONE CYPIONATE,NDA017968,PHARMACIA AND UPJOHN,INJECTABLE,INJECTION,Discontinued
DEPO-TESTOSTERONE,TESTOSTERONE CYPIONATE,ANDA085635,PFIZER,INJECTABLE,INJECTION,Prescription
DEPOCYT,CYTARABINE,NDA021041,PACIRA PHARMS INC,"INJECTABLE, LIPOSOMAL",INJECTION,Discontinued
DEPODUR,MORPHINE SULFATE,NDA021671,PACIRA PHARMS INC,"INJECTABLE, LIPOSOMAL",EPIDURAL,Discontinued
DERMA-SMOOTHE/FS,FLUOCINOLONE ACETONIDE,NDA019452,HILL DERMAC,OIL,TOPICAL,Prescription
DERMABET,BETAMETHASONE VALERATE,ANDA072041,SUN PHARMA CANADA,CREAM,TOPICAL,Prescription
DERMACORT,HYDROCORTISONE,ANDA086462,SOLVAY,LOTION,TOPICAL,Discontinued
DERMATOP,PREDNICARBATE,NDA019568,VALEANT PHARMS NORTH,OINTMENT,TOPICAL,Discontinued
DERMATOP E EMOLLIENT,PREDNICARBATE,NDA020279,VALEANT BERMUDA,CREAM,TOPICAL,Discontinued
DERMOTIC,FLUOCINOLONE ACETONIDE,NDA019452,HILL DERMAC,OIL/DROPS,OTIC,Prescription
DESCOVY,EMTRICITABINE; TENOFOVIR ALAFENAMIDE FUMARATE,NDA208215,GILEAD SCIENCES INC,TABLET,ORAL,Prescription
DESFERAL,DEFEROXAMINE MESYLATE,NDA016267,MITEM PHARMA,INJECTABLE,INJECTION,Discontinued
DESFLURANE,DESFLURANE,ANDA208234,SHANGHAI HENGRUI,LIQUID,INHALATION,Discontinued
DESIPRAMINE HYDROCHLORIDE,DESIPRAMINE HYDROCHLORIDE,ANDA205153,ANI PHARMS,TABLET,ORAL,Discontinued
DESLORATADINE,DESLORATADINE,ANDA078351,NATCO PHARMA USA,TABLET,ORAL,Prescription
DESLORATADINE AND PSEUDOEPHEDRINE SULFATE 24 HOUR,DESLORATADINE; PSEUDOEPHEDRINE SULFATE,ANDA078366,DR REDDYS LABS LTD,"TABLET, EXTENDED RELEASE",ORAL,Prescription
DESMODA,DESMOPRESSIN ACETATE,NDA219873,ETON,SOLUTION,ORAL,Prescription
DESMOPRESSIN ACETATE,DESMOPRESSIN ACETATE,ANDA200653,NATCO PHARMA USA,TABLET,ORAL,Discontinued
DESMOPRESSIN ACETATE (NEEDS NO REFRIGERATION),DESMOPRESSIN ACETATE,ANDA076703,APOTEX,"SPRAY, METERED",NASAL,Prescription
DESMOPRESSIN ACETATE PRESERVATIVE FREE,DESMOPRESSIN ACETATE,ANDA074574,BEDFORD,INJECTABLE,INJECTION,Discontinued
DESOGEN,DESOGESTREL; ETHINYL ESTRADIOL,NDA020071,ORGANON USA INC,TABLET,ORAL-21,Discontinued
DESOGESTREL AND ETHINYL ESTRADIOL,DESOGESTREL; ETHINYL ESTRADIOL,ANDA076915,WATSON LABS,TABLET,ORAL-28,Prescription
DESOGESTREL; ETHINYL,DESOGESTREL; ETHINYL ESTRADIOL,ANDA076455,DURAMED PHARMS BARR,Tablet,Oral,Prescription
DESOGESTREL; ETHINYL ESTRADIOL,DESOGESTREL; ETHINYL ESTRADIOL,ANDA077182,DR REDDYS LABS SA,TABLET,ORAL-28,Prescription
DESONATE,DESONIDE,NDA021844,LEO PHARMA AS,GEL,TOPICAL,Discontinued
DESONIDE,DESONIDE,ANDA074027,COSETTE PHARMS NC,CREAM,TOPICAL,Prescription
DESOWEN,DESONIDE,NDA019048,GALDERMA LABS LP,CREAM,TOPICAL,Prescription
DESOXIMETASONE,DESOXIMETASONE,ANDA208163,LUPIN,CREAM,TOPICAL,Prescription
DESOXYN,METHAMPHETAMINE HYDROCHLORIDE,NDA005378,AJENAT PHARMS,"TABLET, EXTENDED RELEASE",ORAL,Discontinued
DESVENLAFAXINE,DESVENLAFAXINE,ANDA204009,ANCHEN PHARMS,"TABLET, EXTENDED RELEASE",ORAL,None (Tentative Approval)
DESVENLAFAXINE,DESVENLAFAXINE FUMARATE,NDA205208,TEVA PHARMS USA,"TABLET, EXTENDED RELEASE",ORAL,Discontinued
DESVENLAFAXINE SUCCINATE,DESVENLAFAXINE SUCCINATE,ANDA204065,ACTAVIS LABS FL,"TABLET, EXTENDED RELEASE",ORAL,Prescription
DESYREL,TRAZODONE HYDROCHLORIDE,NDA018207,PRAGMA,TABLET,ORAL,Discontinued
DETECTNET,COPPER CU-64 DOTATATE,NDA213227,CURIUM,SOLUTION,INTRAVENOUS,Prescription
DETROL,TOLTERODINE TARTRATE,NDA020771,UPJOHN,TABLET,ORAL,Prescription
DETROL LA,TOLTERODINE TARTRATE,NDA021228,UPJOHN,"CAPSULE, EXTENDED RELEASE",ORAL,Discontinued
DEUTETRABENAZINE,DEUTETRABENAZINE,ANDA215971,AUROBINDO PHARMA LTD,TABLET,ORAL,Discontinued
DEXACEN-4,DEXAMETHASONE SODIUM PHOSPHATE,ANDA084342,CENT PHARMS,INJECTABLE,INJECTION,Discontinued
DEXACIDIN,DEXAMETHASONE; NEOMYCIN SULFATE; POLYMYXIN B SULFATE,ANDA062544,NOVARTIS,SUSPENSION/DROPS,OPHTHALMIC,Discontinued
DEXACORT,DEXAMETHASONE SODIUM PHOSPHATE,NDA013413,UCB INC,"AEROSOL, METERED",INHALATION,Discontinued
DEXAIR,DEXAMETHASONE SODIUM PHOSPHATE,ANDA088071,PHARMAFAIR,OINTMENT,OPHTHALMIC,Discontinued
DEXAMETHASONE,DEXAMETHASONE,ANDA088149,PANGEA,TABLET,ORAL,Prescription
DEXAMETHASONE,DEXAMETHASONE SODIUM PHOSPHATE,ANDA088469,FRESENIUS KABI USA,INJECTABLE,INJECTION,Discontinued
DEXAMETHASONE ACETATE,DEXAMETHASONE ACETATE,ANDA084315,WATSON LABS,INJECTABLE,INJECTION,Discontinued
DEXAMETHASONE INTENSOL,DEXAMETHASONE,ANDA088252,HIKMA,CONCENTRATE,ORAL,Prescription
DEXAMETHASONE SODIUM PHOSPHATE,DEXAMETHASONE SODIUM PHOSPHATE,ANDA083161,DELL LABS,INJECTABLE,INJECTION,Discontinued
DEXAMETHASONE SODIUM PHOSPHATE PRESERVATIVE FREE,DEXAMETHASONE SODIUM PHOSPHATE,ANDA208690,AMNEAL,INJECTABLE,INJECTION,Prescription
DEXAMPEX,DEXTROAMPHETAMINE SULFATE,ANDA083735,TEVA,TABLET,ORAL,Discontinued
DEXASPORIN,DEXAMETHASONE; NEOMYCIN SULFATE; POLYMYXIN B SULFATE,ANDA064135,BAUSCH AND LOMB INC,SUSPENSION/DROPS,OPHTHALMIC,Prescription
DEXBROMPHENIRAMINE MALEATE AND PSEUDOEPHEDRINE SULFATE,DEXBROMPHENIRAMINE MALEATE; PSEUDOEPHEDRINE SULFATE,ANDA078648,AVANTHI INC,"TABLET, EXTENDED RELEASE",ORAL,Discontinued
DEXCHLORPHENIRAMINE MALEATE,DEXCHLORPHENIRAMINE MALEATE,ANDA088251,PAI HOLDINGS PHARM,SYRUP,ORAL,Discontinued
DEXEDRINE,DEXTROAMPHETAMINE SULFATE,ANDA084935,GLAXOSMITHKLINE,TABLET,ORAL,Discontinued
DEXEDRINE SPANSULE,DEXTROAMPHETAMINE SULFATE,NDA017078,IMPAX LABS INC,"CAPSULE, EXTENDED RELEASE",ORAL,Prescription
DEXFERRUM,IRON DEXTRAN,NDA040024,AM REGENT,INJECTABLE,INJECTION,Discontinued
DEXILANT,DEXLANSOPRAZOLE,NDA022287,TAKEDA PHARMS USA,"CAPSULE, DELAYED RELEASE",ORAL,Prescription
DEXILANT SOLUTAB,DEXLANSOPRAZOLE,NDA208056,TAKEDA PHARMS USA,"TABLET, ORALLY DISINTEGRATING, DELAYED RELEASE",ORAL,Discontinued
DEXLANSOPRAZOLE,DEXLANSOPRAZOLE,ANDA219115,ALEMBIC,"CAPSULE, DELAYED RELEASE",ORAL,Prescription
DEXMEDETOMIDINE HYDROCHLORIDE,DEXMEDETOMIDINE HYDROCHLORIDE,ANDA202881,MYLAN INSTITUTIONAL,INJECTABLE,INJECTION,Prescription
DEXMETHYLPHENIDATE HYDROCHLORIDE,DEXMETHYLPHENIDATE HYDROCHLORIDE,ANDA209468,LANNETT CO INC,TABLET,ORAL,Discontinued
DEXONE 0.5,DEXAMETHASONE,ANDA084991,SOLVAY,TABLET,ORAL,Discontinued
DEXONE 0.75,DEXAMETHASONE,ANDA084993,SOLVAY,TABLET,ORAL,Discontinued
DEXONE 1.5,DEXAMETHASONE,ANDA084990,SOLVAY,TABLET,ORAL,Discontinued
DEXONE 4,DEXAMETHASONE,ANDA084992,SOLVAY,TABLET,ORAL,Discontinued
DEXRAZOXANE HYDROCHLORIDE,DEXRAZOXANE HYDROCHLORIDE,ANDA207321,GLAND,INJECTABLE,INJECTION,Prescription
DEXTENZA,DEXAMETHASONE,NDA208742,OCULAR THERAPEUTIX,INSERT,OPHTHALMIC,Prescription
"DEXTROAMP SACCHARATE, AMP ASPARTATE, DEXTROAMP SULFATE AND AMP SULFATE",AMPHETAMINE ASPARTATE; AMPHETAMINE SULFATE; DEXTROAMPHETAMINE SACCHARATE; DEXTROAMPHETAMINE SULFATE,ANDA210651,RHODES PHARMS,"CAPSULE, EXTENDED RELEASE",ORAL,Prescription
"DEXTROAMP SACCHARATE,AMP ASPARTATE,DEXTROAMP SULFATE AND AMP SULFATE",AMPHETAMINE ASPARTATE; AMPHETAMINE SULFATE; DEXTROAMPHETAMINE SACCHARATE; DEXTROAMPHETAMINE SULFATE,ANDA076536,BARR LABS INC,"CAPSULE, EXTENDED RELEASE",ORAL,Discontinued
DEXTROAMPHETAMINE SACCHARATE; AMPHETAMINE ASPARTATE MONOHYDRATE; DEXTROAMPHETAMINE SULFATE; AMPHETAMINE SULFATE,AMPHETAMINE ASPARTATE MONOHYDRATE; AMPHETAMINE SULFATE; DEXTROAMPHETAMINE SACCHARATE; DEXTROAMPHETAMINE SULFATE,ANDA206304,COREPHARMA,"CAPSULE, EXTENDED RELEASE",ORAL,None (Tentative Approval)
DEXTROAMPHETAMINE SULFATE,DEXTROAMPHETAMINE SULFATE,ANDA076814,ABLE,"CAPSULE, EXTENDED RELEASE",ORAL,Discontinued
DEXTROMETHORPHAN HYDROBROMIDE AND QUINIDINE SULFATE,DEXTROMETHORPHAN HYDROBROMIDE; QUINIDINE SULFATE,ANDA202934,ACTAVIS ELIZABETH,CAPSULE,ORAL,Prescription
DEXTROMETHORPHAN POLISTIREX,DEXTROMETHORPHAN POLISTIREX,ANDA203133,AMNEAL,"SUSPENSION, EXTENDED RELEASE",ORAL,Over-the-counter
DEXTROSE 10% AND SODIUM CHLORIDE 0.11% IN PLASTIC CONTAINER,DEXTROSE; SODIUM CHLORIDE,NDA019631,B BRAUN,INJECTABLE,INJECTION,Prescription
DEXTROSE 10% AND SODIUM CHLORIDE 0.2% IN PLASTIC CONTAINER,DEXTROSE; SODIUM CHLORIDE,NDA018386,B BRAUN,INJECTABLE,INJECTION,Discontinued
DEXTROSE 10% AND SODIUM CHLORIDE 0.33% IN PLASTIC CONTAINER,DEXTROSE; SODIUM CHLORIDE,NDA019631,B BRAUN,INJECTABLE,INJECTION,Prescription
DEXTROSE 10% AND SODIUM CHLORIDE 0.45% IN PLASTIC CONTAINER,DEXTROSE; SODIUM CHLORIDE,NDA019631,B BRAUN,INJECTABLE,INJECTION,Prescription
DEXTROSE 10% AND SODIUM CHLORIDE 0.9% IN PLASTIC CONTAINER,DEXTROSE; SODIUM CHLORIDE,NDA016696,BAXTER HLTHCARE,INJECTABLE,INJECTION,Discontinued
DEXTROSE 10% IN PLASTIC CONTAINER,DEXTROSE,NDA018504,MILES,INJECTABLE,INJECTION,Discontinued
DEXTROSE 2.5% AND SODIUM CHLORIDE 0.11% IN PLASTIC CONTAINER,DEXTROSE; SODIUM CHLORIDE,NDA019631,B BRAUN,INJECTABLE,INJECTION,Prescription
DEXTROSE 2.5% AND SODIUM CHLORIDE 0.2% IN PLASTIC CONTAINER,DEXTROSE; SODIUM CHLORIDE,NDA019631,B BRAUN,INJECTABLE,INJECTION,Prescription
DEXTROSE 2.5% AND SODIUM CHLORIDE 0.33% IN PLASTIC CONTAINER,DEXTROSE; SODIUM CHLORIDE,NDA019631,B BRAUN,INJECTABLE,INJECTION,Prescription
DEXTROSE 2.5% AND SODIUM CHLORIDE 0.45% IN PLASTIC CONTAINER,DEXTROSE; SODIUM CHLORIDE,ANDA211190,FRESENIUS KABI USA,INJECTABLE,INJECTION,Prescription
DEXTROSE 2.5% AND SODIUM CHLORIDE 0.9% IN PLASTIC CONTAINER,DEXTROSE; SODIUM CHLORIDE,NDA018376,B BRAUN,INJECTABLE,INJECTION,Discontinued
DEXTROSE 2.5% IN HALF-STRENGTH LACTATED RINGER'S IN PLASTIC CONTAINER,CALCIUM CHLORIDE; DEXTROSE; POTASSIUM CHLORIDE; SODIUM CHLORIDE; SODIUM LACTATE,NDA019634,B BRAUN,INJECTABLE,INJECTION,Prescription
DEXTROSE 2.5% IN PLASTIC CONTAINER,DEXTROSE,NDA019626,B BRAUN,INJECTABLE,INJECTION,Discontinued
DEXTROSE 20% IN PLASTIC CONTAINER,DEXTROSE,NDA017521,BAXTER HLTHCARE,INJECTABLE,INJECTION,Discontinued
DEXTROSE 25%,DEXTROSE,NDA019445,HOSPIRA,INJECTABLE,INJECTION,Prescription
DEXTROSE 3.3% AND SODIUM CHLORIDE 0.3% IN PLASTIC CONTAINER,DEXTROSE; SODIUM CHLORIDE,NDA019631,B BRAUN,INJECTABLE,INJECTION,Prescription
DEXTROSE 30% IN PLASTIC CONTAINER,DEXTROSE,NDA019345,OTSUKA ICU MEDCL,INJECTABLE,INJECTION,Prescription
DEXTROSE 38.5% IN PLASTIC CONTAINER,DEXTROSE,NDA018923,ABBOTT,INJECTABLE,INJECTION,Discontinued
DEXTROSE 4% IN MODIFIED LACTATED RINGER'S IN PLASTIC CONTAINER,CALCIUM CHLORIDE; DEXTROSE; POTASSIUM CHLORIDE; SODIUM CHLORIDE; SODIUM LACTATE,NDA019634,B BRAUN,INJECTABLE,INJECTION,Discontinued
DEXTROSE 40% IN PLASTIC CONTAINER,DEXTROSE,NDA018562,OTSUKA ICU MEDCL,INJECTABLE,INJECTION,Prescription
DEXTROSE 5%,DEXTROSE,ANDA217263,AM REGENT,INJECTABLE,INJECTION,Discontinued
DEXTROSE 5% AND ELECTROLYTE NO. 48 IN PLASTIC CONTAINER,"DEXTROSE; MAGNESIUM CHLORIDE; POTASSIUM CHLORIDE; POTASSIUM PHOSPHATE, MONOBASIC; SODIUM CHLORIDE; SODIUM LACTATE",NDA017484,BAXTER HLTHCARE,INJECTABLE,INJECTION,Prescription
DEXTROSE 5% AND ELECTROLYTE NO. 75 IN PLASTIC CONTAINER,"DEXTROSE; POTASSIUM CHLORIDE; POTASSIUM PHOSPHATE, MONOBASIC; SODIUM CHLORIDE; SODIUM LACTATE",NDA018840,BAXTER HLTHCARE,INJECTABLE,INJECTION,Discontinued
DEXTROSE 5% AND LACTATED RINGER'S,CALCIUM CHLORIDE; DEXTROSE; POTASSIUM CHLORIDE; SODIUM CHLORIDE; SODIUM LACTATE,ANDA210332,FRESENIUS KABI USA,INJECTABLE,INJECTION,Prescription
DEXTROSE 5% AND LACTATED RINGER'S IN PLASTIC CONTAINER,CALCIUM CHLORIDE; DEXTROSE; POTASSIUM CHLORIDE; SODIUM CHLORIDE; SODIUM LACTATE,NDA017608,OTSUKA ICU MEDCL,INJECTABLE,INJECTION,Prescription
DEXTROSE 5% AND POTASSIUM CHLORIDE 0.075%,DEXTROSE; POTASSIUM CHLORIDE,ANDA212346,FRESENIUS KABI USA,INJECTABLE,INJECTION,Prescription
DEXTROSE 5% AND POTASSIUM CHLORIDE 0.075% IN PLASTIC CONTAINER,DEXTROSE; POTASSIUM CHLORIDE,NDA017634,BAXTER HLTHCARE,INJECTABLE,INJECTION,Prescription
DEXTROSE 5% AND POTASSIUM CHLORIDE 0.15%,DEXTROSE; POTASSIUM CHLORIDE,ANDA212346,FRESENIUS KABI USA,INJECTABLE,INJECTION,Prescription
DEXTROSE 5% AND POTASSIUM CHLORIDE 0.15% IN PLASTIC CONTAINER,DEXTROSE; POTASSIUM CHLORIDE,NDA017634,BAXTER HLTHCARE,INJECTABLE,INJECTION,Prescription
DEXTROSE 5% AND POTASSIUM CHLORIDE 0.224% IN PLASTIC CONTAINER,DEXTROSE; POTASSIUM CHLORIDE,NDA017634,BAXTER HLTHCARE,INJECTABLE,INJECTION,Prescription
DEXTROSE 5% AND POTASSIUM CHLORIDE 0.3% IN PLASTIC CONTAINER,DEXTROSE; POTASSIUM CHLORIDE,NDA017634,BAXTER HLTHCARE,INJECTABLE,INJECTION,Prescription
DEXTROSE 5% AND RINGER'S IN PLASTIC CONTAINER,CALCIUM CHLORIDE; DEXTROSE; POTASSIUM CHLORIDE; SODIUM CHLORIDE,NDA018254,HOSPIRA,INJECTABLE,INJECTION,Discontinued
DEXTROSE 5% AND SODIUM CHLORIDE 0.11% IN PLASTIC CONTAINER,DEXTROSE; SODIUM CHLORIDE,NDA019631,B BRAUN,INJECTABLE,INJECTION,Prescription
DEXTROSE 5% AND SODIUM CHLORIDE 0.2% IN PLASTIC CONTAINER,DEXTROSE; SODIUM CHLORIDE,NDA018399,MILES,INJECTABLE,INJECTION,Discontinued
DEXTROSE 5% AND SODIUM CHLORIDE 0.225%,DEXTROSE; SODIUM CHLORIDE,ANDA211221,FRESENIUS KABI USA,INJECTABLE,INJECTION,Prescription
DEXTROSE 5% AND SODIUM CHLORIDE 0.225% IN PLASTIC CONTAINER,DEXTROSE; SODIUM CHLORIDE,NDA017606,OTSUKA ICU MEDCL,INJECTABLE,INJECTION,Prescription
DEXTROSE 5% AND SODIUM CHLORIDE 0.3% IN PLASTIC CONTAINER,DEXTROSE; SODIUM CHLORIDE,ANDA211194,FRESENIUS KABI USA,INJECTABLE,INJECTION,Prescription
DEXTROSE 5% AND SODIUM CHLORIDE 0.33% IN PLASTIC CONTAINER,DEXTROSE; SODIUM CHLORIDE,NDA019631,B BRAUN,INJECTABLE,INJECTION,Prescription
DEXTROSE 5% AND SODIUM CHLORIDE 0.45%,DEXTROSE; SODIUM CHLORIDE,ANDA211276,FRESENIUS KABI USA,INJECTABLE,INJECTION,Prescription
DEXTROSE 5% AND SODIUM CHLORIDE 0.45% IN PLASTIC CONTAINER,DEXTROSE; SODIUM CHLORIDE,NDA018400,MILES,INJECTABLE,INJECTION,Discontinued
DEXTROSE 5% AND SODIUM CHLORIDE 0.9%,DEXTROSE; SODIUM CHLORIDE,ANDA211211,FRESENIUS KABI USA,INJECTABLE,INJECTION,Prescription
DEXTROSE 5% AND SODIUM CHLORIDE 0.9% IN PLASTIC CONTAINER,DEXTROSE; SODIUM CHLORIDE,NDA018500,MILES,INJECTABLE,INJECTION,Discontinued
DEXTROSE 5% IN ACETATED RINGER'S IN PLASTIC CONTAINER,CALCIUM CHLORIDE; DEXTROSE; POTASSIUM CHLORIDE; SODIUM ACETATE; SODIUM CHLORIDE,NDA018258,B BRAUN,INJECTABLE,INJECTION,Discontinued
DEXTROSE 5% IN LACTATED RINGER'S IN PLASTIC CONTAINER,CALCIUM CHLORIDE; DEXTROSE; POTASSIUM CHLORIDE; SODIUM CHLORIDE; SODIUM LACTATE,NDA018499,MILES,INJECTABLE,INJECTION,Discontinued
DEXTROSE 5% IN PLASTIC CONTAINER,DEXTROSE,NDA016730,B BRAUN,INJECTABLE,INJECTION,Prescription
DEXTROSE 5% IN RINGER'S IN PLASTIC CONTAINER,CALCIUM CHLORIDE; DEXTROSE; POTASSIUM CHLORIDE; SODIUM CHLORIDE,NDA016695,BAXTER HLTHCARE,INJECTABLE,INJECTION,Discontinued
DEXTROSE 5% IN SODIUM CHLORIDE 0.2% IN PLASTIC CONTAINER,DEXTROSE; SODIUM CHLORIDE,NDA016689,BAXTER HLTHCARE,INJECTABLE,INJECTION,Prescription
DEXTROSE 5% IN SODIUM CHLORIDE 0.33% IN PLASTIC CONTAINER,DEXTROSE; SODIUM CHLORIDE,NDA016687,BAXTER HLTHCARE,INJECTABLE,INJECTION,Prescription
DEXTROSE 5% IN SODIUM CHLORIDE 0.45% IN PLASTIC CONTAINER,DEXTROSE; SODIUM CHLORIDE,NDA016683,BAXTER HLTHCARE,INJECTABLE,INJECTION,Prescription
DEXTROSE 5% IN SODIUM CHLORIDE 0.9% IN PLASTIC CONTAINER,DEXTROSE; SODIUM CHLORIDE,NDA016678,BAXTER HLTHCARE,INJECTABLE,INJECTION,Prescription
"DEXTROSE 5%, SODIUM CHLORIDE 0.2% AND POTASSIUM CHLORIDE 0.075%",DEXTROSE; POTASSIUM CHLORIDE; SODIUM CHLORIDE,NDA018268,B BRAUN,INJECTABLE,INJECTION,Discontinued
"DEXTROSE 5%, SODIUM CHLORIDE 0.2% AND POTASSIUM CHLORIDE 0.15% IN PLASTIC CONTAINER",DEXTROSE; POTASSIUM CHLORIDE; SODIUM CHLORIDE,NDA018268,B BRAUN,INJECTABLE,INJECTION,Discontinued
"DEXTROSE 5%, SODIUM CHLORIDE 0.2% AND POTASSIUM CHLORIDE 0.224% IN PLASTIC CONTAINER",DEXTROSE; POTASSIUM CHLORIDE; SODIUM CHLORIDE,NDA018268,B BRAUN,INJECTABLE,INJECTION,Discontinued
"DEXTROSE 5%, SODIUM CHLORIDE 0.2% AND POTASSIUM CHLORIDE 0.3% IN PLASTIC CONTAINER",DEXTROSE; POTASSIUM CHLORIDE; SODIUM CHLORIDE,NDA018268,B BRAUN,INJECTABLE,INJECTION,Discontinued
"DEXTROSE 5%, SODIUM CHLORIDE 0.2% AND POTASSIUM CHLORIDE 10MEQ",DEXTROSE; POTASSIUM CHLORIDE; SODIUM CHLORIDE,NDA018037,BAXTER HLTHCARE,INJECTABLE,INJECTION,Prescription
"DEXTROSE 5%, SODIUM CHLORIDE 0.2% AND POTASSIUM CHLORIDE 15MEQ (K)",DEXTROSE; POTASSIUM CHLORIDE; SODIUM CHLORIDE,NDA018037,BAXTER HLTHCARE,INJECTABLE,INJECTION,Prescription
"DEXTROSE 5%, SODIUM CHLORIDE 0.2% AND POTASSIUM CHLORIDE 20MEQ",DEXTROSE; POTASSIUM CHLORIDE; SODIUM CHLORIDE,NDA018037,BAXTER HLTHCARE,INJECTABLE,INJECTION,Prescription
"DEXTROSE 5%, SODIUM CHLORIDE 0.2% AND POTASSIUM CHLORIDE 20MEQ (K)",DEXTROSE; POTASSIUM CHLORIDE; SODIUM CHLORIDE,NDA018037,BAXTER HLTHCARE,INJECTABLE,INJECTION,Prescription
"DEXTROSE 5%, SODIUM CHLORIDE 0.2% AND POTASSIUM CHLORIDE 30MEQ",DEXTROSE; POTASSIUM CHLORIDE; SODIUM CHLORIDE,NDA018037,BAXTER HLTHCARE,INJECTABLE,INJECTION,Prescription
"DEXTROSE 5%, SODIUM CHLORIDE 0.2% AND POTASSIUM CHLORIDE 40MEQ",DEXTROSE; POTASSIUM CHLORIDE; SODIUM CHLORIDE,NDA018037,BAXTER HLTHCARE,INJECTABLE,INJECTION,Prescription
"DEXTROSE 5%, SODIUM CHLORIDE 0.2% AND POTASSIUM CHLORIDE 5MEQ",DEXTROSE; POTASSIUM CHLORIDE; SODIUM CHLORIDE,NDA018037,BAXTER HLTHCARE,INJECTABLE,INJECTION,Prescription
"DEXTROSE 5%, SODIUM CHLORIDE 0.2% AND POTASSIUM CHLORIDE 5MEQ (K)",DEXTROSE; POTASSIUM CHLORIDE; SODIUM CHLORIDE,NDA018037,BAXTER HLTHCARE,INJECTABLE,INJECTION,Prescription
"DEXTROSE 5%, SODIUM CHLORIDE 0.33% AND POTASSIUM CHLORIDE 0.075% IN PLASTIC CONTAINER",DEXTROSE; POTASSIUM CHLORIDE; SODIUM CHLORIDE,NDA018268,B BRAUN,INJECTABLE,INJECTION,Discontinued
"DEXTROSE 5%, SODIUM CHLORIDE 0.33% AND POTASSIUM CHLORIDE 0.15% IN PLASTIC CONTAINER",DEXTROSE; POTASSIUM CHLORIDE; SODIUM CHLORIDE,NDA018268,B BRAUN,INJECTABLE,INJECTION,Discontinued
"DEXTROSE 5%, SODIUM CHLORIDE 0.33% AND POTASSIUM CHLORIDE 0.22% IN PLASTIC CONTAINER",DEXTROSE; POTASSIUM CHLORIDE; SODIUM CHLORIDE,NDA018268,B BRAUN,INJECTABLE,INJECTION,Discontinued
"DEXTROSE 5%, SODIUM CHLORIDE 0.33% AND POTASSIUM CHLORIDE 0.30% IN PLASTIC CONTAINER",DEXTROSE; POTASSIUM CHLORIDE; SODIUM CHLORIDE,NDA018268,B BRAUN,INJECTABLE,INJECTION,Discontinued
"DEXTROSE 5%, SODIUM CHLORIDE 0.33% AND POTASSIUM CHLORIDE 10MEQ IN PLASTIC CONTAINER",DEXTROSE; POTASSIUM CHLORIDE; SODIUM CHLORIDE,NDA018629,BAXTER HLTHCARE,INJECTABLE,INJECTION,Prescription
"DEXTROSE 5%, SODIUM CHLORIDE 0.33% AND POTASSIUM CHLORIDE 15MEQ IN PLASTIC CONTAINER",DEXTROSE; POTASSIUM CHLORIDE; SODIUM CHLORIDE,NDA018629,BAXTER HLTHCARE,INJECTABLE,INJECTION,Prescription
"DEXTROSE 5%, SODIUM CHLORIDE 0.33% AND POTASSIUM CHLORIDE 20MEQ IN PLASTIC CONTAINER",DEXTROSE; POTASSIUM CHLORIDE; SODIUM CHLORIDE,NDA018629,BAXTER HLTHCARE,INJECTABLE,INJECTION,Prescription
"DEXTROSE 5%, SODIUM CHLORIDE 0.33% AND POTASSIUM CHLORIDE 30MEQ IN PLASTIC CONTAINER",DEXTROSE; POTASSIUM CHLORIDE; SODIUM CHLORIDE,NDA018629,BAXTER HLTHCARE,INJECTABLE,INJECTION,Prescription
"DEXTROSE 5%, SODIUM CHLORIDE 0.33% AND POTASSIUM CHLORIDE 40MEQ IN PLASTIC CONTAINER",DEXTROSE; POTASSIUM CHLORIDE; SODIUM CHLORIDE,NDA018629,BAXTER HLTHCARE,INJECTABLE,INJECTION,Prescription
"DEXTROSE 5%, SODIUM CHLORIDE 0.33% AND POTASSIUM CHLORIDE 5MEQ IN PLASTIC CONTAINER",DEXTROSE; POTASSIUM CHLORIDE; SODIUM CHLORIDE,NDA018629,BAXTER HLTHCARE,INJECTABLE,INJECTION,Prescription
"DEXTROSE 5%, SODIUM CHLORIDE 0.45% AND POTASSIUM CHLORIDE 0.075%",DEXTROSE; POTASSIUM CHLORIDE; SODIUM CHLORIDE,NDA018268,B BRAUN,INJECTABLE,INJECTION,Discontinued
"DEXTROSE 5%, SODIUM CHLORIDE 0.45% AND POTASSIUM CHLORIDE 0.15% IN PLASTIC CONTAINER",DEXTROSE; POTASSIUM CHLORIDE; SODIUM CHLORIDE,NDA018268,B BRAUN,INJECTABLE,INJECTION,Discontinued
"DEXTROSE 5%, SODIUM CHLORIDE 0.45% AND POTASSIUM CHLORIDE 0.22% IN PLASTIC CONTAINER",DEXTROSE; POTASSIUM CHLORIDE; SODIUM CHLORIDE,NDA018268,B BRAUN,INJECTABLE,INJECTION,Discontinued
"DEXTROSE 5%, SODIUM CHLORIDE 0.45% AND POTASSIUM CHLORIDE 0.3% IN PLASTIC CONTAINER",DEXTROSE; POTASSIUM CHLORIDE; SODIUM CHLORIDE,NDA018268,B BRAUN,INJECTABLE,INJECTION,Discontinued
"DEXTROSE 5%, SODIUM CHLORIDE 0.45% AND POTASSIUM CHLORIDE 15MEQ IN PLASTIC CONTAINER",DEXTROSE; POTASSIUM CHLORIDE; SODIUM CHLORIDE,NDA018008,BAXTER HLTHCARE,INJECTABLE,INJECTION,Discontinued
"DEXTROSE 5%, SODIUM CHLORIDE 0.45% AND POTASSIUM CHLORIDE 20MEQ (K) IN PLASTIC CONTAINER",DEXTROSE; POTASSIUM CHLORIDE; SODIUM CHLORIDE,NDA018008,BAXTER HLTHCARE,INJECTABLE,INJECTION,Prescription
"DEXTROSE 5%, SODIUM CHLORIDE 0.45% AND POTASSIUM CHLORIDE 5MEQ IN PLASTIC CONTAINER",DEXTROSE; POTASSIUM CHLORIDE; SODIUM CHLORIDE,NDA018008,BAXTER HLTHCARE,INJECTABLE,INJECTION,Discontinued
DEXTROSE 50%,DEXTROSE,NDA019445,HOSPIRA,INJECTABLE,INJECTION,Prescription
DEXTROSE 50% IN PLASTIC CONTAINER,DEXTROSE,NDA018563,OTSUKA ICU MEDCL,INJECTABLE,INJECTION,Prescription
DEXTROSE 60%,DEXTROSE,NDA017995,B BRAUN,INJECTABLE,INJECTION,Discontinued
DEXTROSE 60% IN PLASTIC CONTAINER,DEXTROSE,NDA020047,BAXTER HLTHCARE,INJECTABLE,INJECTION,Discontinued
DEXTROSE 7.7% IN PLASTIC CONTAINER,DEXTROSE,NDA019626,B BRAUN,INJECTABLE,INJECTION,Discontinued
DEXTROSE 70% IN PLASTIC CONTAINER,DEXTROSE,NDA020047,BAXTER HLTHCARE,INJECTABLE,INJECTION,Prescription
DEXTROSTAT,DEXTROAMPHETAMINE SULFATE,ANDA084051,SHIRE,TABLET,ORAL,Discontinued
DEXYCU KIT,DEXAMETHASONE,NDA208912,EYEPOINT PHARMS,SUSPENSION,INTRAOCULAR,Discontinued
DHC PLUS,ACETAMINOPHEN; CAFFEINE; DIHYDROCODEINE BITARTRATE,ANDA088584,PHARM RES ASSOC,CAPSULE,ORAL,Discontinued
DHIVY,CARBIDOPA; LEVODOPA,NDA214869,AVION PHARMS,TABLET,ORAL,Prescription
DI-ATRO,ATROPINE SULFATE; DIPHENOXYLATE HYDROCHLORIDE,ANDA085266,MD PHARM,TABLET,ORAL,Discontinued
DI-METREX,PHENDIMETRAZINE TARTRATE,ANDA085698,PVT FORM,TABLET,ORAL,Discontinued
DIABETA,GLYBURIDE,NDA017532,SANOFI AVENTIS US,TABLET,ORAL,Prescription
DIABINESE,CHLORPROPAMIDE,NDA011641,PFIZER,TABLET,ORAL,Discontinued
DIACOMIT,STIRIPENTOL,NDA206709,BIOCODEX SA,CAPSULE,ORAL,Prescription
DIAL,HEXACHLOROPHENE,NDA017421,DIAL,SOLUTION,TOPICAL,Discontinued
DIALYTE CONCENTRATE W/ DEXTROSE 30% IN PLASTIC CONTAINER,CALCIUM CHLORIDE; DEXTROSE; MAGNESIUM CHLORIDE; SODIUM ACETATE; SODIUM CHLORIDE,NDA018807,B BRAUN,SOLUTION,INTRAPERITONEAL,Discontinued
DIALYTE CONCENTRATE W/ DEXTROSE 50% IN PLASTIC CONTAINER,CALCIUM CHLORIDE; DEXTROSE; MAGNESIUM CHLORIDE; SODIUM ACETATE; SODIUM CHLORIDE,NDA018807,B BRAUN,SOLUTION,INTRAPERITONEAL,Discontinued
DIALYTE LM/ DEXTROSE 1.5% IN PLASTIC CONTAINER,CALCIUM CHLORIDE; DEXTROSE; MAGNESIUM CHLORIDE; SODIUM CHLORIDE; SODIUM LACTATE,NDA018460,B BRAUN,SOLUTION,INTRAPERITONEAL,Discontinued
DIALYTE LM/ DEXTROSE 2.5% IN PLASTIC CONTAINER,CALCIUM CHLORIDE; DEXTROSE; MAGNESIUM CHLORIDE; SODIUM ACETATE; SODIUM CHLORIDE,NDA018460,B BRAUN,SOLUTION,INTRAPERITONEAL,Discontinued
DIALYTE LM/ DEXTROSE 2.5% IN PLASTIC CONTAINER,CALCIUM CHLORIDE; DEXTROSE; MAGNESIUM CHLORIDE; SODIUM CHLORIDE; SODIUM LACTATE,NDA018460,B BRAUN,SOLUTION,INTRAPERITONEAL,Discontinued
DIALYTE LM/ DEXTROSE 4.25% IN PLASTIC CONTAINER,CALCIUM CHLORIDE; DEXTROSE; MAGNESIUM CHLORIDE; SODIUM CHLORIDE; SODIUM LACTATE,NDA018460,B BRAUN,SOLUTION,INTRAPERITONEAL,Discontinued
DIALYTE W/ DEXTROSE 1.5% IN PLASTIC CONTAINER,CALCIUM CHLORIDE; DEXTROSE; MAGNESIUM CHLORIDE; SODIUM ACETATE; SODIUM CHLORIDE,NDA018460,B BRAUN,SOLUTION,INTRAPERITONEAL,Discontinued
DIALYTE W/ DEXTROSE 4.25% IN PLASTIC CONTAINER,CALCIUM CHLORIDE; DEXTROSE; MAGNESIUM CHLORIDE; SODIUM ACETATE; SODIUM CHLORIDE,NDA018460,B BRAUN,SOLUTION,INTRAPERITONEAL,Discontinued
DIAMOX,ACETAZOLAMIDE,NDA008943,TEVA BRANDED PHARM,TABLET,ORAL,Discontinued
DIAMOX,ACETAZOLAMIDE SODIUM,NDA009388,TEVA WOMENS,INJECTABLE,INJECTION,Discontinued
DIANEAL 137 W/ DEXTROSE 1.5% IN PLASTIC CONTAINER,CALCIUM CHLORIDE; DEXTROSE; MAGNESIUM CHLORIDE; SODIUM CHLORIDE; SODIUM LACTATE,NDA017512,VANTIVE US HLTHCARE,SOLUTION,INTRAPERITONEAL,Discontinued
DIANEAL 137 W/ DEXTROSE 2.5% IN PLASTIC CONTAINER,CALCIUM CHLORIDE; DEXTROSE; MAGNESIUM CHLORIDE; SODIUM CHLORIDE; SODIUM LACTATE,NDA017512,VANTIVE US HLTHCARE,SOLUTION,INTRAPERITONEAL,Discontinued
DIANEAL 137 W/ DEXTROSE 4.25% IN PLASTIC CONTAINER,CALCIUM CHLORIDE; DEXTROSE; MAGNESIUM CHLORIDE; SODIUM CHLORIDE; SODIUM LACTATE,NDA017512,VANTIVE US HLTHCARE,SOLUTION,INTRAPERITONEAL,Discontinued
DIANEAL LOW CALCIUM W/ DEXTROSE 1.5% IN PLASTIC CONTAINER,CALCIUM CHLORIDE; DEXTROSE; MAGNESIUM CHLORIDE; SODIUM CHLORIDE; SODIUM LACTATE,NDA020183,VANTIVE US HLTHCARE,SOLUTION,INTRAPERITONEAL,Prescription
DIANEAL LOW CALCIUM W/ DEXTROSE 2.5% IN PLASTIC CONTAINER,CALCIUM CHLORIDE; DEXTROSE; MAGNESIUM CHLORIDE; SODIUM CHLORIDE; SODIUM LACTATE,NDA020183,VANTIVE US HLTHCARE,SOLUTION,INTRAPERITONEAL,Prescription
DIANEAL LOW CALCIUM W/ DEXTROSE 3.5% IN PLASTIC CONTAINER,CALCIUM CHLORIDE; DEXTROSE; MAGNESIUM CHLORIDE; SODIUM CHLORIDE; SODIUM LACTATE,NDA020183,VANTIVE US HLTHCARE,SOLUTION,INTRAPERITONEAL,Discontinued
DIANEAL LOW CALCIUM W/ DEXTROSE 4.25% IN PLASTIC CONTAINER,CALCIUM CHLORIDE; DEXTROSE; MAGNESIUM CHLORIDE; SODIUM CHLORIDE; SODIUM LACTATE,NDA020183,VANTIVE US HLTHCARE,SOLUTION,INTRAPERITONEAL,Prescription
DIANEAL LOW CALCIUM W/DEXTROSE 1.5% IN PLASTIC CONTAINER,CALCIUM CHLORIDE; DEXTROSE; MAGNESIUM CHLORIDE; SODIUM CHLORIDE; SODIUM LACTATE,NDA017512,VANTIVE US HLTHCARE,SOLUTION,INTRAPERITONEAL,Prescription
DIANEAL LOW CALCIUM W/DEXTROSE 2.5% IN PLASTIC CONTAINER,CALCIUM CHLORIDE; DEXTROSE; MAGNESIUM CHLORIDE; SODIUM CHLORIDE; SODIUM LACTATE,NDA017512,VANTIVE US HLTHCARE,SOLUTION,INTRAPERITONEAL,Prescription
DIANEAL LOW CALCIUM W/DEXTROSE 3.5% IN PLASTIC CONTAINER,CALCIUM CHLORIDE; DEXTROSE; MAGNESIUM CHLORIDE; SODIUM CHLORIDE; SODIUM LACTATE,NDA017512,VANTIVE US HLTHCARE,SOLUTION,INTRAPERITONEAL,Prescription
DIANEAL LOW CALCIUM W/DEXTROSE 4.25% IN PLASTIC CONTAINER,CALCIUM CHLORIDE; DEXTROSE; MAGNESIUM CHLORIDE; SODIUM CHLORIDE; SODIUM LACTATE,NDA017512,VANTIVE US HLTHCARE,SOLUTION,INTRAPERITONEAL,Prescription
DIANEAL PD-1 W/ DEXTROSE 1.5% IN PLASTIC CONTAINER,CALCIUM CHLORIDE; DEXTROSE; MAGNESIUM CHLORIDE; SODIUM CHLORIDE; SODIUM LACTATE,NDA017512,VANTIVE US HLTHCARE,SOLUTION,INTRAPERITONEAL,Discontinued
DIANEAL PD-1 W/ DEXTROSE 2.5% IN PLASTIC CONTAINER,CALCIUM CHLORIDE; DEXTROSE; MAGNESIUM CHLORIDE; SODIUM CHLORIDE; SODIUM LACTATE,NDA017512,VANTIVE US HLTHCARE,SOLUTION,INTRAPERITONEAL,Discontinued
DIANEAL PD-1 W/ DEXTROSE 3.5% IN PLASTIC CONTAINER,CALCIUM CHLORIDE; DEXTROSE; MAGNESIUM CHLORIDE; SODIUM CHLORIDE; SODIUM LACTATE,NDA017512,VANTIVE US HLTHCARE,SOLUTION,INTRAPERITONEAL,Discontinued
DIANEAL PD-1 W/ DEXTROSE 4.25% IN PLASTIC CONTAINER,CALCIUM CHLORIDE; DEXTROSE; MAGNESIUM CHLORIDE; SODIUM CHLORIDE; SODIUM LACTATE,NDA017512,VANTIVE US HLTHCARE,SOLUTION,INTRAPERITONEAL,Discontinued
DIANEAL PD-2 W/ DEXTROSE 1.5% IN PLASTIC CONTAINER,CALCIUM CHLORIDE; DEXTROSE; MAGNESIUM CHLORIDE; SODIUM CHLORIDE; SODIUM LACTATE,NDA017512,VANTIVE US HLTHCARE,SOLUTION,INTRAPERITONEAL,Prescription
DIANEAL PD-2 W/ DEXTROSE 2.5% IN PLASTIC CONTAINER,CALCIUM CHLORIDE; DEXTROSE; MAGNESIUM CHLORIDE; SODIUM CHLORIDE; SODIUM LACTATE,NDA017512,VANTIVE US HLTHCARE,SOLUTION,INTRAPERITONEAL,Prescription
DIANEAL PD-2 W/ DEXTROSE 3.5% IN PLASTIC CONTAINER,CALCIUM CHLORIDE; DEXTROSE; MAGNESIUM CHLORIDE; SODIUM CHLORIDE; SODIUM LACTATE,NDA017512,VANTIVE US HLTHCARE,SOLUTION,INTRAPERITONEAL,Discontinued
DIANEAL PD-2 W/ DEXTROSE 4.25% IN PLASTIC CONTAINER,CALCIUM CHLORIDE; DEXTROSE; MAGNESIUM CHLORIDE; SODIUM CHLORIDE; SODIUM LACTATE,NDA017512,VANTIVE US HLTHCARE,SOLUTION,INTRAPERITONEAL,Prescription
DIAPID,LYPRESSIN,NDA016755,NOVARTIS,SOLUTION,NASAL,Discontinued
DIASONE SODIUM,SULFOXONE SODIUM,NDA006044,ABBVIE,"TABLET, DELAYED RELEASE",ORAL,Discontinued
DIASTAT,DIAZEPAM,NDA020648,BAUSCH,GEL,RECTAL,Discontinued
DIASTAT ACUDIAL,DIAZEPAM,NDA020648,BAUSCH,GEL,RECTAL,Prescription
DIATRIZOATE MEGLUMINE,DIATRIZOATE MEGLUMINE,NDA010040,BRACCO,INJECTABLE,INJECTION,Discontinued
DIATRIZOATE MEGLUMINE AND DIATRIZOATE SODIUM,DIATRIZOATE MEGLUMINE; DIATRIZOATE SODIUM,ANDA215049,ANNORA PHARMA,SOLUTION,"ORAL, RECTAL",Prescription
DIATRIZOATE-60,DIATRIZOATE MEGLUMINE; DIATRIZOATE SODIUM,ANDA088166,INTL MEDICATION,INJECTABLE,INJECTION,Discontinued
DIAZEPAM,DIAZEPAM,ANDA204433,CHARTWELL MOLECULAR,CONCENTRATE,ORAL,Prescription
DIAZEPAM INTENSOL,DIAZEPAM,ANDA071415,HIKMA,CONCENTRATE,ORAL,Prescription
DIAZOXIDE,DIAZOXIDE,ANDA210799,NOVITIUM PHARMA,SUSPENSION,ORAL,Prescription
DIBENIL,DIPHENHYDRAMINE HYDROCHLORIDE,ANDA088304,CENCI,ELIXIR,ORAL,Discontinued
DIBENZYLINE,PHENOXYBENZAMINE HYDROCHLORIDE,NDA008708,ADVANZ PHARMA,CAPSULE,ORAL,Discontinued
DICHLORPHENAMIDE,DICHLORPHENAMIDE,ANDA218783,RISING,TABLET,ORAL,Prescription
DICLEGIS,DOXYLAMINE SUCCINATE; PYRIDOXINE HYDROCHLORIDE,NDA021876,DUCHESNAY,"TABLET, DELAYED RELEASE",ORAL,Prescription
DICLOFENAC,DICLOFENAC,ANDA207393,LUPIN LTD,CAPSULE,ORAL,None (Tentative Approval)
DICLOFENAC POTASSIUM,DICLOFENAC POTASSIUM,ANDA075219,TEVA,TABLET,ORAL,Prescription
DICLOFENAC SODIUM,DICLOFENAC SODIUM,ANDA078031,SANDOZ,SOLUTION/DROPS,OPHTHALMIC,Prescription
DICLOFENAC SODIUM AND MISOPROSTOL,DICLOFENAC SODIUM; MISOPROSTOL,ANDA203995,AMNEAL PHARMS,"TABLET, DELAYED RELEASE",ORAL,Prescription
DICLOXACILLIN SODIUM,DICLOXACILLIN SODIUM,ANDA061455,APOTHECON,FOR SUSPENSION,ORAL,Discontinued
DICOPAC KIT,CYANOCOBALAMIN; CYANOCOBALAMIN CO-57; CYANOCOBALAMIN CO-58,NDA017406,GE HEALTHCARE,N/A,N/A,Discontinued
DICUMAROL,DICUMAROL,NDA005545,ABBVIE,TABLET,ORAL,Discontinued
DICURIN PROCAINE,PROCAINE MERETHOXYLLINE; THEOPHYLLINE,NDA008869,LILLY,INJECTABLE,INJECTION,Discontinued
DICYCLOMINE HYDROCHLORIDE,DICYCLOMINE HYDROCHLORIDE,ANDA084285,LANNETT,CAPSULE,ORAL,Prescription
DICYCLOMINE HYDROCHLORIDE (PRESERVATIVE FREE),DICYCLOMINE HYDROCHLORIDE,ANDA040465,HIKMA,INJECTABLE,INJECTION,Prescription
DIDANOSINE,DIDANOSINE,ANDA090788,PHARMOBEDIENT,"CAPSULE, DELAYED REL PELLETS",ORAL,Discontinued
DIDREX,BENZPHETAMINE HYDROCHLORIDE,NDA012427,PFIZER,TABLET,ORAL,Discontinued
DIDRONEL,ETIDRONATE DISODIUM,NDA017831,APIL,TABLET,ORAL,Discontinued
DIENESTROL,DIENESTROL,NDA006110,ORTHO MCNEIL PHARM,CREAM,VAGINAL,Discontinued
DIETHYLPROPION HYDROCHLORIDE,DIETHYLPROPION HYDROCHLORIDE,ANDA200177,LANNETT CO INC,TABLET,ORAL,Prescription
DIETHYLSTILBESTROL,DIETHYLSTILBESTROL,NDA004039,LILLY,"TABLET, DELAYED RELEASE",ORAL,Discontinued
DIFFERIN,ADAPALENE,NDA020338,GALDERMA LABS LP,SOLUTION,TOPICAL,Discontinued
DIFFERIN EPIDUO,ADAPALENE; BENZOYL PEROXIDE,NDA220736,GALDERMA LABS LP,GEL,TOPICAL,Over-the-counter
DIFFERIN EPIDUO ACNE GEL (ADAPALENE AND BENZOYL PEROXIDE),"ADAPALENE, BENZOYL PEROXIDE",NDA220736,GALDERMA LABS LP,GEL,,Over-the-counter
DIFICID,FIDAXOMICIN,NDA201699,CUBIST PHARMS LLC,TABLET,ORAL,Prescription
DIFLORASONE DIACETATE,DIFLORASONE DIACETATE,ANDA206572,SCIEGEN PHARMS,OINTMENT,TOPICAL,Discontinued
DIFLUCAN,FLUCONAZOLE,NDA020090,PFIZER,FOR SUSPENSION,ORAL,Prescription
DIFLUCAN IN DEXTROSE 5% IN PLASTIC CONTAINER,FLUCONAZOLE,NDA019950,PFIZER,INJECTABLE,INJECTION,Discontinued
DIFLUCAN IN SODIUM CHLORIDE 0.9%,FLUCONAZOLE,NDA019950,PFIZER,INJECTABLE,INJECTION,Discontinued
DIFLUCAN IN SODIUM CHLORIDE 0.9% IN PLASTIC CONTAINER,FLUCONAZOLE,NDA019950,PFIZER,INJECTABLE,INJECTION,Discontinued
DIFLUNISAL,DIFLUNISAL,ANDA074285,PUREPAC PHARM,TABLET,ORAL,Discontinued
DIFLUPREDNATE,DIFLUPREDNATE,ANDA214894,DR REDDYS,EMULSION,OPHTHALMIC,Prescription
DIGOXIN,DIGOXIN,ANDA077002,HIKMA INTL PHARMS,TABLET,ORAL,Prescription
DIGOXIN PEDIATRIC,DIGOXIN,ANDA040092,HOSPIRA,INJECTABLE,INJECTION,Discontinued
DIHYDROERGOTAMINE MESYLATE,DIHYDROERGOTAMINE MESYLATE,ANDA212907,CIPLA,"SPRAY, METERED",NASAL,Prescription
DILACOR XR,DILTIAZEM HYDROCHLORIDE,NDA020092,ALLERGAN,"CAPSULE, EXTENDED RELEASE",ORAL,Discontinued
DILANTIN,PHENYTOIN,ANDA084427,PHARMACIA,"TABLET, CHEWABLE",ORAL,Prescription
DILANTIN,PHENYTOIN SODIUM,ANDA084349,VIATRIS,CAPSULE,ORAL,Prescription
DILANTIN-125,PHENYTOIN,NDA008762,VIATRIS,SUSPENSION,ORAL,Prescription
DILANTIN-30,PHENYTOIN,NDA008762,VIATRIS,SUSPENSION,ORAL,Discontinued
DILATRATE-SR,ISOSORBIDE DINITRATE,NDA019790,ENDO OPERATIONS,"CAPSULE, EXTENDED RELEASE",ORAL,Discontinued
DILAUDID,HYDROMORPHONE HYDROCHLORIDE,NDA019892,RHODES PHARMS,TABLET,ORAL,Prescription
DILAUDID-HP,HYDROMORPHONE HYDROCHLORIDE,NDA019034,FRESENIUS KABI USA,INJECTABLE,INJECTION,Discontinued
DILOR,DYPHYLLINE,ANDA084514,SAVAGE LABS,TABLET,ORAL,Discontinued
DILOR-400,DYPHYLLINE,ANDA084751,SAVAGE LABS,TABLET,ORAL,Discontinued
DILT-CD,DILTIAZEM HYDROCHLORIDE,ANDA076151,APOTEX,"CAPSULE, EXTENDED RELEASE",ORAL,Discontinued
DILTIAZEM HYDROCHLORIDE,DILTIAZEM HYDROCHLORIDE,ANDA217377,TWI PHARMS,"CAPSULE, EXTENDED RELEASE",ORAL,Prescription
DILTIAZEM HYDROCHLORIDE IN 0.72% SODIUM CHLORIDE,DILTIAZEM HYDROCHLORIDE,NDA218038,HQ SPCLT PHARMA,SOLUTION,INTRAVENOUS,Prescription
DILTIAZEM HYDROCHLORIDE IN DEXTROSE 5%,DILTIAZEM HYDROCHLORIDE,NDA215252,EXELA PHARMA,SOLUTION,INTRAVENOUS,Discontinued
DILTZAC,DILTIAZEM HYDROCHLORIDE,ANDA076395,APOTEX,"CAPSULE, EXTENDED RELEASE",ORAL,Discontinued
DIMENHYDRINATE,DIMENHYDRINATE,ANDA084767,BAXTER HLTHCARE,INJECTABLE,INJECTION,Discontinued
DIMETANE,BROMPHENIRAMINE MALEATE,NDA010799,WYETH CONS,"TABLET, EXTENDED RELEASE",ORAL,Discontinued
DIMETANE-DX,BROMPHENIRAMINE MALEATE; DEXTROMETHORPHAN HYDROBROMIDE; PSEUDOEPHEDRINE HYDROCHLORIDE,NDA019279,ROBINS AH,SYRUP,ORAL,Discontinued
DIMETANE-TEN,BROMPHENIRAMINE MALEATE,NDA011418,WYETH AYERST,INJECTABLE,INJECTION,Discontinued
DIMETHYL FUMARATE,DIMETHYL FUMARATE,ANDA210402,AMNEAL,"CAPSULE, DELAYED RELEASE",ORAL,Prescription
DIMETHYL SULFOXIDE,DIMETHYL SULFOXIDE,ANDA220173,RENOVA PHARMS,SOLUTION,INTRAVESICAL,Prescription
DIONOSIL AQUEOUS,PROPYLIODONE,NDA009309,GLAXOSMITHKLINE,SUSPENSION,INTRATRACHEAL,Discontinued
DIONOSIL OILY,PROPYLIODONE,NDA009309,GLAXOSMITHKLINE,SUSPENSION,INTRATRACHEAL,Discontinued
DIOVAN,VALSARTAN,NDA020665,NOVARTIS,CAPSULE,ORAL,Discontinued
DIOVAN HCT,HYDROCHLOROTHIAZIDE; VALSARTAN,NDA020818,NOVARTIS,TABLET,ORAL,Prescription
DIPENTUM,OLSALAZINE SODIUM,NDA019715,MYLAN SPCLT VIATRIS,CAPSULE,ORAL,Prescription
DIPHEN,DIPHENHYDRAMINE HYDROCHLORIDE,ANDA070118,MORTON GROVE,SYRUP,ORAL,Discontinued
DIPHENHYDRAMINE HYDROCHLORIDE,DIPHENHYDRAMINE HYDROCHLORIDE,ANDA080727,HERITAGE PHARMA,CAPSULE,ORAL,Discontinued
DIPHENHYDRAMINE HYDROCHLORIDE PRESERVATIVE FREE,DIPHENHYDRAMINE HYDROCHLORIDE,ANDA091526,FRESENIUS KABI USA,INJECTABLE,INJECTION,Prescription
DIPHENOXYLATE HYDROCHLORIDE AND ATROPINE SULFATE,ATROPINE SULFATE; DIPHENOXYLATE HYDROCHLORIDE,ANDA085509,INWOOD LABS,TABLET,ORAL,Discontinued
DIPHENOXYLATE HYDROCHLORIDE W/ ATROPINE SULFATE,ATROPINE SULFATE; DIPHENOXYLATE HYDROCHLORIDE,ANDA086440,SCHERER RP,CAPSULE,ORAL,Discontinued
DIPHENYLAN SODIUM,PHENYTOIN SODIUM,ANDA080857,CHARTWELL MOLECULAR,CAPSULE,ORAL,Discontinued
DIPIVEFRIN HYDROCHLORIDE,DIPIVEFRIN HYDROCHLORIDE,ANDA074188,BAUSCH AND LOMB,SOLUTION/DROPS,OPHTHALMIC,Discontinued
DIPRIVAN,PROPOFOL,NDA019627,FRESENIUS KABI USA,INJECTABLE,INJECTION,Discontinued
DIPROLENE,BETAMETHASONE DIPROPIONATE,NDA019716,ORGANON,"LOTION, AUGMENTED",TOPICAL,Discontinued
DIPROLENE AF,BETAMETHASONE DIPROPIONATE,NDA019555,ORGANON,"CREAM, AUGMENTED",TOPICAL,Discontinued
DIPROSONE,BETAMETHASONE DIPROPIONATE,NDA017536,SCHERING,CREAM,TOPICAL,Discontinued
DIPYRIDAMOLE,DIPYRIDAMOLE,ANDA040542,OXFORD PHARMS,TABLET,ORAL,Prescription
DIROXIMEL FUMARATE,DIROXIMEL FUMARATE,ANDA218596,ZYDUS,"CAPSULE, DELAYED RELEASE",ORAL,Prescription
DISIPAL,ORPHENADRINE HYDROCHLORIDE,NDA010653,3M,TABLET,ORAL,Discontinued
DISOBROM,DEXBROMPHENIRAMINE MALEATE; PSEUDOEPHEDRINE SULFATE,ANDA070770,SANDOZ,"TABLET, EXTENDED RELEASE",ORAL,Discontinued
DISOMER,DEXBROMPHENIRAMINE MALEATE,NDA011814,SCHERING,SYRUP,ORAL,Discontinued
DISOPHROL,DEXBROMPHENIRAMINE MALEATE; PSEUDOEPHEDRINE SULFATE,NDA013483,SCHERING PLOUGH,"TABLET, EXTENDED RELEASE",ORAL,Discontinued
DISOPYRAMIDE PHOSPHATE,DISOPYRAMIDE PHOSPHATE,ANDA070102,TEVA,CAPSULE,ORAL,Prescription
DISPERMOX,AMOXICILLIN,ANDA065080,RANBAXY LABS LTD,"TABLET, FOR SUSPENSION",ORAL,Discontinued
DISULFIRAM,DISULFIRAM,ANDA087974,WATSON LABS,TABLET,ORAL,Discontinued
DITATE-DS,ESTRADIOL VALERATE; TESTOSTERONE ENANTHATE,ANDA086423,SAVAGE LABS,INJECTABLE,INJECTION,Discontinued
DITROPAN,OXYBUTYNIN CHLORIDE,NDA018211,ORTHO MCNEIL JANSSEN,SYRUP,ORAL,Discontinued
DITROPAN XL,OXYBUTYNIN CHLORIDE,NDA020897,JANSSEN PHARMS,"TABLET, EXTENDED RELEASE",ORAL,Discontinued
DIUCARDIN,HYDROFLUMETHIAZIDE,ANDA083383,WYETH AYERST,TABLET,ORAL,Discontinued
DIULO,METOLAZONE,NDA018535,GD SEARLE LLC,TABLET,ORAL,Discontinued
DIUPRES-250,CHLOROTHIAZIDE; RESERPINE,NDA011635,MERCK,TABLET,ORAL,Discontinued
DIUPRES-500,CHLOROTHIAZIDE; RESERPINE,NDA011635,MERCK,TABLET,ORAL,Discontinued
DIURIL,CHLOROTHIAZIDE,NDA011870,SALIX PHARMS,SUSPENSION,ORAL,Discontinued
DIURIL,CHLOROTHIAZIDE SODIUM,NDA011145,RISING,INJECTABLE,INJECTION,Discontinued
DIUTENSEN-R,METHYCLOTHIAZIDE; RESERPINE,NDA012708,MEDPOINTE PHARM HLC,TABLET,ORAL,Discontinued
DIVALPROEX SODIUM,DIVALPROEX SODIUM,ANDA078791,IMPAX LABS,"TABLET, EXTENDED RELEASE",ORAL,Discontinued
DIVIGEL,ESTRADIOL,NDA022038,VERTICAL PHARMS,GEL,TRANSDERMAL,Prescription
DIZAC,DIAZEPAM,NDA019287,PHARMACIA AND UPJOHN,INJECTABLE,INJECTION,Discontinued
DOBUTAMINE HYDROCHLORIDE,DOBUTAMINE HYDROCHLORIDE,ANDA074206,TEVA PARENTERAL,INJECTABLE,INJECTION,Discontinued
DOBUTAMINE HYDROCHLORIDE IN DEXTROSE 5%,DOBUTAMINE HYDROCHLORIDE,NDA020269,HOSPIRA,INJECTABLE,INJECTION,Discontinued
DOBUTAMINE HYDROCHLORIDE IN DEXTROSE 5% IN PLASTIC CONTAINER,DOBUTAMINE HYDROCHLORIDE,NDA020255,BAXTER HLTHCARE,INJECTABLE,INJECTION,Prescription
DOBUTREX,DOBUTAMINE HYDROCHLORIDE,NDA017820,LILLY,INJECTABLE,INJECTION,Discontinued
DOCA,DESOXYCORTICOSTERONE ACETATE,NDA001104,ORGANON USA INC,INJECTABLE,INJECTION,Discontinued
DOCEFREZ,DOCETAXEL,NDA022534,SUN PHARM,INJECTABLE,INJECTION,Discontinued
DOCETAXEL,DOCETAXEL,ANDA210848,MYLAN LABS LTD,INJECTABLE,INJECTION,Prescription
DOCIVYX,DOCETAXEL,NDA215813,AVYXA HOLDINGS,SOLUTION,INTRAVENOUS,Prescription
DOCOSANOL,DOCOSANOL,ANDA220017,KLM LABS PVT,CREAM,TOPICAL,Over-the-counter
DODEX,CYANOCOBALAMIN,ANDA083022,ACCORD HLTHCARE,INJECTABLE,INJECTION,Discontinued
DOFETILDE,DOFETILIDE,ANDA210740,AUROBINDO PHARMA LTD,CAPSULE,ORAL,Prescription
DOFETILIDE,DOFETILIDE,ANDA210018,TEVA PHARMS USA,CAPSULE,ORAL,Discontinued
DOJOLVI,TRIHEPTANOIN,NDA213687,ULTRAGENYX PHARM INC,LIQUID,ORAL,Prescription
DOLENE,PROPOXYPHENE HYDROCHLORIDE,ANDA080530,HERITAGE PHARMS INC,CAPSULE,ORAL,Discontinued
DOLENE AP-65,ACETAMINOPHEN; PROPOXYPHENE HYDROCHLORIDE,ANDA085100,LEDERLE,TABLET,ORAL,Discontinued
DOLISHALE,ETHINYL ESTRADIOL; LEVONORGESTREL,ANDA091692,NOVAST LABS,TABLET,ORAL,Prescription
DOLOBID,DIFLUNISAL,NDA018445,MERCK,TABLET,ORAL,Discontinued
DOLOPHINE HYDROCHLORIDE,METHADONE HYDROCHLORIDE,NDA006134,HIKMA,SYRUP,ORAL,Discontinued
DOLUTEGRAVIR,DOLUTEGRAVIR,NDA215319,LAURUS GENERICS INC,FILM,ORAL,Prescription
DOLUTEGRAVIR AND LAMIVUDINE,DOLUTEGRAVIR AND LAMIVUDINE,ANDA219623,EMCURE PHARMS LTD,TABLET,,None (Tentative Approval)
DOLUTEGRAVIR LAMIVUDINE TENOFOVIR ALAFENAMIDE,DOLUTEGRAVIR LAMIVUDINE TENOFOVIR ALAFENAMIDE,NDA212527,CIPLA USA INC.,TABLET,,None (Tentative Approval)
DOLUTEGRAVIR SODIUM,DOLUTEGRAVIR SODIUM,NDA214566,MACLEODS PHARMS LTD,TABLET,ORAL SUSPENSION,None (Tentative Approval)
DOLUTEGRAVIR SODIUM AND ABACAVIR SULFATE AND LAMIVUDINE,ABACAVIR || DOLUTEGRAVIR || LAMIVUDINE,ANDA210811,CIPLA LIMITED,TABLET,,None (Tentative Approval)
"DOLUTEGRAVIR, EMTRICITABINE and TENOFOVIR ALAFENAMIDE","DOLUTEGRAVIR, EMTRICITABINE and TENOFOVIR ALAFENAMIDE",NDA215448,AUROBINDO PHARMA USA,TABLET,ORAL,None (Tentative Approval)
"DOLUTEGRAVIR, LAMIVUDINE AND TENOFOVIR DISOPROXIL FUMARATE",DOLUTEGRAVIR; LAMIVUDINE; TENOFOVIR DISOPROXIL FUMARATE,NDA212303,LUPIN PHARMS,TABLET,ORAL,None (Tentative Approval)
"DOLUTEGRAVIR, LAMIVUDINE and TENOFOVIR DISOPROXIL FUMARATE",DOLUTEGRAVIR; LAMIVUDINE; TENOFOVIR DISOPROXIL FUMARATE,NDA219804,ASPEN SA OPERATIONS (PTY) LTD,TABLET,ORAL,None (Tentative Approval)
"DOLUTEGRAVIR, LAMIVUDINE, AND TENOFOVIR DISOPROXIL FUMARATE",DOLUTEGRAVIR; LAMIVUDINE; TENOFOVIR DISOPROXIL FUMARATE,NDA209670,MYLAN PHARMS INC,TABLET,ORAL,None (Tentative Approval)
DOLUTEGRAVIR; EMTRICITABINE; TENOFOVIR ALAFENAMIDE,DOLUTEGRAVIR; EMTRICITABINE; TENOFOVIR ALAFENAMIDE,NDA214544,LUPIN LTD,TABLET,ORAL,None (Tentative Approval)
DOLUTEGRAVIR; LAMIVUDINE; TENOFOVIR DISOPROXIL FUMARATE,DOLUTEGRAVIR; LAMIVUDINE; TENOFOVIR DISOPROXIL FUMARATE,NDA210796,MACLEODS PHARMS LTD,TABLET,ORAL,None (Tentative Approval)
DOLUTEGRAVIR; RILPIVIRINE,DOLUTEGRAVIR; RILPIVIRINE,ANDA213120,LUPIN LTD,TABLET,ORAL,None (Tentative Approval)
DOLUTEGRAVIR; TENOFOVIR DISOPROXIL FUMARATE; LAMIVUDINE,DOLUTEGRAVIR; LAMIVUDINE; TENOFOVIR DISOPROXIL FUMARATE,NDA217016,STRIDES PHARMA,TABLET,ORAL,None (Tentative Approval)
DOLUTEGRAVIR;LAMIVUDINE;TENOFOVIR ALAFENAMIDE,DOLUTEGRAVIR; LAMIVUDINE; TENOFOVIR ALAFENAMIDE,NDA215187,LUPIN PHARMS,TABLET,ORAL,None (Tentative Approval)
DOMEBORO,"ACETIC ACID, GLACIAL; ALUMINUM ACETATE",ANDA084476,BAYER PHARMS,SOLUTION/DROPS,OTIC,Discontinued
DONEPEZIL HYDROCHLORIDE,DONEPEZIL HYDROCHLORIDE,ANDA077344,HERITAGE PHARMA,TABLET,ORAL,Discontinued
DOPAMINE HYDROCHLORIDE,DOPAMINE HYDROCHLORIDE,ANDA070012,ABRAXIS PHARM,INJECTABLE,INJECTION,Discontinued
DOPAMINE HYDROCHLORIDE AND DEXTROSE 5%,DOPAMINE HYDROCHLORIDE,NDA019099,B BRAUN,INJECTABLE,INJECTION,Discontinued
DOPAMINE HYDROCHLORIDE AND DEXTROSE 5% IN PLASTIC CONTAINER,DOPAMINE HYDROCHLORIDE,NDA019099,B BRAUN,INJECTABLE,INJECTION,Discontinued
DOPAMINE HYDROCHLORIDE IN DEXTROSE 5%,DOPAMINE HYDROCHLORIDE,NDA020542,HOSPIRA,INJECTABLE,INJECTION,Discontinued
DOPAMINE HYDROCHLORIDE IN DEXTROSE 5% IN PLASTIC CONTAINER,DOPAMINE HYDROCHLORIDE,NDA018826,HOSPIRA,INJECTABLE,INJECTION,Prescription
DOPAR,LEVODOPA,NDA016913,SHIRE,TABLET,ORAL,Discontinued
DOPRAM,DOXAPRAM HYDROCHLORIDE,NDA014879,HIKMA,INJECTABLE,INJECTION,Prescription
DOPTELET,AVATROMBOPAG MALEATE,NDA210238,AKARX INC,TABLET,ORAL,Prescription
DOPTELET SPRINKLE,AVATROMBOPAG MALEATE,NDA219696,AKARX INC,GRANULE,ORAL,Prescription
DORAL,QUAZEPAM,NDA018708,GALT PHARMS,TABLET,ORAL,Discontinued
DORIBAX,DORIPENEM,NDA022106,SHIONOGI,INJECTABLE,INTRAVENOUS,Discontinued
DORIDEN,GLUTETHIMIDE,NDA009519,SANOFI AVENTIS US,CAPSULE,ORAL,Discontinued
DORMATE,MEBUTAMATE,NDA017374,MEDPOINTE PHARM HLC,TABLET,ORAL,Discontinued
DORYX,DOXYCYCLINE HYCLATE,NDA050795,MAYNE PHARMA,"TABLET, DELAYED RELEASE",ORAL,Discontinued
DORYX MPC,DOXYCYCLINE HYCLATE,NDA050795,MAYNE PHARMA,"TABLET, DELAYED RELEASE",ORAL,Discontinued
DORZOLAMIDE HYDROCHLORIDE,DORZOLAMIDE HYDROCHLORIDE,ANDA091034,ZAMBON SPA,SOLUTION/DROPS,OPHTHALMIC,Discontinued
DORZOLAMIDE HYDROCHLORIDE AND TIMOLOL MALEATE,DORZOLAMIDE HYDROCHLORIDE; TIMOLOL MALEATE,ANDA207630,EUGIA PHARMA,SOLUTION/DROPS,OPHTHALMIC,Prescription
DOSTINEX,CABERGOLINE,NDA020664,PFIZER,TABLET,ORAL,Discontinued
DOTAREM,GADOTERATE MEGLUMINE,NDA204781,GUERBET,SOLUTION,INTRAVENOUS,Prescription
DOVATO,DOLUTEGRAVIR SODIUM; LAMIVUDINE,NDA211994,VIIV HLTHCARE,TABLET,ORAL,Prescription
DOVONEX,CALCIPOTRIENE,NDA020611,LEO PHARM,SOLUTION,TOPICAL,Discontinued
DOW-ISONIAZID,ISONIAZID,ANDA080330,DOW PHARM,TABLET,ORAL,Discontinued
DOXAPRAM HYDROCHLORIDE,DOXAPRAM HYDROCHLORIDE,ANDA073529,WATSON LABS,INJECTABLE,INJECTION,Discontinued
DOXAZOSIN MESYLATE,DOXAZOSIN MESYLATE,ANDA212329,UNICHEM,TABLET,ORAL,Prescription
DOXEPIN HYDROCHLORIDE,DOXEPIN HYDROCHLORIDE,ANDA213474,AIPING PHARM INC,CAPSULE,ORAL,Prescription
DOXERCALCIFEROL,DOXERCALCIFEROL,ANDA200926,CAPLIN,INJECTABLE,INJECTION,Discontinued
DOXIL (LIPOSOMAL),DOXORUBICIN HYDROCHLORIDE,NDA050718,BAXTER HLTHCARE CORP,"INJECTABLE, LIPOSOMAL",INJECTION,Prescription
DOXORUBICIN HYDROCHLORIDE,DOXORUBICIN HYDROCHLORIDE,ANDA203622,ACTAVIS INC,INJECTABLE,INJECTION,Prescription
DOXORUBICIN HYDROCHLORIDE (LIPOSOMAL),DOXORUBICIN HYDROCHLORIDE,ANDA212299,ZYDUS LIFESCIENCES,"INJECTABLE, LIPOSOMAL",INJECTION,Prescription
DOXY 100,DOXYCYCLINE HYCLATE,ANDA062475,FRESENIUS KABI USA,INJECTABLE,INJECTION,Prescription
DOXY 200,DOXYCYCLINE HYCLATE,ANDA062475,FRESENIUS KABI USA,INJECTABLE,INJECTION,Prescription
DOXY-LEMMON,DOXYCYCLINE HYCLATE,ANDA062497,TEVA,CAPSULE,ORAL,Discontinued
DOXY-SLEEP-AID,DOXYLAMINE SUCCINATE,ANDA070156,PAR PHARM,TABLET,ORAL,Discontinued
DOXYCHEL,DOXYCYCLINE,ANDA061720,RACHELLE,FOR SUSPENSION,ORAL,Discontinued
DOXYCHEL HYCLATE,DOXYCYCLINE HYCLATE,ANDA061953,RACHELLE,INJECTABLE,INJECTION,Discontinued
DOXYCYCLINE,DOXYCYCLINE,ANDA200065,IMPAX LABS INC,CAPSULE,ORAL,Discontinued
DOXYCYCLINE,DOXYCYCLINE HYCLATE,ANDA062450,HIKMA,INJECTABLE,INJECTION,Discontinued
DOXYCYCLINE HYCLATE,DOXYCYCLINE HYCLATE,ANDA090505,IMPAX LABS INC,"TABLET, DELAYED RELEASE",ORAL,Discontinued
DOXYLAMINE SUCCINATE,DOXYLAMINE SUCCINATE,ANDA088900,COPLEY PHARM,TABLET,ORAL,Discontinued
DOXYLAMINE SUCCINATE AND PYRIDOXINE HYDROCHLORIDE,DOXYLAMINE SUCCINATE; PYRIDOXINE HYDROCHLORIDE,ANDA207825,PHARMOBEDIENT,"TABLET, DELAYED RELEASE",ORAL,Discontinued
DRALSERP,HYDRALAZINE HYDROCHLORIDE; RESERPINE,ANDA084617,SANDOZ,TABLET,ORAL,Discontinued
DRALZINE,HYDRALAZINE HYDROCHLORIDE,ANDA084301,TEVA,TABLET,ORAL,Discontinued
DRAX EXAMETAZIME,TECHNETIUM TC-99M EXAMETAZIME KIT,NDA208870,JUBILANT,POWDER,INTRAVENOUS,Prescription
DRAXIMAGE DTPA,TECHNETIUM TC-99M PENTETATE KIT,NDA018511,JUBILANT,INJECTABLE,INJECTION,Prescription
DRAXIMAGE MDP-10,TECHNETIUM TC-99M MEDRONATE,NDA018035,JUBILANT,INJECTABLE,INJECTION,Discontinued
DRAXIMAGE MDP-25,TECHNETIUM TC-99M MEDRONATE,NDA018035,JUBILANT,INJECTABLE,INJECTION,Prescription
DRICORT,HYDROCORTISONE ACETATE,ANDA086207,INGRAM PHARM,LOTION,TOPICAL,Discontinued
DRISDOL,ERGOCALCIFEROL,NDA003444,ESJAY PHARMA,CAPSULE,ORAL,Prescription
DRIXORAL,DEXBROMPHENIRAMINE MALEATE; PSEUDOEPHEDRINE SULFATE,NDA013483,SCHERING PLOUGH,"TABLET, EXTENDED RELEASE",ORAL,Discontinued
DRIXORAL PLUS,ACETAMINOPHEN; DEXBROMPHENIRAMINE MALEATE; PSEUDOEPHEDRINE SULFATE,NDA019453,SCHERING PLOUGH,"TABLET, EXTENDED RELEASE",ORAL,Discontinued
DRIZALMA SPRINKLE,DULOXETINE HYDROCHLORIDE,NDA212516,SUN PHARM,"CAPSULE, DELAYED REL PELLETS",ORAL,Prescription
DROLBAN,DROMOSTANOLONE PROPIONATE,NDA012936,LILLY,INJECTABLE,INJECTION,Discontinued
DRONABINOL,DRONABINOL,ANDA079217,HIKMA,CAPSULE,ORAL,Discontinued
DRONEDARONE,DRONEDARONE,ANDA206649,AMNEAL PHARMS,TABLET,ORAL,None (Tentative Approval)
DRONEDARONE HYDROCHLORIDE,DRONEDARONE HYDROCHLORIDE,ANDA205682,WATSON LABS INC,TABLET,ORAL,None (Tentative Approval)
DROPERIDOL,DROPERIDOL,ANDA072020,IGI LABS INC,INJECTABLE,INJECTION,Discontinued
DROSPIRENONE,DROSPIRENONE,NDA216285,EXELTIS USA INC,"TABLET, CHEWABLE",ORAL,Discontinued
DROSPIRENONE AND ESTRADIOL,DROSPIRENONE; ESTRADIOL,ANDA218031,NOVAST LABS,TABLET,ORAL,Prescription
DROSPIRENONE AND ETHINYL ESTRADIOL,DROSPIRENONE; ETHINYL ESTRADIOL,ANDA078833,WATSON LABS,TABLET,ORAL,Prescription
"DROSPIRENONE, ETHINYL ESTRADIOL AND LEVOMEFOLATE CALCIUM",DROSPIRENONE; ETHINYL ESTRADIOL; LEVOMEFOLATE CALCIUM,ANDA205947,LUPIN,TABLET,ORAL,Prescription
DROXIA,HYDROXYUREA,NDA016295,WAYLIS THERAP,CAPSULE,ORAL,Prescription
DROXIDOPA,DROXIDOPA,ANDA211818,ZYDUS PHARMS,CAPSULE,ORAL,Prescription
DRYTEC,TECHNETIUM TC-99M SODIUM PERTECHNETATE GENERATOR,NDA017693,GE HEALTHCARE,SOLUTION,"INTRAVENOUS, ORAL",Discontinued
DSUVIA,SUFENTANIL CITRATE,NDA209128,VERTICAL PHARMS,TABLET,SUBLINGUAL,Discontinued
DTIC-DOME,DACARBAZINE,NDA017575,BAYER HLTHCARE,INJECTABLE,INJECTION,Discontinued
DUAC,BENZOYL PEROXIDE; CLINDAMYCIN PHOSPHATE,NDA050741,STIEFEL,GEL,TOPICAL,Prescription
DUAKLIR PRESSAIR,ACLIDINIUM BROMIDE; FORMOTEROL FUMARATE,NDA210595,AZURITY,"POWDER, METERED",INHALATION,Prescription
DUAVEE,"BAZEDOXIFENE ACETATE; ESTROGENS, CONJUGATED",NDA022247,WYETH PHARMS,TABLET,ORAL,Prescription
DUETACT,GLIMEPIRIDE; PIOGLITAZONE HYDROCHLORIDE,NDA021925,TAKEDA PHARMS USA,TABLET,ORAL,Prescription
DUEXIS,FAMOTIDINE; IBUPROFEN,NDA022519,HORIZON,TABLET,ORAL,Discontinued
DULERA,FORMOTEROL FUMARATE; MOMETASONE FUROATE,NDA022518,ORGANON LLC,"AEROSOL, METERED",INHALATION,Prescription
DULOXETINE HYDROCHLORIDE,DULOXETINE HYDROCHLORIDE,ANDA090773,WOCKHARDT,"CAPSULE, DELAYED RELEASE",ORAL,None (Tentative Approval)
DUO-MEDIHALER,ISOPROTERENOL HYDROCHLORIDE; PHENYLEPHRINE BITARTRATE,NDA013296,3M,"AEROSOL, METERED",INHALATION,Discontinued
DUOBRII,HALOBETASOL PROPIONATE; TAZAROTENE,NDA209354,BAUSCH,LOTION,TOPICAL,Prescription
DUOCAINE,BUPIVACAINE HYDROCHLORIDE; LIDOCAINE HYDROCHLORIDE,NDA021496,AMPHASTAR PHARMS INC,INJECTABLE,INJECTION,Discontinued
DUODOTE,ATROPINE; PRALIDOXIME CHLORIDE,NDA021983,MMT,INJECTABLE,INTRAMUSCULAR,Prescription
DUONEB,ALBUTEROL SULFATE; IPRATROPIUM BROMIDE,NDA020950,PHARMOBEDIENT,SOLUTION,INHALATION,Discontinued
DUOPA,CARBIDOPA; LEVODOPA,NDA203952,ABBVIE,SUSPENSION,ENTERAL,Prescription
DUPHALAC,LACTULOSE,ANDA072372,SOLVAY,SOLUTION,ORAL,Discontinued
DUPIXENT,DUPILUMAB,BLA761055,REGENERON PHARMACEUTICALS,INJECTABLE,INJECTION,Prescription
DURABOLIN,NANDROLONE PHENPROPIONATE,NDA011891,ORGANON USA INC,INJECTABLE,INJECTION,Discontinued
DURACILLIN A.S.,PENICILLIN G PROCAINE,ANDA060093,LILLY,INJECTABLE,INJECTION,Discontinued
DURACLON,CLONIDINE HYDROCHLORIDE,NDA020615,MYLAN INSTITUTIONAL,INJECTABLE,INJECTION,Prescription
DURADYNE DHC,ACETAMINOPHEN; HYDROCODONE BITARTRATE,ANDA087809,FOREST PHARMS,TABLET,ORAL,Discontinued
DURAGESIC-100,FENTANYL,NDA019813,JANSSEN PHARMS,"FILM, EXTENDED RELEASE",TRANSDERMAL,Discontinued
DURAGESIC-12,FENTANYL,NDA019813,JANSSEN PHARMS,"FILM, EXTENDED RELEASE",TRANSDERMAL,Discontinued
DURAGESIC-25,FENTANYL,NDA019813,JANSSEN PHARMS,"FILM, EXTENDED RELEASE",TRANSDERMAL,Discontinued
DURAGESIC-37,FENTANYL,NDA019813,JANSSEN PHARMS,"FILM, EXTENDED RELEASE",TRANSDERMAL,Discontinued
DURAGESIC-50,FENTANYL,NDA019813,JANSSEN PHARMS,"FILM, EXTENDED RELEASE",TRANSDERMAL,Discontinued
DURAGESIC-75,FENTANYL,NDA019813,JANSSEN PHARMS,"FILM, EXTENDED RELEASE",TRANSDERMAL,Discontinued
DURAMORPH PF,MORPHINE SULFATE,NDA018565,HIKMA,INJECTABLE,INJECTION,Prescription
DURANEST,EPINEPHRINE BITARTRATE; ETIDOCAINE HYDROCHLORIDE,NDA017751,ASTRAZENECA,INJECTABLE,INJECTION,Discontinued
DURANEST,EPINEPHRINE; ETIDOCAINE HYDROCHLORIDE,NDA017751,ASTRAZENECA,INJECTABLE,INJECTION,Discontinued
DURANEST,ETIDOCAINE HYDROCHLORIDE,NDA017751,ASTRAZENECA,INJECTABLE,INJECTION,Discontinued
DURAPHYL,THEOPHYLLINE,ANDA088505,FOREST LABS,"TABLET, EXTENDED RELEASE",ORAL,Discontinued
DURAPREP,IODINE POVACRYLEX; ISOPROPYL ALCOHOL,NDA021586,SOLVENTUM,SPONGE,TOPICAL,Over-the-counter
DURAQUIN,QUINIDINE GLUCONATE,NDA017917,WARNER CHILCOTT,"TABLET, EXTENDED RELEASE",ORAL,Discontinued
DUREZOL,DIFLUPREDNATE,NDA022212,SANDOZ,EMULSION,OPHTHALMIC,Prescription
DURICEF,CEFADROXIL/CEFADROXIL HEMIHYDRATE,NDA050528,WARNER CHILCOTT,TABLET,ORAL,Discontinued
DURLAZA,ASPIRIN,NDA200671,HESP,"CAPSULE, EXTENDED RELEASE",ORAL,Discontinued
DURYSTA,BIMATOPROST,NDA211911,ABBVIE,IMPLANT,OPHTHALMIC,Prescription
DUTASTERIDE,DUTASTERIDE,ANDA202808,ACTAVIS LABS FL INC,CAPSULE,ORAL,Discontinued
DUTASTERIDE AND TAMSULOSIN HYDROCHLORIDE,DUTASTERIDE; TAMSULOSIN HYDROCHLORIDE,ANDA213300,AUROBINDO PHARMA,CAPSULE,ORAL,Prescription
DUTOPROL,HYDROCHLOROTHIAZIDE; METOPROLOL SUCCINATE,NDA021956,CONCORDIA,"TABLET, EXTENDED RELEASE",ORAL,Discontinued
DUTREBIS,LAMIVUDINE; RALTEGRAVIR POTASSIUM,NDA206510,MERCK SHARP DOHME,TABLET,ORAL,Discontinued
DUVOID,BETHANECHOL CHLORIDE,ANDA086262,CHARTWELL RX,TABLET,ORAL,Prescription
DUVYZAT,GIVINOSTAT HYDROCHLORIDE,NDA217865,ITALFARMACO SPA,SUSPENSION,ORAL,Prescription
DUZALLO,ALLOPURINOL; LESINURAD,NDA209203,IRONWOOD PHARMS INC,TABLET,ORAL,Discontinued
DV,DIENESTROL,ANDA083517,SANOFI AVENTIS US,SUPPOSITORY,VAGINAL,Discontinued
DYANAVEL XR,AMPHETAMINE; AMPHETAMINE ASPARTATE/DEXTROAMPHETAMINE SULFATE,NDA208147,TRIS PHARMA INC,"SUSPENSION, EXTENDED RELEASE",ORAL,Prescription
DYANAVEL XR 10,AMPHETAMINE; AMPHETAMINE ASPARTATE/DEXTROAMPHETAMINE SULFATE,NDA210526,TRIS PHARMA INC,"TABLET, EXTENDED RELEASE",ORAL,Prescription
DYANAVEL XR 15,AMPHETAMINE; AMPHETAMINE ASPARTATE/DEXTROAMPHETAMINE SULFATE,NDA210526,TRIS PHARMA INC,"TABLET, EXTENDED RELEASE",ORAL,Prescription
DYANAVEL XR 20,AMPHETAMINE; AMPHETAMINE ASPARTATE/DEXTROAMPHETAMINE SULFATE,NDA210526,TRIS PHARMA INC,"TABLET, EXTENDED RELEASE",ORAL,Prescription
DYANAVEL XR 5,AMPHETAMINE; AMPHETAMINE ASPARTATE/DEXTROAMPHETAMINE SULFATE,NDA210526,TRIS PHARMA INC,"TABLET, EXTENDED RELEASE",ORAL,Prescription
DYAZIDE,HYDROCHLOROTHIAZIDE; TRIAMTERENE,NDA016042,GLAXOSMITHKLINE LLC,CAPSULE,ORAL,Discontinued
DYCILL,DICLOXACILLIN SODIUM,ANDA062238,GLAXOSMITHKLINE,CAPSULE,ORAL,Discontinued
DYCLONE,DYCLONINE HYDROCHLORIDE,NDA009925,ASTRAZENECA,SOLUTION,TOPICAL,Discontinued
DYCLOPRO,DYCLONINE HYDROCHLORIDE,ANDA200480,SEPTODONT,SOLUTION,TOPICAL,Prescription
DYLOJECT,DICLOFENAC SODIUM,NDA022396,JAVELIN PHARMS INC,SOLUTION,INTRAVENOUS,Discontinued
DYMELOR,ACETOHEXAMIDE,NDA013378,LILLY,TABLET,ORAL,Discontinued
DYMISTA,AZELASTINE HYDROCHLORIDE; FLUTICASONE PROPIONATE,NDA202236,MYLAN SPECIALITY LP,"SPRAY, METERED",NASAL,Prescription
DYNA-HEX 2,CHLORHEXIDINE GLUCONATE,NDA019422,XTTRIUM,SOLUTION,TOPICAL,Over-the-counter
DYNA-HEX 4,CHLORHEXIDINE GLUCONATE,NDA019125,XTTRIUM,SOLUTION,TOPICAL,Over-the-counter
DYNABAC,DIRITHROMYCIN,NDA050678,LILLY RES LABS,"TABLET, DELAYED RELEASE",ORAL,Discontinued
DYNACIN,MINOCYCLINE HYDROCHLORIDE,ANDA063067,ALVOGEN,CAPSULE,ORAL,Discontinued
DYNACIRC,ISRADIPINE,NDA019546,SMITHKLINE BEECHAM,CAPSULE,ORAL,Discontinued
DYNACIRC CR,ISRADIPINE,NDA020336,GLAXOSMITHKLINE LLC,"TABLET, EXTENDED RELEASE",ORAL,Discontinued
DYNAPEN,DICLOXACILLIN SODIUM,NDA050337,APOTHECON,FOR SUSPENSION,ORAL,Discontinued
DYRENIUM,TRIAMTERENE,NDA013174,ADVANZ PHARMA,CAPSULE,ORAL,Prescription
DYSPORT,abobotulinumtoxinA,BLA125274,IPSEN BIOPHARM LTD,INJECTABLE,INJECTION,Prescription
E-BASE,ERYTHROMYCIN,ANDA062999,BARR,"TABLET, DELAYED RELEASE",ORAL,Discontinued
E-GLADES,ERYTHROMYCIN,ANDA065009,PHARMOBEDIENT,GEL,TOPICAL,Discontinued
E-MYCIN,ERYTHROMYCIN,ANDA060272,ARBOR PHARMS INC,"TABLET, DELAYED RELEASE",ORAL,Discontinued
E-MYCIN E,ERYTHROMYCIN ETHYLSUCCINATE,ANDA062198,PHARMACIA AND UPJOHN,SUSPENSION,ORAL,Discontinued
E-SOLVE 2,ERYTHROMYCIN,ANDA062467,SYOSSET,LOTION,TOPICAL,Discontinued
E-Z PREP,POVIDONE-IODINE,NDA019382,CLINIPAD,SPONGE,TOPICAL,Discontinued
E-Z PREP 220,POVIDONE-IODINE,NDA019382,CLINIPAD,SPONGE,TOPICAL,Discontinued
E-Z SCRUB,CHLORHEXIDINE GLUCONATE,ANDA073416,BECTON DICKINSON,SPONGE,TOPICAL,Discontinued
E-Z SCRUB,HEXACHLOROPHENE,NDA017452,BECTON DICKINSON,SPONGE,TOPICAL,Discontinued
E-Z SCRUB 201,POVIDONE-IODINE,NDA019240,BECTON DICKINSON,SPONGE,TOPICAL,Discontinued
E-Z SCRUB 241,POVIDONE-IODINE,NDA019476,BECTON DICKINSON,SPONGE,TOPICAL,Discontinued
E-Z-CAT DRY,BARIUM SULFATE,NDA208036,BRACCO,FOR SUSPENSION,ORAL,Discontinued
E-Z-DISK,BARIUM SULFATE,NDA219840,BRACCO,TABLET,ORAL,Prescription
E-Z-EM PREP LYTE,POLYETHYLENE GLYCOL 3350; POTASSIUM CHLORIDE; SODIUM BICARBONATE; SODIUM CHLORIDE; SODIUM SULFATE ANHYDROUS,ANDA071278,E Z EM,FOR SUSPENSION,ORAL,Discontinued
E-Z-HD,BARIUM SULFATE,NDA208036,BRACCO,FOR SUSPENSION,ORAL,Prescription
E-Z-PAQUE,BARIUM SULFATE,NDA208036,BRACCO,FOR SUSPENSION,ORAL,Prescription
E.E.S.,ERYTHROMYCIN ETHYLSUCCINATE,NDA050297,AZURITY,"TABLET, CHEWABLE",ORAL,Discontinued
E.E.S. 200,ERYTHROMYCIN ETHYLSUCCINATE,ANDA061639,ARBOR PHARMS LLC,SUSPENSION,ORAL,Discontinued
E.E.S. 400,ERYTHROMYCIN ETHYLSUCCINATE,ANDA061905,CARNEGIE,TABLET,ORAL,Discontinued
EBANGA,ANSUVIMAB-ZYKL,BLA761172,RIDGEBACK BIOTHERAPEUTICS,POWDER,IV (INFUSION),Prescription
EBGLYSS,LEBRIKIZUMAB-LBKZ,BLA761306,ELI LILLY AND CO,INJECTABLE,INJECTION,Prescription
EC-NAPROSYN,NAPROXEN,NDA020067,ATNAHS PHARMA US,"TABLET, DELAYED RELEASE",ORAL,Prescription
ECONAZOLE NITRATE,ECONAZOLE NITRATE,ANDA076479,PADAGIS ISRAEL,CREAM,TOPICAL,Prescription
ECONOCHLOR,CHLORAMPHENICOL,ANDA061645,ALCON,SOLUTION/DROPS,OPHTHALMIC,Discontinued
ECONOPRED,PREDNISOLONE ACETATE,NDA017468,HARROW EYE,SUSPENSION/DROPS,OPHTHALMIC,Discontinued
ECOZA,ECONAZOLE NITRATE,NDA205175,RESILIA PHARMS,"AEROSOL, FOAM",TOPICAL,Prescription
EDARAVONE,EDARAVONE,ANDA216902,SANDOZ,SOLUTION,INTRAVENOUS,Prescription
EDARBI,AZILSARTAN KAMEDOXOMIL,NDA200796,AZURITY,TABLET,ORAL,Prescription
EDARBYCLOR,AZILSARTAN KAMEDOXOMIL; CHLORTHALIDONE,NDA202331,AZURITY,TABLET,ORAL,Prescription
EDECRIN,ETHACRYNATE SODIUM,NDA016093,BAUSCH,INJECTABLE,INJECTION,Prescription
EDECRIN,ETHACRYNIC ACID,NDA016092,BAUSCH,TABLET,ORAL,Prescription
EDETATE CALCIUM DISODIUM,EDETATE CALCIUM DISODIUM,ANDA216435,CASPER PHARMA LLC,INJECTABLE,INJECTION,Prescription
EDEX,ALPROSTADIL,NDA020649,ENDO OPERATIONS,INJECTABLE,INJECTION,Prescription
EDLUAR,ZOLPIDEM TARTRATE,NDA021997,VIATRIS,TABLET,SUBLINGUAL,Prescription
EDOXABAN,EDOXABAN,ANDA213064,ZYDUS PHARMS USA INC,TABLET,ORAL,None (Tentative Approval)
EDROPHONIUM CHLORIDE,EDROPHONIUM CHLORIDE,ANDA040044,WATSON LABS,INJECTABLE,INJECTION,Discontinued
EDROPHONIUM CHLORIDE PRESERVATIVE FREE,EDROPHONIUM CHLORIDE,ANDA040043,WATSON LABS,INJECTABLE,INJECTION,Discontinued
EDURANT,RILPIVIRINE HYDROCHLORIDE,NDA202022,JANSSEN PRODS,TABLET,ORAL,Prescription
EDURANT PED,RILPIVIRINE HYDROCHLORIDE,NDA219016,JANSSEN PRODS,"TABLET, FOR SUSPENSION",ORAL,Prescription
EFAVIRENZ,EFAVIRENZ,ANDA202301,MICRO LABS LTD,TABLET,ORAL,None (Tentative Approval)
EFAVIRENZ 200MG SCORED TABLETS,EFAVIRENZ,NDA022420,STRIDES ARCOLAB LTD,TABLET,ORAL,None (Tentative Approval)
"EFAVIRENZ, EMTRICITABINE AND TENOFOVIR ALAFENAMIDE","EFAVIRENZ, EMTRICITABINE AND TENOFOVIR ALAFENAMIDE",NDA213509,MYLAN,TABLET,ORAL,None (Tentative Approval)
"EFAVIRENZ, EMTRICITABINE, AND TENOFOVIR DISOPROXIL FUMARATE",EFAVIRENZ; EMTRICITABINE; TENOFOVIR DISOPROXIL FUMARATE,ANDA206894,CIPLA,TABLET,ORAL,Prescription
"EFAVIRENZ, LAMIVUDINE AND TENOFOVIR DISOPROXIL FUMARATE",EFAVIRENZ; LAMIVUDINE; TENOFOVIR DISOPROXIL FUMARATE,NDA022343,AUROBINDO PHARMA LTD,TABLET,ORAL,Discontinued
"EFAVIRENZ, LAMIVUDINE, AND TENOFOVIR DISOPROXIL FUMARATE",EFAVIRENZ; LAMIVUDINE; TENOFOVIR DISOPROXIL FUMARATE,NDA204119,HETERO DRUGS LTD,TABLET,ORAL,None (Tentative Approval)
EFAVIRENZ; EMTRICITABINE AND TENOFOVIR DISOPROXIL FUMARATE,EFAVIRENZ; EMTRICITABINE; TENOFOVIR DISOPROXIL FUMARATE,ANDA201802,CHARTWELL RX,TABLET,ORAL,Prescription
EFAVIRENZ; EMTRICITABINE; TENOFOVIR DISOPROXIL FUMARATE,EFAVIRENZ; EMTRICITABINE; TENOFOVIR DISOPROXIL FUMARATE,ANDA209061,MYLAN,TABLET,ORAL,Discontinued
EFAVIRENZ; LAMIVUDINE; TENOFOVIR DISOPROXIL FUMARATE,EFAVIRENZ; LAMIVUDINE; TENOFOVIR DISOPROXIL FUMARATE,NDA205861,MACLEODS PHARMS LTD,TABLET,ORAL,None (Tentative Approval)
EFFEXOR,VENLAFAXINE HYDROCHLORIDE,NDA020151,WYETH PHARMS INC,TABLET,ORAL,Discontinued
EFFEXOR XR,VENLAFAXINE HYDROCHLORIDE,NDA020699,UPJOHN,"CAPSULE, EXTENDED RELEASE",ORAL,Prescription
EFFIENT,PRASUGREL HYDROCHLORIDE,NDA022307,COSETTE,TABLET,ORAL,Prescription
EFIDAC 24 CHLORPHENIRAMINE MALEATE,CHLORPHENIRAMINE MALEATE,NDA019746,ALZA,"TABLET, EXTENDED RELEASE",ORAL,Discontinued
EFIDAC 24 PSEUDOEPHEDRINE HYDROCHLORIDE/BROMPHENIRAMINE MALEATE,BROMPHENIRAMINE MALEATE; PSEUDOEPHEDRINE HYDROCHLORIDE,NDA019672,ALZA,"TABLET, EXTENDED RELEASE",ORAL,Discontinued
EFINACONAZOLE,EFINACONAZOLE,ANDA212178,ZYDUS LIFESCIENCES,SOLUTION,TOPICAL,Discontinued
EFUDEX,FLUOROURACIL,NDA016831,EXTROVIS,CREAM,TOPICAL,Prescription
EGATEN,TRICLABENDAZOLE,NDA208711,NOVARTIS,TABLET,ORAL,Prescription
EGRIFTA,TESAMORELIN ACETATE,BLA022505,THERATECHNOLOGIES,POWDER,SUBCUTANEOUS,Prescription
EKTERLY,SEBETRALSTAT,NDA219301,KALVISTA,TABLET,ORAL,Prescription
ELAGOLIX,ELAGOLIX,ANDA217642,TEVA PHARMS INC,TABLET,FILM COATED,None (Tentative Approval)
ELAHERE,MIRVETUXIMAB SORAVTANSINE-GYNX,BLA761310,IMMUNOGEN INC,INJECTABLE,INJECTION,Prescription
ELAPRASE,IDURSULFASE,BLA125151,SHIRE,INJECTABLE,IV (INFUSION),Prescription
ELASE-CHLOROMYCETIN,CHLORAMPHENICOL; DESOXYRIBONUCLEASE; FIBRINOLYSIN,BLA050294,PARKE DAVIS,OINTMENT,TOPICAL,Discontinued
ELAVIL,AMITRIPTYLINE HYDROCHLORIDE,NDA012703,ASTRAZENECA,TABLET,ORAL,Discontinued
ELCYS,CYSTEINE HYDROCHLORIDE,NDA210660,EXELA PHARMA,SOLUTION,INTRAVENOUS,Prescription
ELDECORT,HYDROCORTISONE,ANDA084055,VALEANT PHARM INTL,CREAM,TOPICAL,Discontinued
ELDEPRYL,SELEGILINE HYDROCHLORIDE,NDA020647,QUAGEN,CAPSULE,ORAL,Discontinued
ELELYSO,TALIGLUCERASE ALFA,BLA022458,PFIZER,POWDER,INTRAVENOUS,Prescription
ELEPSIA XR,LEVETIRACETAM,NDA204417,TRIPOINT,"TABLET, EXTENDED RELEASE",ORAL,Discontinued
ELESTAT,EPINASTINE HYDROCHLORIDE,NDA021565,ALLERGAN,SOLUTION/DROPS,OPHTHALMIC,Discontinued
ELESTRIN,ESTRADIOL,NDA021813,VIATRIS,"GEL, METERED",TRANSDERMAL,Prescription
ELETRIPTAN HYDROBROMIDE,ELETRIPTAN HYDROBROMIDE,ANDA201536,APOTEX INC,TABLET,ORAL,None (Tentative Approval)
ELFABRIO,PEGUNIGALSIDASE ALFA-IWXJ,BLA761161,CHIESI FARMACEUTICI SPA,VIAL,SINGLE-USE,Prescription
ELIDEL,PIMECROLIMUS,NDA021302,BAUSCH,CREAM,TOPICAL,Prescription
ELIFEMME,ETHINYL ESTRADIOL; LEVONORGESTREL,ANDA202507,XIROMED,TABLET,ORAL-28,Discontinued
ELIGARD KIT,LEUPROLIDE ACETATE,NDA021379,TOLMAR,POWDER,SUBCUTANEOUS,Prescription
ELIGLUSTAT TARTRATE,ELIGLUSTAT TARTRATE,ANDA212369,CIPLA,CAPSULE,ORAL,Discontinued
ELIMITE,PERMETHRIN,NDA019855,AUROBINDO PHARMA USA,CREAM,TOPICAL,Prescription
ELINEST,ETHINYL ESTRADIOL; NORGESTREL,ANDA091105,NOVAST LABS LTD,TABLET,ORAL-28,Prescription
ELIPHOS,CALCIUM ACETATE,ANDA078502,CYPRESS PHARM,TABLET,ORAL,Discontinued
ELIQUIS,APIXABAN,NDA220073,BRISTOL,SUSPENSION,ORAL,Prescription
ELIQUIS SPRINKLE,APIXABAN,NDA220073,BRISTOL,FOR SUSPENSION,ORAL,Prescription
ELITEK,RASBURICASE,BLA103946,SANOFI SYNTHELABO,VIAL,INTRAVENOUS,Prescription
ELIXICON,THEOPHYLLINE,ANDA085502,FOREST LABS,SUSPENSION,ORAL,Discontinued
ELIXOMIN,THEOPHYLLINE,ANDA088303,CENCI,ELIXIR,ORAL,Discontinued
ELIXOPHYLLIN,THEOPHYLLINE,ANDA083921,FOREST LABS,CAPSULE,ORAL,Discontinued
ELIXOPHYLLIN SR,THEOPHYLLINE,ANDA086826,FOREST LABS,"CAPSULE, EXTENDED RELEASE",ORAL,Discontinued
ELLA,ULIPRISTAL ACETATE,NDA022474,LAB HRA PHARMA,TABLET,ORAL,Prescription
ELLENCE,EPIRUBICIN HYDROCHLORIDE,NDA050778,PFIZER INC,INJECTABLE,INJECTION,Prescription
ELLIOTTS B SOLUTION,"CALCIUM CHLORIDE; DEXTROSE; MAGNESIUM SULFATE; POTASSIUM CHLORIDE; SODIUM BICARBONATE; SODIUM CHLORIDE; SODIUM PHOSPHATE, DIBASIC, HEPTAHYDRATE",NDA020577,LUKARE MEDICAL LLC,INJECTABLE,INTRATHECAL,Prescription
ELMIRON,PENTOSAN POLYSULFATE SODIUM,NDA020193,JANSSEN PHARMS,CAPSULE,ORAL,Prescription
ELOCON,MOMETASONE FUROATE,NDA019625,ORGANON,CREAM,TOPICAL,Discontinued
ELOXATIN,OXALIPLATIN,NDA021492,SANOFI AVENTIS US,INJECTABLE,INTRAVENOUS,Discontinued
ELREXFIO,ELRANATAMAB,BLA761345,PFIZER INC,SOLUTION,INJECTION,Prescription
ELSPAR,ASPARAGINASE,BLA101063,MERCK,VIAL,,Prescription
ELTROMBOPAG,ELTROMBOPAG,ANDA219121,DR REDDYS,TABLET,,None (Tentative Approval)
ELTROMBOPAG OLAMINE,ELTROMBOPAG OLAMINE,ANDA216620,ANNORA PHARMA,FOR SUSPENSION,ORAL,Prescription
ELUCIREM,GADOPICLENOL,NDA216986,GUERBET,SOLUTION,INTRAVENOUS,Prescription
ELURYNG,ETHINYL ESTRADIOL; ETONOGESTREL,ANDA210830,AMNEAL,RING,VAGINAL,Prescription
ELUXADOLINE,ELUXADOLINE,ANDA213511,AUROBINDO PHARMA,TABLET,ORAL,Discontinued
"ELVITEGRAVIR, COBICISTAT, EMTRICITABINE AND TENOFOVIR ALAFENAMIDE","ELVITEGRAVIR, COBICISTAT, EMTRICITABINE AND TENOFOVIR ALAFENAMIDE",ANDA218575,APOTEX INC,TABLET,,None (Tentative Approval)
ELYXYB,CELECOXIB,NDA212157,SCILEX PHARMS,SOLUTION,ORAL,Prescription
ELZONRIS,TAGRAXOFUSP-ERZS,BLA761116,STEMLINE THERAPEUTICS INC,SOLUTION,INJECTION,Prescription
EMADINE,EMEDASTINE DIFUMARATE,NDA020706,NOVARTIS,SOLUTION/DROPS,OPHTHALMIC,Discontinued
EMBEDA,MORPHINE SULFATE; NALTREXONE HYDROCHLORIDE,NDA022321,ALPHARMA PHARMS,"CAPSULE, EXTENDED RELEASE",ORAL,Discontinued
EMBELINE,CLOBETASOL PROPIONATE,ANDA076141,HIKMA,GEL,TOPICAL,Discontinued
EMBELINE E,CLOBETASOL PROPIONATE,ANDA075325,HIKMA,CREAM,TOPICAL,Discontinued
EMBLAVEO,AVIBACTAM SODIUM; AZTREONAM,NDA217906,ABBVIE,POWDER,INTRAVENOUS,Prescription
EMBOLEX,DIHYDROERGOTAMINE MESYLATE; HEPARIN SODIUM; LIDOCAINE HYDROCHLORIDE,NDA018885,NOVARTIS,INJECTABLE,INJECTION,Discontinued
EMCYT,ESTRAMUSTINE PHOSPHATE SODIUM,NDA018045,PHARMACIA AND UPJOHN,CAPSULE,ORAL,Discontinued
EMEND,APREPITANT,NDA021549,MSD,CAPSULE,ORAL,Prescription
EMEND,FOSAPREPITANT DIMEGLUMINE,NDA022023,MERCK AND CO INC,POWDER,INTRAVENOUS,Prescription
EMERPHED,EPHEDRINE SULFATE,NDA213407,NEXUS,SOLUTION,INTRAVENOUS,Prescription
EMETE-CON,BENZQUINAMIDE HYDROCHLORIDE,NDA016818,ROERIG,SUPPOSITORY,RECTAL,Discontinued
EMFLAZA,DEFLAZACORT,NDA208685,PTC THERAP,SUSPENSION,ORAL,Prescription
EMGALITY,GALCANEZUMAB-GNLM,BLA761063,ELI LILLY AND CO,INJECTABLE,INJECTION,Prescription
EMGEL,ERYTHROMYCIN,ANDA063107,ALTANA,GEL,TOPICAL,Discontinued
EMLA,LIDOCAINE; PRILOCAINE,NDA019941,TEVA BRANDED PHARM,CREAM,TOPICAL,Discontinued
EMOQUETTE,DESOGESTREL; ETHINYL ESTRADIOL,ANDA076675,PH HEALTH,TABLET,ORAL-28,Discontinued
EMPAGLIFLOZIN,EMPAGLIFLOZIN,ANDA217055,AJANTA PHARMA LTD,TABLET,,None (Tentative Approval)
EMPAGLIFLOZIN AND LINAGLIPTIN,EMPAGLIFLOZIN; LINAGLIPTIN,ANDA212264,PRINSTON PHARMA INC,TABLET,ORAL,None (Tentative Approval)
EMPAGLIFLOZIN AND METFORMIN HYDROCHLORIDE,"EMPAGLIFLOZIN, METFORMIN HYDROCHLORIDE",ANDA212374,AUROBINDO PHARMA LIMITED,TABLET,,None (Tentative Approval)
EMPAGLIFLOZIN AND METFORMIN HYDROCHLORIDE,EMPAGLIFLOZIN; METFORMIN HYDROCHLORIDE,ANDA212198,ZYDUS PHARMS,TABLET,ORAL,Discontinued
EMPAGLIFLOZIN METFORMIN HYDROCHLORIDE,EMPAGLIFLOZIN; METFORMIN HYDROCHLORIDE,ANDA212362,MSN LABS PVT LTD,"TABLET, EXTENDED RELEASE",ORAL,None (Tentative Approval)
EMPAGLIFLOZIN; LINAGLIPTIN,EMPAGLIFLOZIN; LINAGLIPTIN,ANDA212364,ANNORA PHARMA,TABLET,ORAL,None (Tentative Approval)
EMPAGLIFLOZIN; LINAGLIPTIN; METFORMIN HYDROCHLORIDE,EMPAGLIFLOZIN; LINAGLIPTIN; METFORMIN HYDROCHLORIDE,ANDA217049,ZYDUS PHARMS USA INC,"TABLET, EXTENDED RELEASE",ORAL,None (Tentative Approval)
EMPAGLIFLOZIN; METFORMIN HYDROCHLORIDE,EMPAGLIFLOZIN; METFORMIN HYDROCHLORIDE,ANDA212373,MACLEODS PHARMS LTD,TABLET,ORAL,None (Tentative Approval)
EMPAGLIFLOZIN;METFORMIN HYDROCHLORIDE,EMPAGLIFLOZIN; METFORMIN HYDROCHLORIDE,ANDA213654,LUPIN LTD,"TABLET, EXTENDED RELEASE",ORAL,None (Tentative Approval)
EMPAVELI,PEGCETACOPLAN,NDA215014,APELLIS PHARMS,SOLUTION,SUBCUTANEOUS,Prescription
EMPLICITI,ELOTUZUMAB,BLA761035,BRISTOL MYERS SQUIBB,INJECTABLE,INJECTION,Prescription
EMPRACET W/ CODEINE PHOSPHATE #3,ACETAMINOPHEN; CODEINE PHOSPHATE,ANDA083951,GLAXOSMITHKLINE,TABLET,ORAL,Discontinued
EMPRACET W/ CODEINE PHOSPHATE #4,ACETAMINOPHEN; CODEINE PHOSPHATE,ANDA083951,GLAXOSMITHKLINE,TABLET,ORAL,Discontinued
EMRELIS,TELISOTUZUMAB VEDOTIN-TLLV,BLA761384,ABBVIE INC,VIAL,SINGLE-DOSE,Prescription
EMROSI,MINOCYCLINE HYDROCHLORIDE,NDA219015,JOURNEY,"CAPSULE, EXTENDED RELEASE",ORAL,Prescription
EMSAM,SELEGILINE,NDA021336,SOMERSET,"FILM, EXTENDED RELEASE",TRANSDERMAL,Prescription
EMTRICITABINE,EMTRICITABINE,ANDA079188,AUROBINDO PHARMA LTD,CAPSULE,ORAL,Prescription
EMTRICITABINE AND  TENOFOVIR DISOPROXIL FUMARATE,EMTRICITABINE; TENOFOVIR DISOPROXIL FUMARATE,ANDA201806,HETERO LABS LTD III,TABLET,ORAL,Prescription
EMTRICITABINE AND TENOFOVIR ALAFENAMIDE,"EMTRICITABINE, TENOFOVIR ALAFENAMIDE",ANDA211148,MYLAN LABS LTD,TABLET,ORAL,None (Tentative Approval)
EMTRICITABINE AND TENOFOVIR ALAFENAMIDE FUMARATE,EMTRICITABINE; TENOFOVIR ALAFENAMIDE FUMARATE,ANDA213926,LUPIN,TABLET,ORAL,Discontinued
EMTRICITABINE AND TENOFOVIR DISOPROXIL FUMARATE,EMTRICITABINE; TENOFOVIR DISOPROXIL FUMARATE,ANDA090513,AUROBINDO PHARMA,TABLET,ORAL,Prescription
"EMTRICITABINE, RILPIVIRINE AND TENOFOVIR DISOPROXIL FUMARATE",EMTRICITABINE; RILPIVIRINE HYDROCHLORIDE; TENOFOVIR DISOPROXIL FUMARATE,ANDA208452,MYLAN,TABLET,ORAL,Prescription
"EMTRICITABINE, RILPIVIRINE, AND TENOFOVIR ALAFENAMIDE",EMTRICITABINE; RILPIVIRINE HYDROCHLORIDE; TENOFOVIR ALAFENAMIDE FUMARATE,ANDA214095,APOTEX,TABLET,ORAL,Discontinued
EMTRICITABINE; RILPIVIRINE; TENOFOVIR ALAFENAMIDE,EMTRICITABINE; RILPIVIRINE; TENOFOVIR ALAFENAMIDE,ANDA214058,CIPLA LIMITED,TABLET,ORAL,None (Tentative Approval)
EMTRICITABINE; TENOFOVIR ALAFENAMIDE,EMTRICITABINE; TENOFOVIR ALAFENAMIDE,ANDA216875,AUROBINDO PHARMA,TABLET,ORAL,None (Tentative Approval)
EMTRICITABINE; TENOFOVIR DISOPROXIL FUMARATE,EMTRICITABINE; TENOFOVIR DISOPROXIL FUMARATE,ANDA090049,MATRIX LABS LTD,TABLET,ORAL,None (Tentative Approval)
EMTRIVA,EMTRICITABINE,NDA021500,GILEAD,CAPSULE,ORAL,Prescription
EMVERM,MEBENDAZOLE,ANDA073580,IMPAX LABS INC,"TABLET, CHEWABLE",ORAL,Prescription
EMZAHH,NORETHINDRONE,ANDA216796,AUROBINDO PHARMA,TABLET,ORAL-28,Prescription
ENABLEX,DARIFENACIN HYDROBROMIDE,NDA021513,ABBVIE,"TABLET, EXTENDED RELEASE",ORAL,Discontinued
ENALAPRIL MALEATE,ENALAPRIL MALEATE,ANDA212408,BIONPHARMA,SOLUTION,ORAL,Prescription
ENALAPRIL MALEATE AND HYDROCHLOROTHIAZIDE,ENALAPRIL MALEATE; HYDROCHLOROTHIAZIDE,ANDA075727,COSETTE PHARMS NC,TABLET,ORAL,Discontinued
ENALAPRILAT,ENALAPRILAT,ANDA075456,HOSPIRA,INJECTABLE,INJECTION,Discontinued
ENBREL,ETANERCEPT,BLA103795,IMMUNEX,SYRINGE,,Prescription
ENBUMYST,BUMETANIDE,NDA219500,CORSTASIS THERAP,SPRAY,NASAL,Prescription
ENDARI,L-GLUTAMINE,NDA208587,EMMAUS MEDCL,FOR SOLUTION,ORAL,Prescription
ENDEP,AMITRIPTYLINE HYDROCHLORIDE,ANDA083639,ROCHE,TABLET,ORAL,Discontinued
ENDOMETRIN,PROGESTERONE,NDA022057,FERRING,INSERT,VAGINAL,Prescription
ENDURON,METHYCLOTHIAZIDE,NDA012524,ABBVIE,TABLET,ORAL,Discontinued
ENDURONYL,DESERPIDINE; METHYCLOTHIAZIDE,NDA012775,ABBOTT,TABLET,ORAL,Discontinued
ENDURONYL FORTE,DESERPIDINE; METHYCLOTHIAZIDE,NDA012775,ABBOTT,TABLET,ORAL,Discontinued
ENFLONSIA,CLESROVIMAB-CFOR,BLA761432,MERCK SHARP DOHME,INJECTION,SOLUTION,Prescription
ENFLURANE,ENFLURANE,ANDA070803,ABBOTT,LIQUID,INHALATION,Discontinued
ENHERTU,FAM-TRASTUZUMAB DERUXTECAN-NXKI,BLA761139,DAIICHI SANKYO,INJECTABLE,INJECTION,Prescription
ENILLORING,ETHINYL ESTRADIOL; ETONOGESTREL,ANDA211157,XIROMED,RING,VAGINAL,Prescription
ENJAYMO,SUTIMLIMAB-JOME,BLA761164,"RECORDATI RARE DISEASES, INC.",INJECTABLE,INJECTION,Prescription
ENJUVIA,"ESTROGENS, CONJUGATED SYNTHETIC B",NDA021443,ASPEN,TABLET,ORAL,Discontinued
ENLON,EDROPHONIUM CHLORIDE,ANDA088873,PHARMOBEDIENT,INJECTABLE,INJECTION,Discontinued
ENLON-PLUS,ATROPINE SULFATE; EDROPHONIUM CHLORIDE,NDA019677,PHARMOBEDIENT,INJECTABLE,INJECTION,Discontinued
ENNUMO,PEGFILGRASTIM-PCCG,BLA761147,ACCORD BIOPHARMA INC.,INJECTABLE,SUBCUTANEOUS,Prescription
ENOBY,DENOSUMAB-QBDE,BLA761439,HIKMA PHARMACEUTICALS USA INC,SOLUTION,INJECTION,Prescription
ENOVID,MESTRANOL; NORETHYNODREL,NDA010976,GD SEARLE LLC,TABLET,ORAL,Discontinued
ENOVID-E,MESTRANOL; NORETHYNODREL,NDA010976,GD SEARLE LLC,TABLET,ORAL-20,Discontinued
ENOVID-E 21,MESTRANOL; NORETHYNODREL,NDA010976,GD SEARLE LLC,TABLET,ORAL-21,Discontinued
ENOXAPARIN SODIUM,ENOXAPARIN SODIUM,ANDA208600,AMPHASTAR PHARMS INC,INJECTABLE,"INTRAVENOUS, SUBCUTANEOUS",Prescription
ENOXAPARIN SODIUM (PRESERVATIVE FREE),ENOXAPARIN SODIUM,ANDA205660,SHENZHEN TECHDOW,INJECTABLE,SUBCUTANEOUS,Prescription
ENPRESSE-21,ETHINYL ESTRADIOL; LEVONORGESTREL,ANDA075809,DURAMED PHARMS BARR,TABLET,ORAL-21,Discontinued
ENPRESSE-28,ETHINYL ESTRADIOL; LEVONORGESTREL,ANDA075809,DURAMED PHARMS BARR,TABLET,ORAL-28,Prescription
ENSACOVE,ENSARTINIB HYDROCHLORIDE,NDA218171,XCOVERY,CAPSULE,ORAL,Prescription
ENSKYCE,DESOGESTREL; ETHINYL ESTRADIOL,ANDA201887,LUPIN LTD,TABLET,ORAL-28,Prescription
ENSPRYNG,SATRALIZUMAB,BLA761149,GENENTECH,INJECTABLE,INJECTION,Prescription
ENSTILAR,BETAMETHASONE DIPROPIONATE; CALCIPOTRIENE,NDA207589,LEO PHARMA AS,"AEROSOL, FOAM",TOPICAL,Prescription
ENTACAPONE,ENTACAPONE,ANDA206669,SUNSHINE,TABLET,ORAL,Prescription
ENTADFI,FINASTERIDE; TADALAFIL,NDA215423,BLUE WATER BIOTECH,CAPSULE,ORAL,Discontinued
ENTECAVIR,ENTECAVIR,ANDA206672,CHARTWELL RX,TABLET,ORAL,Discontinued
ENTEREG,ALVIMOPAN,NDA021775,CUBIST PHARMS,CAPSULE,ORAL,Discontinued
ENTERO VU 24%,BARIUM SULFATE,NDA208143,BRACCO,SUSPENSION,ORAL,Prescription
ENTOCORT EC,BUDESONIDE,NDA021324,PADAGIS US,"CAPSULE, DELAYED RELEASE",ORAL,Prescription
ENTRESTO,SACUBITRIL; VALSARTAN,NDA207620,NOVARTIS PHARMS CORP,TABLET,ORAL,Prescription
ENTRESTO SPRINKLE,SACUBITRIL; VALSARTAN,NDA218591,NOVARTIS,"CAPSULE, PELLETS",ORAL,Prescription
ENTYVIO,VEDOLIZUMAB,BLA761133,TAKEDA PHARMS USA,INJECTABLE,INTRAVENOUS,Prescription
ENULOSE,LACTULOSE,ANDA071548,ACTAVIS MID ATLANTIC,SOLUTION,"ORAL, RECTAL",Discontinued
ENVARSUS XR,TACROLIMUS,NDA206406,VELOXIS PHARMS INC,"TABLET, EXTENDED RELEASE",ORAL,Prescription
ENZALUTAMIDE,ENZALUTAMIDE,ANDA209667,ZYDUS PHARMS,CAPSULE,ORAL,Discontinued
ENZEEVU,AFLIBERCEPT-ABZV,BLA761382,SANDOZ INC,INJECTABLE,INJECTION,Prescription
EOHILIA,BUDESONIDE,NDA213976,TAKEDA PHARMS USA,SUSPENSION,ORAL,Prescription
EOVIST,GADOXETATE DISODIUM,NDA022090,BAYER HLTHCARE,SOLUTION,INTRAVENOUS,Prescription
EPANED,ENALAPRIL MALEATE,NDA208686,AZURITY,SOLUTION,ORAL,Prescription
EPANED KIT,ENALAPRIL MALEATE,NDA204308,AZURITY,FOR SOLUTION,ORAL,Discontinued
EPANOVA,OMEGA-3-CARBOXYLIC ACIDS,NDA205060,ASTRAZENECA,CAPSULE,ORAL,Discontinued
EPCLUSA,SOFOSBUVIR; VELPATASVIR,NDA208341,GILEAD SCIENCES INC,TABLET,ORAL,Prescription
EPHEDRINE SULFATE,EPHEDRINE SULFATE,NDA213994,PH HEALTH,SOLUTION,INTRAVENOUS,Prescription
EPI E Z PEN JR,EPINEPHRINE,NDA019430,VIATRIS,INJECTABLE,INTRAMUSCULAR,Discontinued
EPICORT,HYDROCORTISONE,ANDA083219,BLULINE,LOTION,TOPICAL,Discontinued
EPIDIOLEX,CANNABIDIOL,NDA210365,JAZZ PHARMS RES,SOLUTION,ORAL,Prescription
EPIDUO,ADAPALENE; BENZOYL PEROXIDE,NDA022320,GALDERMA LABS LP,GEL,TOPICAL,Discontinued
EPIDUO FORTE,ADAPALENE; BENZOYL PEROXIDE,NDA207917,GALDERMA LABS,GEL,TOPICAL,Prescription
EPIFOAM,HYDROCORTISONE ACETATE; PRAMOXINE HYDROCHLORIDE,ANDA086457,MYLAN SPECIALITY LP,"AEROSOL, METERED",TOPICAL,Prescription
EPINASTINE HYDROCHLORIDE,EPINASTINE HYDROCHLORIDE,ANDA091626,SUN PHARM INDS,SOLUTION/DROPS,OPHTHALMIC,Discontinued
EPINEPHRINE,EPINEPHRINE,ANDA087907,ARMSTRONG PHARMS,"AEROSOL, METERED",INHALATION,Discontinued
EPINEPHRINE (AUTOINJECTOR),EPINEPHRINE,ANDA090589,TEVA PHARMS USA,INJECTABLE,"INTRAMUSCULAR, SUBCUTANEOUS",Prescription
EPINEPHRINE BITARTRATE IN 0.9% SODIUM CHLORIDE,EPINEPHRINE BITARTRATE,NDA218475,BAXTER HLTHCARE CORP,SOLUTION,INTRAVENOUS,Discontinued
EPIOXA HD/EPIOXA KIT,RIBOFLAVIN 5'-PHOSPHATE SODIUM,NDA219910,GLAUKOS,SOLUTION/DROPS,OPHTHALMIC,Prescription
EPIPEN,EPINEPHRINE,NDA019430,VIATRIS,INJECTABLE,"INTRAMUSCULAR, SUBCUTANEOUS",Prescription
EPIPEN E Z PEN,EPINEPHRINE,NDA019430,VIATRIS,INJECTABLE,INTRAMUSCULAR,Discontinued
EPIPEN JR.,EPINEPHRINE,NDA019430,VIATRIS,INJECTABLE,"INTRAMUSCULAR, SUBCUTANEOUS",Prescription
EPIRUBICIN HYDROCHLORIDE,EPIRUBICIN HYDROCHLORIDE,ANDA065289,HIKMA,INJECTABLE,INJECTION,Prescription
EPITOL,CARBAMAZEPINE,ANDA070541,TEVA,TABLET,ORAL,Discontinued
EPIVIR,LAMIVUDINE,NDA020564,VIIV HLTHCARE,TABLET,ORAL,Prescription
EPIVIR-HBV,LAMIVUDINE,NDA021003,GLAXOSMITHKLINE,TABLET,ORAL,Discontinued
EPKINLY,EPCORITAMAB-BYSP,BLA761324,"GENMAB US, INC.",INJECTABLE,SUBCUTANEOUS,Prescription
EPLERENONE,EPLERENONE,ANDA212765,ADAPTIS,TABLET,ORAL,Prescription
EPOGEN/PROCRIT,EPOETIN ALFA,BLA103234,AMGEN,VIAL,SINGLE-USE,Prescription
EPOPROSTENOL SODIUM,EPOPROSTENOL SODIUM,ANDA078396,MEITHEAL,INJECTABLE,INJECTION,Discontinued
EPRONTIA,TOPIRAMATE,NDA214679,AZURITY,SOLUTION,ORAL,Prescription
EPROSARTAN MESYLATE,EPROSARTAN MESYLATE,ANDA202012,PHARMOBEDIENT,TABLET,ORAL,Discontinued
EPSOLAY,BENZOYL PEROXIDE,NDA214510,MAYNE PHARMA,CREAM,TOPICAL,Prescription
EPTIFIBATIDE,EPTIFIBATIDE,ANDA204589,RISING,INJECTABLE,INJECTION,Discontinued
EPYSQLI,ECULIZUMAB-AAGH,BLA761340,SAMSUNG BIOEPIS CO LTD,INJECTION,SOLUTION,Prescription
EPZICOM,ABACAVIR SULFATE; LAMIVUDINE,NDA021652,VIIV HLTHCARE,TABLET,ORAL,Discontinued
EPZICOM,ABACAVIR; LAMIVUDINE,ANDA204004,MYLAN PHARMS INC,TABLET,ORAL,None (Tentative Approval)
EQUAGESIC,ASPIRIN; MEPROBAMATE,NDA011702,SUN PHARM INDUSTRIES,TABLET,ORAL,Discontinued
EQUANIL,MEPROBAMATE,NDA012455,WYETH AYERST,CAPSULE,ORAL,Discontinued
EQUETRO,CARBAMAZEPINE,NDA021710,VALIDUS PHARMS,"CAPSULE, EXTENDED RELEASE",ORAL,Prescription
EQUIPIN,HOMATROPINE METHYLBROMIDE,ANDA086310,MISSION PHARMA,"TABLET, CHEWABLE",ORAL,Discontinued
ERAXIS,ANIDULAFUNGIN,NDA021948,PFIZER,INJECTABLE,INJECTION,Prescription
ERBITUX,CETUXIMAB,BLA125084,IMCLONE,VIAL,INTRAVENOUS,Prescription
ERDAFITINIB,ERDAFITINIB,ANDA218578,NATCO PHARMA LTD,TABLET,,None (Tentative Approval)
ERELZI,ETANERCEPT-SZZS,BLA761042,SANDOZ,INJECTABLE,INJECTION,Prescription
ERGAMISOL,LEVAMISOLE HYDROCHLORIDE,NDA020035,JANSSEN PHARMA,TABLET,ORAL,Discontinued
ERGOCALCIFEROL,ERGOCALCIFEROL,ANDA091004,SIGMAPHARM LABS LLC,CAPSULE,ORAL,Discontinued
ERGOLOID MESYLATES,ERGOLOID MESYLATES,ANDA085177,WATSON LABS,TABLET,SUBLINGUAL,Discontinued
ERGOMAR,ERGOTAMINE TARTRATE,ANDA087693,PANGEA,TABLET,SUBLINGUAL,Prescription
ERGOSTAT,ERGOTAMINE TARTRATE,ANDA088337,WATSON LABS INC,TABLET,SUBLINGUAL,Discontinued
ERGOTAMINE TARTRATE AND CAFFEINE,CAFFEINE; ERGOTAMINE TARTRATE,ANDA040510,HIKMA INTL PHARMS,TABLET,ORAL,Discontinued
ERIBULIN MESYLATE,ERIBULIN MESYLATE,ANDA218281,JIANGXI KVVIT PHARM,SOLUTION,INTRAVENOUS,Prescription
ERIVEDGE,VISMODEGIB,NDA203388,GENENTECH,CAPSULE,ORAL,Prescription
ERLEADA,APALUTAMIDE,NDA210951,JANSSEN BIOTECH,TABLET,ORAL,Prescription
ERLOTINIB HYDROCHLORIDE,ERLOTINIB HYDROCHLORIDE,ANDA214719,ALEMBIC,TABLET,ORAL,Prescription
ERMEZA,LEVOTHYROXINE SODIUM,NDA215809,MYLAN,SOLUTION,ORAL,Discontinued
ERRIN,NORETHINDRONE,ANDA076225,DR REDDYS LABS SA,TABLET,ORAL-28,Prescription
ERTACZO,SERTACONAZOLE NITRATE,NDA021385,LACER PHARMA,CREAM,TOPICAL,Prescription
ERTAPENEM SODIUM,ERTAPENEM SODIUM,ANDA209145,SUN PHARM,INJECTABLE,"INTRAMUSCULAR, INTRAVENOUS",Discontinued
ERTUGLIFLOZIN,ERTUGLIFLOZIN,ANDA216842,HIKMA,TABLET,ORAL,Discontinued
ERY-TAB,ERYTHROMYCIN,ANDA062298,CARNEGIE,"TABLET, DELAYED RELEASE",ORAL,Prescription
ERYC,ERYTHROMYCIN,ANDA062546,PARKE DAVIS,"CAPSULE, DELAYED REL PELLETS",ORAL,Discontinued
ERYC 125,ERYTHROMYCIN,ANDA062648,PARKE DAVIS,"CAPSULE, DELAYED REL PELLETS",ORAL,Discontinued
ERYC SPRINKLES,ERYTHROMYCIN,NDA050593,HOSPIRA,"CAPSULE, DELAYED REL PELLETS",ORAL,Discontinued
ERYCETTE,ERYTHROMYCIN,NDA050594,JOHNSON AND JOHNSON,SWAB,TOPICAL,Discontinued
ERYDERM,ERYTHROMYCIN,ANDA062290,ARBOR PHARMS INC,SOLUTION,TOPICAL,Discontinued
ERYGEL,ERYTHROMYCIN,NDA050617,MYLAN,GEL,TOPICAL,Discontinued
ERYMAX,ERYTHROMYCIN,ANDA062508,MERZ PHARMS,SOLUTION,TOPICAL,Discontinued
ERYPAR,ERYTHROMYCIN STEARATE,ANDA062322,WARNER CHILCOTT,TABLET,ORAL,Discontinued
ERYPED,ERYTHROMYCIN ETHYLSUCCINATE,NDA050297,AZURITY,"TABLET, CHEWABLE",ORAL,Discontinued
ERYTHRA-DERM,ERYTHROMYCIN,ANDA062687,MICRO LABS,SOLUTION,TOPICAL,Prescription
ERYTHRO-STATIN,ERYTHROMYCIN,ANDA064101,EPIC PHARMA LLC,SOLUTION,TOPICAL,Discontinued
ERYTHROCIN,ERYTHROMYCIN LACTOBIONATE,ANDA062638,HOSPIRA,INJECTABLE,INJECTION,Prescription
ERYTHROCIN STEARATE,ERYTHROMYCIN STEARATE,ANDA060359,AZURITY,TABLET,ORAL,Discontinued
ERYTHROMYCIN,ERYTHROMYCIN,ANDA212693,ZYDUS LIFESCIENCES,TABLET,ORAL,Prescription
ERYTHROMYCIN,ERYTHROMYCIN LACTOBIONATE,ANDA062563,ELKINS SINN,INJECTABLE,INJECTION,Discontinued
ERYTHROMYCIN AND BENZOYL PEROXIDE,BENZOYL PEROXIDE; ERYTHROMYCIN,ANDA065112,ENCUBE,GEL,TOPICAL,Discontinued
ERYTHROMYCIN ESTOLATE,ERYTHROMYCIN ESTOLATE,ANDA062087,WATSON LABS,CAPSULE,ORAL,Discontinued
ERYTHROMYCIN ETHYLSUCCINATE,ERYTHROMYCIN ETHYLSUCCINATE,ANDA062231,PARKE DAVIS,SUSPENSION,ORAL,Discontinued
ERYTHROMYCIN ETHYLSUCCINATE AND SULFISOXAZOLE ACETYL,ERYTHROMYCIN ETHYLSUCCINATE; SULFISOXAZOLE ACETYL,ANDA062759,BARR,GRANULE,ORAL,Discontinued
ERYTHROMYCIN LACTOBIONATE,ERYTHROMYCIN LACTOBIONATE,ANDA211086,EXELA PHARMA,INJECTABLE,INJECTION,Discontinued
ERYTHROMYCIN STEARATE,ERYTHROMYCIN STEARATE,ANDA061591,ANI PHARMS,TABLET,ORAL,Discontinued
ERYZOLE,ERYTHROMYCIN ETHYLSUCCINATE; SULFISOXAZOLE ACETYL,ANDA062758,ALRA,GRANULE,ORAL,Discontinued
ERZOFRI,PALIPERIDONE PALMITATE,NDA216352,LUYE INNOMIND PHARMA,"SUSPENSION, EXTENDED RELEASE",INTRAMUSCULAR,Prescription
ESBRIET,PIRFENIDONE,NDA022535,LEGACY,CAPSULE,ORAL,Prescription
ESCITALOPRAM,ESCITALOPRAM OXALATE,NDA219130,ALMATICA,CAPSULE,ORAL,Prescription
ESCITALOPRAM OXALATE,ESCITALOPRAM OXALATE,ANDA077798,DR REDDYS LABS INC,TABLET,ORAL,None (Tentative Approval)
ESCLIM,ESTRADIOL,NDA020847,WOMEN FIRST HLTHCARE,SYSTEM,TRANSDERMAL,Discontinued
ESGIC,ACETAMINOPHEN; BUTALBITAL; CAFFEINE,ANDA089660,FOREST PHARMS,TABLET,ORAL,Discontinued
ESGIC-PLUS,ACETAMINOPHEN; BUTALBITAL; CAFFEINE,ANDA040085,MIKART,CAPSULE,ORAL,Discontinued
ESIDRIX,HYDROCHLOROTHIAZIDE,NDA011793,NOVARTIS,TABLET,ORAL,Discontinued
ESIMIL,GUANETHIDINE MONOSULFATE; HYDROCHLOROTHIAZIDE,NDA013553,NOVARTIS,TABLET,ORAL,Discontinued
ESKALITH,LITHIUM CARBONATE,NDA016860,NOVEN THERAP,CAPSULE,ORAL,Discontinued
ESKALITH CR,LITHIUM CARBONATE,NDA018152,JDS PHARMS,"TABLET, EXTENDED RELEASE",ORAL,Discontinued
ESKATA,HYDROGEN PEROXIDE,NDA209305,ACLARIS,SOLUTION,TOPICAL,Discontinued
ESLICARBAZEPINE ACETATE,ESLICARBAZEPINE ACETATE,ANDA211246,LUPIN,TABLET,ORAL,Prescription
ESMOLOL HYDROCHLORIDE,ESMOLOL HYDROCHLORIDE,ANDA076474,MYLAN INSTITUTIONAL,INJECTABLE,INJECTION,Prescription
ESMOLOL HYDROCHLORIDE DOUBLE STRENGTH IN PLASTIC CONTAINER,ESMOLOL HYDROCHLORIDE,NDA205703,HQ SPCLT PHARMA,SOLUTION,INTRAVENOUS,Prescription
ESMOLOL HYDROCHLORIDE IN PLASTIC CONTAINER,ESMOLOL HYDROCHLORIDE,NDA205703,HQ SPCLT PHARMA,SOLUTION,INTRAVENOUS,Prescription
ESOMEPRAZOLE MAGNESIUM,ESOMEPRAZOLE MAGNESIUM,ANDA207198,DR REDDYS,"CAPSULE, DELAYED RELEASE",ORAL,Over-the-counter
ESOMEPRAZOLE SODIUM,ESOMEPRAZOLE SODIUM,ANDA202686,PHARMOBEDIENT,INJECTABLE,INTRAVENOUS,Discontinued
ESOMEPRAZOLE STRONTIUM,ESOMEPRAZOLE STRONTIUM,NDA202342,BELCHER,"CAPSULE, DELAYED RELEASE",ORAL,Discontinued
ESTARYLLA,ETHINYL ESTRADIOL; NORGESTIMATE,ANDA090794,XIROMED,TABLET,ORAL-28,Prescription
ESTAZOLAM,ESTAZOLAM,ANDA074921,DR REDDYS LABS SA,TABLET,ORAL,Prescription
ESTERIFIED ESTROGENS,"ESTROGENS, ESTERIFIED",ANDA085302,SANDOZ,TABLET,ORAL,Discontinued
ESTINYL,ETHINYL ESTRADIOL,NDA005292,SCHERING,TABLET,ORAL,Discontinued
ESTRACE,ESTRADIOL,ANDA084499,BRISTOL MYERS SQUIBB,TABLET,ORAL,Discontinued
ESTRADERM,ESTRADIOL,NDA019081,NOVARTIS,SYSTEM,TRANSDERMAL,Discontinued
ESTRADIOL,ESTRADIOL,ANDA205256,AMNEAL PHARMS,TABLET,VAGINAL,Prescription
ESTRADIOL AND NORETHINDRONE ACETATE,ESTRADIOL; NORETHINDRONE ACETATE,ANDA207261,XIROMED,TABLET,ORAL,Prescription
ESTRADIOL AND NORGESTIMATE,ESTRADIOL; NORGESTIMATE,ANDA076812,BARR,TABLET,ORAL,Discontinued
ESTRADIOL AND PROGESTERONE,ESTRADIOL; PROGESTERONE,ANDA214293,AMNEAL PHARMS,CAPSULE,ORAL,Discontinued
ESTRADIOL CYPIONATE,ESTRADIOL CYPIONATE,ANDA085620,DR REDDYS,INJECTABLE,INJECTION,Discontinued
ESTRADIOL VALERATE,ESTRADIOL VALERATE,ANDA203723,HIKMA,INJECTABLE,INJECTION,Prescription
ESTRADIOL VALERATE AND DIENOGEST,DIENOGEST; ESTRADIOL VALERATE,ANDA202349,WATSON LABS INC,TABLET,ORAL,Prescription
ESTRADIOL VALERATE; ESTRADIOL VALERATE; DIENOGEST,DIENOGEST; ESTRADIOL VALERATE,ANDA202999,DR REDDYS LABS SA,TABLET,ORAL,None (Tentative Approval)
ESTRADURIN,POLYESTRADIOL PHOSPHATE,NDA010753,WYETH AYERST,INJECTABLE,INJECTION,Discontinued
ESTRAGUARD,DIENESTROL,ANDA084436,SOLVAY,CREAM,VAGINAL,Discontinued
ESTRASORB,ESTRADIOL HEMIHYDRATE,NDA021371,EXELTIS USA INC,EMULSION,TOPICAL,Discontinued
ESTRATAB,"ESTROGENS, ESTERIFIED",ANDA086715,SOLVAY,TABLET,ORAL,Discontinued
ESTRING,ESTRADIOL,NDA020472,PFIZER,"INSERT, EXTENDED RELEASE",VAGINAL,Prescription
ESTROGEL,ESTRADIOL,NDA021166,ASCEND THERAPS US,"GEL, METERED",TRANSDERMAL,Prescription
ESTROGENIC SUBSTANCE,ESTRONE,ANDA083488,WYETH AYERST,INJECTABLE,INJECTION,Discontinued
ESTRONE,ESTRONE,ANDA083397,WATSON LABS,INJECTABLE,INJECTION,Discontinued
ESTROPIPATE,ESTROPIPATE,ANDA081215,WATSON LABS TEVA,TABLET,ORAL,Discontinued
ESTROSTEP 21,ETHINYL ESTRADIOL; NORETHINDRONE ACETATE,NDA020130,APIL,TABLET,ORAL-21,Discontinued
ESTROSTEP FE,ETHINYL ESTRADIOL; NORETHINDRONE ACETATE,NDA020130,APIL,TABLET,ORAL-28,Discontinued
ESTROVIS,QUINESTROL,NDA016768,PARKE DAVIS,TABLET,ORAL,Discontinued
ESZOPICLONE,ESZOPICLONE,ANDA091165,CHARTWELL RX,TABLET,ORAL,Discontinued
ETHACRYNATE SODIUM,ETHACRYNATE SODIUM,ANDA207758,ZYDUS PHARMS,INJECTABLE,INJECTION,Prescription
ETHACRYNIC ACID,ETHACRYNIC ACID,ANDA207262,HIKMA,TABLET,ORAL,Discontinued
ETHAMBUTOL HYDROCHLORIDE,ETHAMBUTOL HYDROCHLORIDE,ANDA075095,EPIC PHARMA LLC,TABLET,ORAL,Prescription
ETHAMIDE,ETHOXZOLAMIDE,NDA016144,ALLERGAN,TABLET,ORAL,Discontinued
ETHAMOLIN,ETHANOLAMINE OLEATE,NDA019357,QOL MEDCL,INJECTABLE,INJECTION,Prescription
ETHCHLORVYNOL,ETHCHLORVYNOL,ANDA084463,BANNER PHARMACAPS,CAPSULE,ORAL,Discontinued
ETHINYL ESTRADIOL AND LEVONORGESTREL,ETHINYL ESTRADIOL; LEVONORGESTREL,ANDA091690,NOVAST LABS,TABLET,ORAL,None (Tentative Approval)
ETHINYL ESTRADIOL AND NORELGESTROMIN,ETHINYL ESTRADIOL; NORELGESTROMIN,ANDA214594,ZYDUS PHARMS,"FILM, EXTENDED RELEASE",TRANSDERMAL,Prescription
ETHINYL ESTRADIOL; ETONOGESTREL,ETHINYL ESTRADIOL; ETONOGESTREL,ANDA204305,TEVA PHARMS USA INC,RING,VAGINAL,Prescription
ETHINYL ESTRADIOL; LEVONORGESTREL,ETHINYL ESTRADIOL; LEVONORGESTREL,ANDA206201,MAYNE PHARMA INC,TABLET,ORAL,None (Tentative Approval)
ETHMOZINE,MORICIZINE HYDROCHLORIDE,NDA019753,SHIRE,TABLET,ORAL,Discontinued
ETHOSUXIMIDE,ETHOSUXIMIDE,ANDA211928,ONESOURCE,CAPSULE,ORAL,Prescription
ETHRANE,ENFLURANE,NDA017087,BAXTER HLTHCARE,LIQUID,INHALATION,Discontinued
ETHRIL 250,ERYTHROMYCIN STEARATE,ANDA061605,BRISTOL MYERS SQUIBB,TABLET,ORAL,Discontinued
ETHRIL 500,ERYTHROMYCIN STEARATE,ANDA061605,BRISTOL MYERS SQUIBB,TABLET,ORAL,Discontinued
ETHYNODIOL DIACETATE AND ETHINYL ESTRADIOL,ETHINYL ESTRADIOL; ETHYNODIOL DIACETATE,ANDA204704,XIROMED,TABLET,ORAL-28,Prescription
ETHYOL,AMIFOSTINE,NDA020221,LEGACY,INJECTABLE,INJECTION,Prescription
ETICOVO,ETANERCEPT-YKRO,BLA761066,SAMSUNG BIOEPIS CO LTD,INJECTABLE,INJECTION,Prescription
ETIDRONATE DISODIUM,ETIDRONATE DISODIUM,ANDA075800,PHARMOBEDIENT,TABLET,ORAL,Discontinued
ETODOLAC,ETODOLAC,ANDA074892,WATSON LABS,TABLET,ORAL,Discontinued
ETOMIDATE,ETOMIDATE,ANDA202354,HIKMA,INJECTABLE,INJECTION,Prescription
ETOPOPHOS PRESERVATIVE FREE,ETOPOSIDE PHOSPHATE,NDA020457,CHEPLAPHARM,INJECTABLE,INJECTION,Prescription
ETOPOSIDE,ETOPOSIDE,ANDA074510,TEVA PARENTERAL,INJECTABLE,INJECTION,Discontinued
ETRAFON 2-10,AMITRIPTYLINE HYDROCHLORIDE; PERPHENAZINE,NDA014713,SCHERING,TABLET,ORAL,Discontinued
ETRAFON 2-25,AMITRIPTYLINE HYDROCHLORIDE; PERPHENAZINE,NDA014713,SCHERING,TABLET,ORAL,Discontinued
ETRAFON-A,AMITRIPTYLINE HYDROCHLORIDE; PERPHENAZINE,NDA014713,SCHERING,TABLET,ORAL,Discontinued
ETRAFON-FORTE,AMITRIPTYLINE HYDROCHLORIDE; PERPHENAZINE,NDA014713,SCHERING,TABLET,ORAL,Discontinued
ETRAVIRINE,ETRAVIRINE,ANDA214196,AMNEAL,TABLET,ORAL,Prescription
ETYQA,ESTRADIOL; NORETHINDRONE ACETATE,ANDA214729,AUROBINDO PHARMA LTD,TABLET,ORAL,Discontinued
EUCRISA,CRISABOROLE,NDA207695,ANACOR PHARMS INC,OINTMENT,TOPICAL,Prescription
EULEXIN,FLUTAMIDE,NDA018554,SCHERING,CAPSULE,ORAL,Discontinued
EURAX,CROTAMITON,NDA006927,JOURNEY,CREAM,TOPICAL,Prescription
EUTHROID-0.5,LIOTRIX (T4; T3),NDA016680,PARKE DAVIS,TABLET,ORAL,Discontinued
EUTHROID-1,LIOTRIX (T4; T3),NDA016680,PARKE DAVIS,TABLET,ORAL,Discontinued
EUTHROID-2,LIOTRIX (T4; T3),NDA016680,PARKE DAVIS,TABLET,ORAL,Discontinued
EUTHROID-3,LIOTRIX (T4; T3),NDA016680,PARKE DAVIS,TABLET,ORAL,Discontinued
EUTHYROX,LEVOTHYROXINE SODIUM,NDA021292,EMD SERONO INC,TABLET,ORAL,Discontinued
EUTONYL,PARGYLINE HYDROCHLORIDE,NDA013448,ABBOTT,TABLET,ORAL,Discontinued
EUTRON,METHYCLOTHIAZIDE; PARGYLINE HYDROCHLORIDE,NDA016047,ABBOTT,TABLET,ORAL,Discontinued
EVALOSE,LACTULOSE,ANDA073497,TEVA PHARMS,SOLUTION,ORAL,Discontinued
EVAMIST,ESTRADIOL,NDA022014,PADAGIS US,SPRAY,TRANSDERMAL,Prescription
EVANS BLUE,EVANS BLUE,NDA008041,PARKE DAVIS,INJECTABLE,INJECTION,Discontinued
EVDI,TRABECTEDIN,NDA220837,APOTEX,SOLUTION,INTRAVENOUS,Prescription
EVEKEO,AMPHETAMINE SULFATE,ANDA200166,AZURITY,TABLET,ORAL,Prescription
EVEKEO ODT,AMPHETAMINE SULFATE,NDA209905,AZURITY,"TABLET, ORALLY DISINTEGRATING",ORAL,Discontinued
EVENITY,ROMOSOZUMAB-AQQG,BLA761062,AMGEN INC,INJECTABLE,INJECTION,Prescription
EVEROLIMUS,EVEROLIMUS,ANDA206133,HIKMA,TABLET,ORAL,Prescription
EVEX,"ESTROGENS, ESTERIFIED",ANDA083376,ROCHE PALO,TABLET,ORAL,Discontinued
EVISTA,RALOXIFENE HYDROCHLORIDE,NDA020815,LILLY,TABLET,ORAL,Prescription
EVKEEZA,EVINACUMAB-DGNB,BLA761181,REGENERON PHARMACEUTICALS,SOLUTION,INJECTION,Prescription
EVOCLIN,CLINDAMYCIN PHOSPHATE,NDA050801,QUAGEN,"AEROSOL, FOAM",TOPICAL,Discontinued
EVOMELA,MELPHALAN HYDROCHLORIDE,NDA207155,ACROTECH BIOPHARMA,POWDER,INTRAVENOUS,Prescription
EVOTAZ,ATAZANAVIR SULFATE; COBICISTAT,NDA206353,BRISTOL,TABLET,ORAL,Prescription
EVOXAC,CEVIMELINE HYDROCHLORIDE,NDA020989,COSETTE,CAPSULE,ORAL,Prescription
EVRYSDI,RISDIPLAM,NDA219285,GENENTECH INC,TABLET,ORAL,Prescription
EVZIO,NALOXONE HYDROCHLORIDE,NDA205787,KALEO INC,SOLUTION,"INTRAMUSCULAR, SUBCUTANEOUS",Discontinued
EVZIO (AUTOINJECTOR),NALOXONE HYDROCHLORIDE,NDA209862,KALEO INC,SOLUTION,"INTRAMUSCULAR, SUBCUTANEOUS",Discontinued
EXALGO,HYDROMORPHONE HYDROCHLORIDE,NDA021217,SPECGX LLC,"TABLET, EXTENDED RELEASE",ORAL,Discontinued
EXBLIFEP,CEFEPIME HYDROCHLORIDE; ENMETAZOBACTAM,NDA216165,ORCHID PHARMA,POWDER,INTRAVENOUS,Discontinued
EXCEDRIN (MIGRAINE RELIEF),ACETAMINOPHEN; ASPIRIN; CAFFEINE,NDA020802,HALEON US HOLDINGS,TABLET,ORAL,Over-the-counter
EXDENSUR,DEPEMOKIMAB-ULAA,BLA761458,GLAXOSMITHKLINE LLC,INJECTION,,Prescription
EXELDERM,SULCONAZOLE NITRATE,NDA018738,JOURNEY,SOLUTION,TOPICAL,Discontinued
EXELON,RIVASTIGMINE,NDA022083,SANDOZ,"FILM, EXTENDED RELEASE",TRANSDERMAL,Prescription
EXELON,RIVASTIGMINE TARTRATE,NDA021025,NOVARTIS,SOLUTION,ORAL,Discontinued
EXEM FOAM KIT,AIR POLYMER-TYPE A,NDA212279,GISKIT,FOAM,INTRAUTERINE,Prescription
EXEMESTANE,EXEMESTANE,ANDA202602,ZYDUS PHARMS,TABLET,ORAL,Prescription
EXENATIDE SYNTHETIC,EXENATIDE SYNTHETIC,ANDA206697,AMNEAL,INJECTABLE,SUBCUTANEOUS,Prescription
EXFORGE,AMLODIPINE BESYLATE; VALSARTAN,NDA021990,NOVARTIS,TABLET,ORAL,Prescription
EXFORGE HCT,AMLODIPINE BESYLATE; HYDROCHLOROTHIAZIDE; VALSARTAN,NDA022314,NOVARTIS,TABLET,ORAL,Prescription
EXIDINE,CHLORHEXIDINE GLUCONATE,NDA019127,XTTRIUM,"AEROSOL, METERED",TOPICAL,Over-the-counter
EXJADE,DEFERASIROX,NDA021882,NOVARTIS,"TABLET, FOR SUSPENSION",ORAL,Prescription
EXKIVITY,MOBOCERTINIB SUCCINATE,NDA215310,TAKEDA PHARMS USA,CAPSULE,ORAL,Discontinued
EXNA,BENZTHIAZIDE,NDA012489,AH ROBINS INC,TABLET,ORAL,Discontinued
EXONDYS 51,ETEPLIRSEN,NDA206488,SAREPTA THERAPS INC,SOLUTION,INTRAVENOUS,Prescription
EXOSURF NEONATAL,CETYL ALCOHOL; COLFOSCERIL PALMITATE; TYLOXAPOL,NDA020044,GLAXOSMITHKLINE,FOR SUSPENSION,INTRATRACHEAL,Discontinued
EXPAREL,BUPIVACAINE,NDA022496,PACIRA PHARMS INC,"INJECTABLE, LIPOSOMAL",INJECTION,Prescription
EXSEL,SELENIUM SULFIDE,ANDA083892,ALLERGAN HERBERT,LOTION/SHAMPOO,TOPICAL,Discontinued
EXSERVAN,RILUZOLE,NDA212640,AQUESTIVE,FILM,ORAL,Discontinued
EXTENDED PHENYTOIN SODIUM,PHENYTOIN SODIUM,ANDA040435,ANI PHARMS,CAPSULE,ORAL,Discontinued
EXTINA,KETOCONAZOLE,NDA021738,RISING,"AEROSOL, FOAM",TOPICAL,Discontinued
EXTRA-STRENGTH AIM,SODIUM MONOFLUOROPHOSPHATE,NDA019518,CHESEBROUGH PONDS,GEL,DENTAL,Discontinued
EXTRANEAL,ICODEXTRIN,NDA021321,VANTIVE US HLTHCARE,SOLUTION,INTRAPERITONEAL,Prescription
EXXUA,GEPIRONE HYDROCHLORIDE,NDA021164,FABRE KRAMER,"TABLET, EXTENDED RELEASE",ORAL,Prescription
EYDENZELT,AFLIBERCEPT-BOAV,BLA761377,CELLTRION INC,INJECTABLE,INJECTION,Prescription
EYLEA,AFLIBERCEPT,BLA125387,REGENERON PHARMACEUTICALS,INJECTABLE,INJECTION,Prescription
EYLEA HD,AFLIBERCEPT,BLA761355,REGENERON PHARMACEUTICALS,INJECTABLE,INJECTION,Prescription
EYSUVIS,LOTEPREDNOL ETABONATE,NDA210933,ALCON LABS INC,SUSPENSION/DROPS,OPHTHALMIC,Prescription
EZALLOR SPRINKLE,ROSUVASTATIN CALCIUM,NDA208647,SUN PHARM,CAPSULE,ORAL,Discontinued
EZETIMIBE,EZETIMIBE,ANDA208332,APOTEX,TABLET,ORAL,Discontinued
EZETIMIBE AND SIMVASTATIN,EZETIMIBE; SIMVASTATIN,ANDA200909,DR REDDYS LABS SA,TABLET,ORAL,Prescription
FABHALTA,IPTACOPAN HYDROCHLORIDE,NDA218276,NOVARTIS,CAPSULE,ORAL,Prescription
FABIOR,TAZAROTENE,NDA202428,MAYNE PHARMA,"AEROSOL, FOAM",TOPICAL,Prescription
FABRAZYME,AGALSIDASE BETA,BLA103979,GENZYME,VIAL,INTRAVENOUS,Prescription
FACTIVE,GEMIFLOXACIN MESYLATE,NDA021158,LG CHEM LTD,TABLET,ORAL,Discontinued
FACTREL,GONADORELIN HYDROCHLORIDE,NDA018123,HIKMA,INJECTABLE,INJECTION,Discontinued
FALLBACK SOLO,LEVONORGESTREL,ANDA201446,LUPIN,TABLET,ORAL,Over-the-counter
FALMINA,ETHINYL ESTRADIOL; LEVONORGESTREL,ANDA090721,NOVAST LABS LTD,TABLET,ORAL-28,Prescription
FAMCICLOVIR,FAMCICLOVIR,ANDA090128,HIKMA,TABLET,ORAL,Discontinued
FAMOTIDINE,FAMOTIDINE,ANDA077367,DR REDDYS LABS LTD,TABLET,ORAL,Over-the-counter
FAMOTIDINE PRESERVATIVE FREE,FAMOTIDINE,ANDA075669,HOSPIRA,INJECTABLE,INJECTION,Discontinued
FAMOTIDINE PRESERVATIVE FREE (PHARMACY BULK),FAMOTIDINE,ANDA076322,EPIC PHARMA LLC,INJECTABLE,INJECTION,Discontinued
FAMOTIDINE PRESERVATIVE FREE IN PLASTIC CONTAINER,FAMOTIDINE,ANDA075591,BAXTER HLTHCARE,INJECTABLE,INJECTION,Prescription
"FAMOTIDINE, CALCIUM CARBONATE, AND MAGNESIUM HYDROXIDE",CALCIUM CARBONATE; FAMOTIDINE; MAGNESIUM HYDROXIDE,ANDA077355,PERRIGO R AND D,"TABLET, CHEWABLE",ORAL,Over-the-counter
FAMVIR,FAMCICLOVIR,NDA020363,NOVARTIS,TABLET,ORAL,Discontinued
FANAPT,ILOPERIDONE,NDA022192,VANDA PHARMS INC,TABLET,ORAL,Prescription
FANSIDAR,PYRIMETHAMINE; SULFADOXINE,NDA018557,ROCHE,TABLET,ORAL,Discontinued
FARESTON,TOREMIFENE CITRATE,NDA020497,KYOWA KIRIN,TABLET,ORAL,Discontinued
FARXIGA,DAPAGLIFLOZIN,NDA202293,ASTRAZENECA AB,TABLET,ORAL,Prescription
FARYDAK,PANOBINOSTAT LACTATE,NDA205353,SECURA,CAPSULE,ORAL,Discontinued
FASENRA,BENRALIZUMAB,BLA761070,ASTRAZENECA AB,INJECTABLE,INJECTION,Prescription
FASLODEX,FULVESTRANT,NDA021344,ASTRAZENECA,SOLUTION,INTRAMUSCULAR,Prescription
FASTIN,PHENTERMINE HYDROCHLORIDE,NDA017352,GLAXOSMITHKLINE,CAPSULE,ORAL,Discontinued
FAVLYXA,FLUOROURACIL,NDA220201,AVYXA HOLDINGS,SOLUTION,INTRAVENOUS,Prescription
FAYOSIM,ETHINYL ESTRADIOL; LEVONORGESTREL,ANDA205943,LUPIN,TABLET,ORAL,Discontinued
FAZACLO ODT,CLOZAPINE,NDA021590,JAZZ,"TABLET, ORALLY DISINTEGRATING",ORAL,Discontinued
FEBUXOSTAT,FEBUXOSTAT,ANDA205385,PHARMOBEDIENT,TABLET,ORAL,Discontinued
FELBAMATE,FELBAMATE,ANDA204595,ALVOGEN,TABLET,ORAL,Discontinued
FELBATOL,FELBAMATE,NDA020189,MYLAN SPECIALITY LP,SUSPENSION,ORAL,Discontinued
FELDENE,PIROXICAM,NDA018147,PFIZER,CAPSULE,ORAL,Prescription
FELODIPINE,FELODIPINE,ANDA091484,WOCKHARDT BIO AG,"TABLET, EXTENDED RELEASE",ORAL,Discontinued
FEMARA,LETROZOLE,NDA020726,NOVARTIS PHARMS,TABLET,ORAL,Prescription
FEMCET,ACETAMINOPHEN; BUTALBITAL; CAFFEINE,ANDA089102,MALLINCKRODT,CAPSULE,ORAL,Discontinued
FEMCON FE,ETHINYL ESTRADIOL; NORETHINDRONE,NDA021490,APIL,TABLET,ORAL,Discontinued
FEMHRT,ETHINYL ESTRADIOL; NORETHINDRONE ACETATE,NDA021102,WARNER CHILCOTT,TABLET,ORAL,Prescription
FEMINONE,ETHINYL ESTRADIOL,NDA016649,PHARMACIA AND UPJOHN,TABLET,ORAL,Discontinued
FEMLYV,ETHINYL ESTRADIOL; NORETHINDRONE ACETATE,NDA218718,MILLICENT MFG PR,"TABLET, ORALLY DISINTEGRATING",ORAL,Prescription
FEMOGEN,"ESTROGENS, ESTERIFIED",ANDA085007,PVT FORM,TABLET,ORAL,Discontinued
FEMPATCH,ESTRADIOL,NDA020417,PARKE DAVIS,"FILM, EXTENDED RELEASE",TRANSDERMAL,Discontinued
FEMRING,ESTRADIOL ACETATE,NDA021367,MILLICENT MFG PR,"INSERT, EXTENDED RELEASE",VAGINAL,Prescription
FEMSTAT,BUTOCONAZOLE NITRATE,NDA019359,ROCHE PALO,SUPPOSITORY,VAGINAL,Discontinued
FEMSTAT 3,BUTOCONAZOLE NITRATE,NDA020421,BAYER,CREAM,VAGINAL,Discontinued
FEMTRACE,ESTRADIOL ACETATE,NDA021633,APIL,TABLET,ORAL,Discontinued
FENFLURAMINE,FENFLURAMINE,ANDA216108,APOTEX INC,SOLUTION,ORAL,Prescription
FENOFIBRATE,FENOFIBRATE,ANDA210379,MACLEODS PHARMS,TABLET,ORAL,Prescription
FENOFIBRATE (MICRONIZED),FENOFIBRATE,ANDA212232,AUROBINDO PHARMA LTD,CAPSULE,ORAL,Prescription
FENOFIBRIC ACID,CHOLINE FENOFIBRATE,ANDA200920,ACTAVIS ELIZABETH,"CAPSULE, DELAYED RELEASE",ORAL,Prescription
FENOGLIDE,FENOFIBRATE,NDA022118,SALIX,TABLET,ORAL,Discontinued
FENOLDOPAM MESYLATE,FENOLDOPAM MESYLATE,ANDA076656,LUITPOLD,INJECTABLE,INJECTION,Discontinued
FENOPROFEN CALCIUM,FENOPROFEN CALCIUM,ANDA215548,MISEMER,CAPSULE,ORAL,Prescription
FENSOLVI KIT,LEUPROLIDE ACETATE,NDA213150,TOLMAR,POWDER,SUBCUTANEOUS,Prescription
FENTANYL,FENTANYL,ANDA202577,MYLAN PHARMS INC,TABLET,BUCCAL,None (Tentative Approval)
FENTANYL,FENTANYL CITRATE,NDA020195,CEPHALON,TROCHE/LOZENGE,ORAL,Discontinued
FENTANYL CITRATE,FENTANYL CITRATE,ANDA207338,ACTAVIS LABS FL INC,TABLET,SUBLINGUAL,Discontinued
FENTANYL CITRATE AND DROPERIDOL,DROPERIDOL; FENTANYL CITRATE,ANDA072027,ASTRAZENECA,INJECTABLE,INJECTION,Discontinued
FENTANYL CITRATE PRESERVATIVE FREE,FENTANYL CITRATE,ANDA072786,HOSPIRA,INJECTABLE,INJECTION,Discontinued
FENTANYL-100,FENTANYL,ANDA077449,DIFGEN PHARMS,"FILM, EXTENDED RELEASE",TRANSDERMAL,Prescription
FENTANYL-12,FENTANYL,ANDA077449,DIFGEN PHARMS,"FILM, EXTENDED RELEASE",TRANSDERMAL,Prescription
FENTANYL-25,FENTANYL,ANDA077449,DIFGEN PHARMS,"FILM, EXTENDED RELEASE",TRANSDERMAL,Prescription
FENTANYL-37,FENTANYL,ANDA077449,DIFGEN PHARMS,"FILM, EXTENDED RELEASE",TRANSDERMAL,Prescription
FENTANYL-50,FENTANYL,ANDA077449,DIFGEN PHARMS,"FILM, EXTENDED RELEASE",TRANSDERMAL,Prescription
FENTANYL-62,FENTANYL,ANDA077449,DIFGEN PHARMS,"FILM, EXTENDED RELEASE",TRANSDERMAL,Prescription
FENTANYL-75,FENTANYL,ANDA077449,DIFGEN PHARMS,"FILM, EXTENDED RELEASE",TRANSDERMAL,Prescription
FENTANYL-87,FENTANYL,ANDA077449,DIFGEN PHARMS,"FILM, EXTENDED RELEASE",TRANSDERMAL,Prescription
FENTORA,FENTANYL CITRATE,NDA021947,CEPHALON,TABLET,"BUCCAL, SUBLINGUAL",Discontinued
FERABRIGHT,FERUMOXYTOL,NDA219868,AZURITY,SOLUTION,INTRAVENOUS,Prescription
FERAHEME,FERUMOXYTOL,NDA022180,AZURITY,SOLUTION,INTRAVENOUS,Prescription
FERIDEX I.V.,FERUMOXIDES,NDA020416,AMAG PHARMS INC,INJECTABLE,INJECTION,Discontinued
FERNDEX,DEXTROAMPHETAMINE SULFATE,ANDA084001,FERNDALE LABS,TABLET,ORAL,Discontinued
FERNISOLONE-P,PREDNISOLONE,ANDA083941,FERNDALE LABS,TABLET,ORAL,Discontinued
FERNISONE,PREDNISONE,ANDA083364,FERNDALE LABS,TABLET,ORAL,Discontinued
FERRIC CARBOXYMALTOSE,FERRIC CARBOXYMALTOSE,ANDA212572,MYLAN LABS LTD,SOLUTION,INTRAVENOUS,Prescription
FERRIC CITRATE,FERRIC CITRATE,ANDA212563,TEVA PHARMS USA,TABLET,ORAL,Prescription
FERRIPROX,DEFERIPRONE,NDA212269,CHIESI,TABLET,ORAL,Prescription
FERRISELTZ,FERRIC AMMONIUM CITRATE,NDA020292,OTSUKA,FOR SOLUTION,ORAL,Discontinued
FERRLECIT,SODIUM FERRIC GLUCONATE COMPLEX,NDA020955,SANOFI AVENTIS US,INJECTABLE,INJECTION,Prescription
FERROUS CITRATE FE 59,"FERROUS CITRATE, FE-59",NDA016729,MALLINCKRODT,INJECTABLE,INJECTION,Discontinued
FERROUS FUMARATE,FERROUS FUMARATE,ANDA090938,BARR LABS,TABLET,ORAL,None (Tentative Approval)
FERTINEX,UROFOLLITROPIN,NDA019415,SERONO,INJECTABLE,SUBCUTANEOUS,Discontinued
FERUMOXYTOL,FERUMOXYTOL,ANDA206604,SANDOZ,SOLUTION,INTRAVENOUS,Prescription
FESOTERODINE FUMARATE,FESOTERODINE FUMARATE,ANDA204844,SANDOZ INC,"TABLET, EXTENDED RELEASE",ORAL,None (Tentative Approval)
FETROJA,CEFIDEROCOL SULFATE TOSYLATE,NDA209445,SHIONOGI,POWDER,INTRAVENOUS,Prescription
FETZIMA,LEVOMILNACIPRAN HYDROCHLORIDE,NDA204168,ABBVIE,"CAPSULE, EXTENDED RELEASE",ORAL,Prescription
FEXINIDAZOLE,FEXINIDAZOLE,NDA214429,SANOFI,TABLET,ORAL,Prescription
FEXOFENADINE HCL; PSEUDOEPHEDRINE HCL,FEXOFENADINE HYDROCHLORIDE; PSEUDOEPHEDRINE HYDROCHLORIDE,ANDA076538,MYLAN,"TABLET, EXTENDED RELEASE",ORAL,None (Tentative Approval)
FEXOFENADINE HYDROCHLORIDE,FEXOFENADINE HYDROCHLORIDE,ANDA076447,TEVA,TABLET,ORAL,Discontinued
FEXOFENADINE HYDROCHLORIDE ALLERGY,FEXOFENADINE HYDROCHLORIDE,ANDA079112,TIME CAP LABS,TABLET,ORAL,Over-the-counter
FEXOFENADINE HYDROCHLORIDE AND PSEUDOEPHEDRINE HYDROCHLORIDE,FEXOFENADINE HYDROCHLORIDE; PSEUDOEPHEDRINE HYDROCHLORIDE,ANDA076298,IMPAX PHARMS,"TABLET, EXTENDED RELEASE",ORAL,Discontinued
FEXOFENADINE HYDROCHLORIDE HIVES,FEXOFENADINE HYDROCHLORIDE,ANDA079112,TIME CAP LABS,TABLET,ORAL,Over-the-counter
FEXOFENADINE HYDROCHLORIDE; PSEUDOEPHEDRINE HYDROCHLORIDE,FEXOFENADINE HYDROCHLORIDE; PSEUDOEPHEDRINE HYDROCHLORIDE,ANDA077999,PLD ACQUISITIONS LLC,"TABLET, EXTENDED RELEASE",ORAL,None (Tentative Approval)
FIASP,INSULIN ASPART,BLA208751,NOVO,SOLUTION,"INTRAVENOUS, SUBCUTANEOUS",Prescription
FIASP FLEXTOUCH,INSULIN ASPART,BLA208751,NOVO,SOLUTION,SUBCUTANEOUS,Prescription
FIASP PENFILL,INSULIN ASPART,BLA208751,NOVO,SOLUTION,SUBCUTANEOUS,Prescription
FIBRICOR,FENOFIBRIC ACID,NDA022418,ROSEMONT,TABLET,ORAL,Discontinued
FIDAXOMICIN,FIDAXOMICIN,ANDA219559,APOTEX,TABLET,ORAL,Prescription
FILKRI,FILGRASTIM-LAHA,BLA761027,ACCORD BIOPHARMA INC.,INJECTABLE,INJECTION,Prescription
FILSPARI,SPARSENTAN,NDA216403,TRAVERE,TABLET,ORAL,Prescription
FILSUVEZ,BIRCH TRITERPENES,NDA215064,CHIESI,GEL,TOPICAL,Prescription
FINACEA,AZELAIC ACID,NDA021470,LEO PHARMA AS,GEL,TOPICAL,Prescription
FINASTERIDE,FINASTERIDE,ANDA076436,DR REDDYS LABS INC,TABLET,ORAL,Prescription
FINASTERIDE AND TADALAFIL,FINASTERIDE; TADALAFIL,ANDA218232,ZYDUS LIFESCIENCES,CAPSULE,ORAL,Discontinued
FINGOLIMOD,FINGOLIMOD,ANDA207940,STANDARD CHEM AND PHARM CO LTD,CAPSULE,ORAL,None (Tentative Approval)
FINGOLIMOD HYDROCHLORIDE,FINGOLIMOD HYDROCHLORIDE,ANDA207993,APOTEX,CAPSULE,ORAL,Prescription
FINTEPLA,FENFLURAMINE HYDROCHLORIDE,NDA212102,UCB INC,SOLUTION,ORAL,Prescription
FINZALA,ETHINYL ESTRADIOL; NORETHINDRONE ACETATE,ANDA210087,TEVA PHARMS USA INC,TABLET,ORAL,Prescription
FIORICET W/ CODEINE,ACETAMINOPHEN; BUTALBITAL; CAFFEINE; CODEINE PHOSPHATE,NDA020232,ACTAVIS LABS UT INC,CAPSULE,ORAL,Prescription
FIORINAL,ASPIRIN; BUTALBITAL; CAFFEINE,NDA017534,ALLERGAN,TABLET,ORAL,Discontinued
FIORINAL W/CODEINE,ASPIRIN; BUTALBITAL; CAFFEINE; CODEINE PHOSPHATE,NDA019429,ALLERGAN,CAPSULE,ORAL,Discontinued
FIRAZYR,ICATIBANT ACETATE,NDA022150,TAKEDA PHARMS USA,INJECTABLE,SUBCUTANEOUS,Prescription
FIRDAPSE,AMIFAMPRIDINE PHOSPHATE,NDA208078,CATALYST PHARMS,TABLET,ORAL,Prescription
FIRMAGON,DEGARELIX ACETATE,NDA022201,FERRING,POWDER,SUBCUTANEOUS,Prescription
FIRVANQ KIT,VANCOMYCIN HYDROCHLORIDE,NDA208910,AZURITY,FOR SOLUTION,ORAL,Prescription
FLAC,FLUOCINOLONE ACETONIDE,ANDA210736,ANDA REPOSITORY,OIL/DROPS,OTIC,Prescription
FLAGYL,METRONIDAZOLE,NDA012623,PFIZER,TABLET,ORAL,Discontinued
FLAGYL ER,METRONIDAZOLE,NDA020868,PFIZER,"TABLET, EXTENDED RELEASE",ORAL,Discontinued
FLAGYL I.V.,METRONIDAZOLE HYDROCHLORIDE,NDA018353,PFIZER,INJECTABLE,INJECTION,Discontinued
FLAGYL I.V. RTU IN PLASTIC CONTAINER,METRONIDAZOLE,NDA018353,PFIZER,INJECTABLE,INJECTION,Discontinued
FLAREX,FLUOROMETHOLONE ACETATE,NDA019079,HARROW EYE,SUSPENSION/DROPS,OPHTHALMIC,Prescription
FLAVALTA,EPINEPHRINE BITARTRATE; LIDOCAINE HYDROCHLORIDE,NDA216564,DEPROCO,SOLUTION,INJECTION,Prescription
FLAVORED COLESTID,COLESTIPOL HYDROCHLORIDE,NDA017563,PFIZER,GRANULE,ORAL,Discontinued
FLAVOXATE HYDROCHLORIDE,FLAVOXATE HYDROCHLORIDE,ANDA076234,IMPAX PHARMS,TABLET,ORAL,Discontinued
FLAXEDIL,GALLAMINE TRIETHIODIDE,NDA007842,DAVIS AND GECK,INJECTABLE,INJECTION,Discontinued
FLECAINIDE ACETATE,FLECAINIDE ACETATE,ANDA202821,AUROBINDO PHARMA LTD,TABLET,ORAL,Prescription
FLECTOR,DICLOFENAC EPOLAMINE,NDA021234,IBSA,SYSTEM,TOPICAL,Prescription
FLEQSUVY,BACLOFEN,NDA215602,AZURITY,SUSPENSION,ORAL,Prescription
FLEXERIL,CYCLOBENZAPRINE HYDROCHLORIDE,NDA017821,JANSSEN RES AND DEV,TABLET,ORAL,Discontinued
FLEXICORT,HYDROCORTISONE,ANDA087136,WESTWOOD SQUIBB,CREAM,TOPICAL,Discontinued
FLO-PRED,PREDNISOLONE ACETATE,NDA022067,SUN PHARMA CANADA,SUSPENSION,ORAL,Discontinued
FLOLAN,EPOPROSTENOL SODIUM,NDA020444,GLAXOSMITHKLINE LLC,INJECTABLE,INJECTION,Discontinued
FLOLIPID,SIMVASTATIN,NDA206679,SALERNO PHARMS,SUSPENSION,ORAL,Prescription
FLOMAX,TAMSULOSIN HYDROCHLORIDE,NDA020579,SANOFI,CAPSULE,ORAL,Discontinued
FLONASE,FLUTICASONE PROPIONATE,NDA020121,HALEON US HOLDINGS,"SPRAY, METERED",NASAL,Discontinued
FLONASE ALLERGY RELIEF,FLUTICASONE PROPIONATE,NDA205434,HALEON US HOLDINGS,"SPRAY, METERED",NASAL,Over-the-counter
FLONASE SENSIMIST ALLERGY RELIEF,FLUTICASONE FUROATE,NDA022051,HALEON US HOLDINGS,"SPRAY, METERED",NASAL,Over-the-counter
FLORINEF,FLUDROCORTISONE ACETATE,NDA010060,CASPER PHARMA LLC,TABLET,ORAL,Discontinued
FLORONE,DIFLORASONE DIACETATE,NDA017741,PFIZER,CREAM,TOPICAL,Discontinued
FLORONE E,DIFLORASONE DIACETATE,NDA019259,PFIZER,CREAM,TOPICAL,Discontinued
FLOROPRYL,ISOFLUROPHATE,NDA010656,MERCK,OINTMENT,OPHTHALMIC,Discontinued
FLOVENT,FLUTICASONE PROPIONATE,NDA020549,GLAXOSMITHKLINE,POWDER,INHALATION,Discontinued
FLOVENT DISKUS 100,FLUTICASONE PROPIONATE,NDA020833,GLAXO GRP LTD,POWDER,INHALATION,Prescription
FLOVENT DISKUS 250,FLUTICASONE PROPIONATE,NDA020833,GLAXO GRP LTD,POWDER,INHALATION,Prescription
FLOVENT DISKUS 50,FLUTICASONE PROPIONATE,NDA020833,GLAXO GRP LTD,POWDER,INHALATION,Prescription
FLOVENT HFA,FLUTICASONE PROPIONATE,NDA021433,GLAXO GRP LTD,"AEROSOL, METERED",INHALATION,Prescription
FLOWTUSS,GUAIFENESIN; HYDROCODONE BITARTRATE,NDA022424,CHARTWELL RX,SOLUTION,ORAL,Discontinued
FLOXIN,OFLOXACIN,NDA019735,JANSSEN PHARMS,TABLET,ORAL,Discontinued
FLOXIN IN DEXTROSE 5%,OFLOXACIN,NDA020087,ORTHO MCNEIL PHARM,INJECTABLE,INJECTION,Discontinued
FLOXIN IN DEXTROSE 5% IN PLASTIC CONTAINER,OFLOXACIN,NDA020087,ORTHO MCNEIL PHARM,INJECTABLE,INJECTION,Discontinued
FLOXIN OTIC,OFLOXACIN,NDA020799,DAIICHI,SOLUTION/DROPS,OTIC,Discontinued
FLOXURIDINE,FLOXURIDINE,ANDA075837,FRESENIUS KABI USA,INJECTABLE,INJECTION,Prescription
FLUCONAZOLE,FLUCONAZOLE,ANDA208963,ZYDUS PHARMS,TABLET,ORAL,Prescription
FLUCONAZOLE IN DEXTROSE 5% IN PLASTIC CONTAINER,FLUCONAZOLE,ANDA077988,WOODWARD,INJECTABLE,INJECTION,Discontinued
FLUCONAZOLE IN SODIUM CHLORIDE 0.9%,FLUCONAZOLE,ANDA076653,DR REDDYS,INJECTABLE,INJECTION,Discontinued
FLUCONAZOLE IN SODIUM CHLORIDE 0.9% IN PLASTIC CONTAINER,FLUCONAZOLE,ANDA076303,HOSPIRA,INJECTABLE,INJECTION,Prescription
FLUCYTOSINE,FLUCYTOSINE,ANDA213665,AUROBINDO PHARMA LTD,CAPSULE,ORAL,Prescription
FLUDARA,FLUDARABINE PHOSPHATE,NDA020038,GENZYME CORP,INJECTABLE,INJECTION,Discontinued
FLUDARABINE PHOSPHATE,FLUDARABINE PHOSPHATE,ANDA078610,ACTAVIS TOTOWA,INJECTABLE,INJECTION,Prescription
FLUDEOXYGLUCOSE F18,FLUDEOXYGLUCOSE F-18,ANDA203771,QUEEN HAMAMATSU PET,INJECTABLE,INTRAVENOUS,Prescription
FLUDROCORTISONE ACETATE,FLUDROCORTISONE ACETATE,ANDA216013,CHARTWELL RX,TABLET,ORAL,Discontinued
FLUIDIL,CYCLOTHIAZIDE,NDA018173,PHARMACIA AND UPJOHN,TABLET,ORAL,Discontinued
FLUMADINE,RIMANTADINE HYDROCHLORIDE,NDA019650,FOREST LABS,SYRUP,ORAL,Discontinued
FLUMAZENIL,FLUMAZENIL,ANDA090584,SAGENT PHARMS,INJECTABLE,INJECTION,Prescription
FLUNISOLIDE,FLUNISOLIDE,ANDA077704,RISING,"SPRAY, METERED",NASAL,Prescription
FLUOCET,FLUOCINOLONE ACETONIDE,ANDA088360,ALPHARMA US PHARMS,CREAM,TOPICAL,Discontinued
FLUOCINOLONE ACETONIDE,FLUOCINOLONE ACETONIDE,ANDA040059,BAUSCH AND LOMB,SOLUTION,TOPICAL,Discontinued
FLUOCINONIDE,FLUOCINONIDE,ANDA200735,FOUGERA PHARMS INC,CREAM,TOPICAL,Prescription
FLUOCINONIDE ACETONIDE,FLUOCINOLONE ACETONIDE,ANDA210539,GLENMARK PHARMS LTD,OIL,TOPICAL,Discontinued
FLUOCINONIDE EMULSIFIED BASE,FLUOCINONIDE,ANDA072494,TARO,CREAM,TOPICAL,Prescription
FLUONID,FLUOCINOLONE ACETONIDE,ANDA087157,ALLERGAN HERBERT,OINTMENT,TOPICAL,Discontinued
FLUOR-OP,FLUOROMETHOLONE,ANDA070185,NOVARTIS,SUSPENSION/DROPS,OPHTHALMIC,Discontinued
FLUORESCEIN SODIUM,FLUORESCEIN SODIUM,ANDA218651,ZYDUS LIFESCIENCES,INJECTABLE,INTRAVENOUS,Prescription
FLUORESCEIN SODIUM AND BENOXINATE HYDROCHLORIDE,BENOXINATE HYDROCHLORIDE; FLUORESCEIN SODIUM,NDA211039,BAUSCH LOMB IRELAND,SOLUTION/DROPS,OPHTHALMIC,Prescription
FLUORESCITE,FLUORESCEIN SODIUM,NDA021980,ALCON LABS INC,INJECTABLE,INTRAVENOUS,Prescription
FLUORINE F-18,SODIUM FLUORIDE F-18,NDA017042,GE HEALTHCARE,INJECTABLE,INTRAVENOUS,Discontinued
FLUORODOPA F18,FLUORODOPA F-18,NDA200655,FEINSTEIN,SOLUTION,INTRAVENOUS,Prescription
FLUOROMETHOLONE,FLUOROMETHOLONE,ANDA218819,SANDOZ,SUSPENSION/DROPS,OPHTHALMIC,Prescription
FLUOROPLEX,FLUOROURACIL,NDA016765,ELORAC,SOLUTION,TOPICAL,Discontinued
FLUOROURACIL,FLUOROURACIL,ANDA076526,TARO,SOLUTION,TOPICAL,Prescription
FLUOTHANE,HALOTHANE,NDA011338,WYETH AYERST,LIQUID,INHALATION,Discontinued
FLUOTREX,FLUOCINOLONE ACETONIDE,ANDA088171,SAVAGE LABS,SOLUTION,TOPICAL,Discontinued
FLUOXETINE,FLUOXETINE HYDROCHLORIDE,ANDA075662,WATSON LABS,CAPSULE,ORAL,Discontinued
FLUOXETINE HYDROCHLORIDE,FLUOXETINE HYDROCHLORIDE,ANDA079209,AUROBINDO PHARMA,SOLUTION,ORAL,Prescription
FLUOXYMESTERONE,FLUOXYMESTERONE,ANDA088221,VALEANT PHARM INTL,TABLET,ORAL,Discontinued
FLUPHENAZINE,FLUPHENAZINE DECANOATE,ANDA070762,QUAD PHARMS,Injectable,Injection,Discontinued
FLUPHENAZINE DECANOATE,FLUPHENAZINE DECANOATE,ANDA207739,EUGIA PHARMA,INJECTABLE,INJECTION,Prescription
FLUPHENAZINE HCL,FLUPHENAZINE HYDROCHLORIDE,ANDA089800,QUAD PHARMS,Injectable,Injection,Discontinued
FLUPHENAZINE HYDROCHLORIDE,FLUPHENAZINE HYDROCHLORIDE,ANDA081310,ANI PHARMS,ELIXIR,ORAL,Discontinued
FLURANDRENOLIDE,FLURANDRENOLIDE,ANDA207133,PADAGIS ISRAEL,LOTION,TOPICAL,Prescription
FLURAZEPAM HYDROCHLORIDE,FLURAZEPAM HYDROCHLORIDE,ANDA071927,PUREPAC PHARM,CAPSULE,ORAL,Discontinued
FLURBIPROFEN,FLURBIPROFEN,ANDA074405,TEVA,TABLET,ORAL,Discontinued
FLURBIPROFEN SODIUM,FLURBIPROFEN SODIUM,ANDA074447,BAUSCH AND LOMB,SOLUTION/DROPS,OPHTHALMIC,Prescription
FLUTAMIDE,FLUTAMIDE,ANDA075780,CIPLA,CAPSULE,ORAL,Discontinued
FLUTEX,TRIAMCINOLONE ACETONIDE,ANDA085539,IVAX PHARMS,CREAM,TOPICAL,Discontinued
FLUTICASONE PROPIONATE,FLUTICASONE PROPIONATE,ANDA218742,GLENMARK SPECLT,"SPRAY, METERED",NASAL,Over-the-counter
FLUTICASONE PROPIONATE AND SALMETEROL XINAFOATE,FLUTICASONE PROPIONATE; SALMETEROL XINAFOATE,ANDA214464,RESPIRENT PHARMS,POWDER,INHALATION,Prescription
FLUVASTATIN SODIUM,FLUVASTATIN SODIUM,ANDA079011,TEVA PHARMS USA,"TABLET, EXTENDED RELEASE",ORAL,Prescription
FLUVOXAMINE MALEATE,FLUVOXAMINE MALEATE,ANDA203240,TORRENT,"CAPSULE, EXTENDED RELEASE",ORAL,Discontinued
FLUXID,FAMOTIDINE,NDA021712,UCB INC,"TABLET, ORALLY DISINTEGRATING",ORAL,Discontinued
FLYRCADO,FLURPIRIDAZ F-18,NDA215168,GE HLTHCARE,SOLUTION,INTRAVENOUS,Prescription
FML,FLUOROMETHOLONE,NDA017760,ALLERGAN,OINTMENT,OPHTHALMIC,Discontinued
FML FORTE,FLUOROMETHOLONE,NDA019216,ABBVIE,SUSPENSION/DROPS,OPHTHALMIC,Prescription
FML-S,FLUOROMETHOLONE; SULFACETAMIDE SODIUM,NDA019525,ALLERGAN,SUSPENSION/DROPS,OPHTHALMIC,Discontinued
FOAMCOAT,ALUMINUM HYDROXIDE; MAGNESIUM TRISILICATE,ANDA071793,GUARDIAN DRUG,"TABLET, CHEWABLE",ORAL,Discontinued
FOAMICON,ALUMINUM HYDROXIDE; MAGNESIUM TRISILICATE,ANDA072687,NOVARTIS,"TABLET, CHEWABLE",ORAL,Discontinued
FOCALIN,DEXMETHYLPHENIDATE HYDROCHLORIDE,NDA021278,SANDOZ,TABLET,ORAL,Prescription
FOCALIN XR,DEXMETHYLPHENIDATE HYDROCHLORIDE,NDA021802,SANDOZ,"CAPSULE, EXTENDED RELEASE",ORAL,Prescription
FOCINVEZ,FOSAPREPITANT DIMEGLUMINE,NDA216686,STERISCIENCE,SOLUTION,INTRAVENOUS,Prescription
FOLEX,METHOTREXATE SODIUM,ANDA088954,PHARMACIA AND UPJOHN,INJECTABLE,INJECTION,Discontinued
FOLEX PFS,METHOTREXATE SODIUM,ANDA089180,PHARMACIA AND UPJOHN,INJECTABLE,INJECTION,Discontinued
FOLIC ACID,FOLIC ACID,ANDA080691,WHITEWORTH TOWN PLSN,TABLET,ORAL,Discontinued
FOLICET,FOLIC ACID,ANDA087438,MISSION PHARMA,TABLET,ORAL,Discontinued
FOLLISTIM,FOLLITROPIN ALFA/BETA,BLA020582,ORGANON USA INC,INJECTABLE,"INTRAMUSCULAR, SUBCUTANEOUS",Discontinued
FOLLISTIM AQ,FOLLITROPIN ALFA/BETA,BLA021211,ORGANON USA LLC,INJECTABLE,SUBCUTANEOUS,Discontinued
FOLOTYN,PRALATREXATE,NDA022468,ACROTECH BIOPHARMA,SOLUTION,INTRAVENOUS,Prescription
FOLVITE,FOLIC ACID,NDA005897,WYETH PHARMS INC,INJECTABLE,INJECTION,Discontinued
FOLVRON,FERROUS SULFATE; FOLIC ACID,NDA006012,LEDERLE,CAPSULE,ORAL,Discontinued
FOMEPIZOLE,FOMEPIZOLE,ANDA078537,NAVINTA LLC,INJECTABLE,INJECTION,Prescription
FONDAPARINUX SODIUM,FONDAPARINUX SODIUM,ANDA208615,SCINOPHARM TAIWAN,SOLUTION,SUBCUTANEOUS,Prescription
FORADIL,FORMOTEROL FUMARATE,NDA021279,NOVARTIS,POWDER,INHALATION,Discontinued
FORADIL CERTIHALER,FORMOTEROL FUMARATE,NDA021592,NOVARTIS,POWDER,INHALATION,Discontinued
FORANE,ISOFLURANE,NDA017624,BAXTER HLTHCARE,LIQUID,INHALATION,Prescription
FORBAXIN,METHOCARBAMOL,ANDA085136,FOREST LABS,TABLET,ORAL,Discontinued
FORFIVO XL,BUPROPION HYDROCHLORIDE,NDA022497,TWI PHARMS,"TABLET, EXTENDED RELEASE",ORAL,Prescription
FORMOTEROL FUMARATE,FORMOTEROL FUMARATE,ANDA215621,WILSHIRE PHARMS INC,SOLUTION,INHALATION,Prescription
FORTAMET,METFORMIN HYDROCHLORIDE,NDA021574,ANDRX LABS LLC,"TABLET, EXTENDED RELEASE",ORAL,Discontinued
FORTAZ,CEFTAZIDIME,NDA050578,PAI HOLDINGS PHARM,INJECTABLE,INJECTION,Discontinued
FORTAZ IN PLASTIC CONTAINER,CEFTAZIDIME SODIUM,NDA050634,PAI HOLDINGS PHARM,INJECTABLE,INJECTION,Discontinued
FORTEO,TERIPARATIDE,NDA021318,LILLY,SOLUTION,SUBCUTANEOUS,Prescription
FORTESTA,TESTOSTERONE,NDA021463,ENDO OPERATIONS,"GEL, METERED",TRANSDERMAL,Discontinued
FORTICAL,CALCITONIN SALMON RECOMBINANT,NDA021406,UPSHER SMITH LABS,"SPRAY, METERED",NASAL,Discontinued
FORTOVASE,SAQUINAVIR,NDA020828,HOFFMANN LA ROCHE,CAPSULE,ORAL,Discontinued
FORZINITY,ELAMIPRETIDE HYDROCHLORIDE,NDA215244,STEALTH BIOTHERAPS,SOLUTION,SUBCUTANEOUS,Prescription
FOSAMAX,ALENDRONATE SODIUM,NDA021575,MERCK,SOLUTION,ORAL,Discontinued
FOSAMAX PLUS D,ALENDRONATE SODIUM; CHOLECALCIFEROL,NDA021762,ORGANON LLC,TABLET,ORAL,Prescription
FOSAMPRENAVIR CALCIUM,FOSAMPRENAVIR CALCIUM,ANDA204024,SUN PHARM,TABLET,ORAL,Prescription
FOSAPREPITANT DIMEGLUMINE,FOSAPREPITANT DIMEGLUMINE,ANDA211160,DR REDDYS,POWDER,INTRAVENOUS,Prescription
FOSCARNET SODIUM,FOSCARNET SODIUM,ANDA220068,CAPLIN,SOLUTION,INTRAVENOUS,Prescription
FOSCAVIR,FOSCARNET SODIUM,NDA020068,CLINIGEN HLTHCARE,SOLUTION,INTRAVENOUS,Prescription
FOSFOMYCIN TROMETHAMINE,FOSFOMYCIN TROMETHAMINE,ANDA212548,XIROMED,FOR SOLUTION,ORAL,Prescription
FOSINOPRIL SODIUM,FOSINOPRIL SODIUM,ANDA076987,WATSON LABS,TABLET,ORAL,Discontinued
FOSINOPRIL SODIUM AND HYDROCHLOROTHIAZIDE,FOSINOPRIL SODIUM; HYDROCHLOROTHIAZIDE,ANDA076961,SANDOZ,TABLET,ORAL,Prescription
FOSPHENYTOIN SODIUM,FOSPHENYTOIN SODIUM,ANDA076886,DR REDDYS,INJECTABLE,INJECTION,Discontinued
FOSRENOL,LANTHANUM CARBONATE,NDA204734,TAKEDA PHARMS USA,POWDER,ORAL,Prescription
FOSTAMATINIB DISODIUM,FOSTAMATINIB DISODIUM,ANDA217329,ANNORA PHARMA,TABLET,ORAL,Prescription
FOTIVDA,TIVOZANIB HYDROCHLORIDE,NDA212904,AVEO PHARMS,CAPSULE,ORAL,Prescription
FOUNDAYO,ORFORGLIPRON CALCIUM,NDA220934,ELI LILLY AND CO,TABLET,ORAL,Prescription
FOVANE,BENZTHIAZIDE,NDA012128,PFIZER,TABLET,ORAL,Discontinued
FRAGMIN,DALTEPARIN SODIUM,NDA020287,PFIZER,INJECTABLE,INJECTION,Discontinued
FREAMINE 8.5%,AMINO ACIDS,NDA016822,B BRAUN,INJECTABLE,INJECTION,Discontinued
FREAMINE HBC 6.9%,AMINO ACIDS,NDA016822,B BRAUN,INJECTABLE,INJECTION,Discontinued
FREAMINE II 8.5%,AMINO ACIDS,NDA016822,B BRAUN,INJECTABLE,INJECTION,Discontinued
FREAMINE III 10%,AMINO ACIDS,NDA016822,B BRAUN,INJECTABLE,INJECTION,Discontinued
FREAMINE III 3% W/ ELECTROLYTES,AMINO ACIDS; MAGNESIUM ACETATE; PHOSPHORIC ACID; POTASSIUM CHLORIDE; SODIUM ACETATE; SODIUM CHLORIDE,NDA016822,B BRAUN,INJECTABLE,INJECTION,Discontinued
FREAMINE III 8.5%,AMINO ACIDS,NDA016822,B BRAUN,INJECTABLE,INJECTION,Discontinued
FREAMINE III 8.5% W/ ELECTROLYTES,AMINO ACIDS; MAGNESIUM ACETATE; PHOSPHORIC ACID; POTASSIUM ACETATE; POTASSIUM CHLORIDE; SODIUM ACETATE,NDA016822,B BRAUN,INJECTABLE,INJECTION,Discontinued
FRINDOVYX,CYCLOPHOSPHAMIDE,NDA210852,AVYXA HOLDINGS,SOLUTION,INTRAVENOUS,Prescription
FROVA,FROVATRIPTAN SUCCINATE,NDA021006,ENDO OPERATIONS,TABLET,ORAL,Discontinued
FROVATRIPTAN SUCCINATE,FROVATRIPTAN SUCCINATE,ANDA204730,GLENMARK PHARMS LTD,TABLET,ORAL,Prescription
FRUZAQLA,FRUQUINTINIB,NDA217564,TAKEDA PHARMS USA,CAPSULE,ORAL,Prescription
FUDR,FLOXURIDINE,NDA016929,HOSPIRA,INJECTABLE,INJECTION,Discontinued
FULPHILA,PEGFILGRASTIM-JMDB,BLA761075,MYLAN GMBH,INJECTABLE,INJECTION,Prescription
FULVESTRANT,FULVESTRANT,ANDA205935,SANDOZ,SOLUTION,INTRAMUSCULAR,Prescription
FULVICIN P/G,"GRISEOFULVIN, ULTRAMICROSIZE",ANDA061996,CHARTWELL RX,TABLET,ORAL,Prescription
FULVICIN P/G 165,"GRISEOFULVIN, ULTRAMICROSIZE",ANDA061996,CHARTWELL RX,TABLET,ORAL,Prescription
FULVICIN P/G 330,"GRISEOFULVIN, ULTRAMICROSIZE",ANDA061996,CHARTWELL RX,TABLET,ORAL,Prescription
FULVICIN-U/F,"GRISEOFULVIN, MICROSIZE",ANDA060569,CHARTWELL RX,TABLET,ORAL,Prescription
FUNDUSCEIN-25,FLUORESCEIN SODIUM,NDA017869,NOVARTIS,INJECTABLE,INJECTION,Discontinued
FUNGIZONE,AMPHOTERICIN B,NDA050313,APOTHECON,OINTMENT,TOPICAL,Discontinued
FURACIN,NITROFURAZONE,ANDA083789,SHIRE,CREAM,TOPICAL,Discontinued
FURADANTIN,NITROFURANTOIN,NDA009175,CASPER PHARMA LLC,SUSPENSION,ORAL,Prescription
FURALAN,NITROFURANTOIN,ANDA080017,CHARTWELL MOLECULAR,TABLET,ORAL,Discontinued
FUROSCIX,FUROSEMIDE,NDA209988,SCPHARMACEUTICALS,SOLUTION,SUBCUTANEOUS,Prescription
FUROSCIX READYFLOW (AUTOINJECTOR),FUROSEMIDE,NDA209988,SCPHARMACEUTICALS,SOLUTION,SUBCUTANEOUS,Prescription
FUROSEMIDE,FUROSEMIDE,NDA018419,WARNER CHILCOTT,TABLET,ORAL,Discontinued
FUROXONE,FURAZOLIDONE,NDA011270,SHIRE,TABLET,ORAL,Discontinued
FUSILEV,LEVOLEUCOVORIN CALCIUM,NDA020140,ACROTECH BIOPHARMA,SOLUTION,INTRAVENOUS,Discontinued
FUZEON,ENFUVIRTIDE,NDA021481,ROCHE,INJECTABLE,SUBCUTANEOUS,Discontinued
FYARRO,SIROLIMUS,NDA213312,AADI,POWDER,INTRAVENOUS,Prescription
FYAVOLV,ETHINYL ESTRADIOL; NORETHINDRONE ACETATE,ANDA204213,LUPIN,TABLET,ORAL,Prescription
FYCOMPA,PERAMPANEL,NDA202834,CATALYST PHARMS,TABLET,ORAL,Prescription
FYLNETRA,PEGFILGRASTIM-PBBK,BLA761084,KASHIV BIOSCIENCES LLC,INJECTABLE,INJECTION,Prescription
FYREMADEL,GANIRELIX ACETATE,ANDA204246,SUN PHARM,INJECTABLE,INJECTION,Prescription
GABAPENTIN,GABAPENTIN,ANDA078787,AUROBINDO PHARMA,CAPSULE,ORAL,Prescription
GABAPENTIN ENACARBIL,GABAPENTIN ENACARBIL,ANDA220420,ANNORA PHARMA PRIVATE LIMITED,"TABLET, EXTENDED RELEASE",,None (Tentative Approval)
GABAPENTIN ENCARBIL,GABAPENTIN ENCARBIL,ANDA213501,GLENMARK PHARMS LTD,"TABLET, EXTENDED RELEASE",ORAL,None (Tentative Approval)
GABITRIL,TIAGABINE HYDROCHLORIDE,NDA020646,CEPHALON,TABLET,ORAL,Discontinued
GABLOFEN,BACLOFEN,NDA022462,PIRAMAL CRITICAL,INJECTABLE,INTRATHECAL,Prescription
GADAVIST,GADOBUTROL,NDA201277,BAYER HLTHCARE,SOLUTION,INTRAVENOUS,Prescription
GADOBUTROL,GADOBUTROL,ANDA216081,HENGRUI PHARMA,SOLUTION,INTRAVENOUS,Discontinued
GADOTERATE MEGLUMINE,GADOTERATE MEGLUMINE,ANDA218073,HAINAN POLY,SOLUTION,INTRAVENOUS,Prescription
GADOTERIDOL,GADOTERIDOL,ANDA218749,HAINAN POLY,INJECTABLE,INJECTION,Prescription
GALAFOLD,MIGALASTAT HYDROCHLORIDE,NDA208623,AMICUS THERAP US,CAPSULE,ORAL,Prescription
GALANTAMINE HYDROBROMIDE,GALANTAMINE HYDROBROMIDE,ANDA077588,RANBAXY,TABLET,ORAL,None (Tentative Approval)
GALLIUM CITRATE GA 67,GALLIUM CITRATE GA-67,NDA018058,CURIUM,INJECTABLE,INJECTION,Prescription
GALLIUM GA 68 EDOTREOTIDE,GALLIUM GA-68 EDOTREOTIDE,NDA210828,UIHC PET IMAGING,SOLUTION,INTRAVENOUS,Prescription
GALLIUM GA 68 GOZETOTIDE,GALLIUM GA-68 GOZETOTIDE,NDA212643,UNIV OF CA SAN FRAN,SOLUTION,INTRAVENOUS,Prescription
GALZIN,ZINC ACETATE,NDA020458,ETON,CAPSULE,ORAL,Prescription
GAMENE,LINDANE,ANDA084989,SOLA BARNES HIND,LOTION,TOPICAL,Discontinued
GAMIFANT,EMAPALUMAB-LZSG,BLA761107,NOVIMMUNE S.A.,INJECTABLE,INJECTION,Prescription
GAMOPHEN,HEXACHLOROPHENE,NDA006270,ARBROOK,SOAP,TOPICAL,Discontinued
GANCICLOVIR,GANCICLOVIR,ANDA076457,RANBAXY LABS LTD,CAPSULE,ORAL,Discontinued
GANCICLOVIR SODIUM,GANCICLOVIR SODIUM,ANDA202624,AM REGENT,INJECTABLE,INJECTION,Discontinued
GANIRELIX ACETATE,GANIRELIX ACETATE,ANDA219454,TRIS PHARMA INC,INJECTABLE,INJECTION,Discontinued
GANITE,GALLIUM NITRATE,NDA019961,CHAPTER 7 TRUSTEE,INJECTABLE,INJECTION,Discontinued
GANTANOL,SULFAMETHOXAZOLE,NDA012715,ROCHE,TABLET,ORAL,Discontinued
GANTANOL-DS,SULFAMETHOXAZOLE,NDA012715,ROCHE,TABLET,ORAL,Discontinued
GANTRISIN,SULFISOXAZOLE,NDA006525,ROCHE,TABLET,ORAL,Discontinued
GANTRISIN,SULFISOXAZOLE ACETYL,NDA009182,ROCHE,SYRUP,ORAL,Discontinued
GANTRISIN,SULFISOXAZOLE DIOLAMINE,NDA008414,ROCHE,OINTMENT,OPHTHALMIC,Discontinued
GANTRISIN PEDIATRIC,SULFISOXAZOLE ACETYL,NDA009182,ROCHE,SUSPENSION,ORAL,Discontinued
GANZYK-RTU,GANCICLOVIR,NDA209347,EXELA PHARMA,SOLUTION,INTRAVENOUS,Discontinued
GARAMYCIN,GENTAMICIN SULFATE,NDA050505,SCHERING,INJECTABLE,INTRATHECAL,Discontinued
GARZULYS,INSULIN ASPART-FSAN,BLA761497,EMERGE BIOSCIENCE PTE. LTD.,VIAL,MULTIDOSE,Prescription
GASTROCROM,CROMOLYN SODIUM,NDA020479,VIATRIS SPECIALTY,CONCENTRATE,ORAL,Prescription
GASTROGRAFIN,DIATRIZOATE MEGLUMINE; DIATRIZOATE SODIUM,NDA011245,BRACCO,SOLUTION,"ORAL, RECTAL",Prescription
GASTROMARK,FERUMOXSIL,NDA020410,AMAG PHARMS INC,SUSPENSION,ORAL,Discontinued
GASTROVIST,DIATRIZOATE MEGLUMINE; DIATRIZOATE SODIUM,ANDA087728,BAYER HLTHCARE,SOLUTION,"ORAL, RECTAL",Discontinued
GATIFLOXACIN,GATIFLOXACIN,ANDA203189,HIKMA,SOLUTION/DROPS,OPHTHALMIC,Discontinued
GATTEX KIT,TEDUGLUTIDE,NDA203441,TAKEDA PHARMS USA,POWDER,SUBCUTANEOUS,Prescription
GAVISCON,ALUMINUM HYDROXIDE; MAGNESIUM TRISILICATE,NDA018685,CHATTEM SANOFI,"TABLET, CHEWABLE",ORAL,Discontinued
GAVRETO,PRALSETINIB,NDA213721,RIGEL PHARMS,CAPSULE,ORAL,Prescription
GAZYVA,OBINUTUZUMAB,BLA125486,GENENTECH,INJECTABLE,INJECTION,Prescription
GEFITINIB,GEFITINIB,ANDA209532,APOTEX,TABLET,ORAL,Discontinued
GELNIQUE,OXYBUTYNIN CHLORIDE,NDA022204,ABBVIE,GEL,TRANSDERMAL,Discontinued
GELNIQUE 3%,OXYBUTYNIN,NDA202513,ALLERGAN,"GEL, METERED",TRANSDERMAL,Discontinued
GEMCITABINE,GEMCITABINE,ANDA090644,TEVA PARENTERAL,INJECTABLE,INJECTION,None (Tentative Approval)
GEMCITABINE HYDROCHLORIDE,GEMCITABINE HYDROCHLORIDE,ANDA091365,DR REDDYS LABS LTD,INJECTABLE,INJECTION,Prescription
GEMFIBROZIL,GEMFIBROZIL,ANDA078012,EPIC PHARMA LLC,TABLET,ORAL,Prescription
GEMIFLOXACIN MESYLATE,GEMIFLOXACIN MESYLATE,ANDA090466,ORBION PHARMS,TABLET,ORAL,Discontinued
GEMMILY,ETHINYL ESTRADIOL; NORETHINDRONE ACETATE,ANDA213317,XIROMED,CAPSULE,ORAL,Prescription
GEMONIL,METHARBITAL,NDA008322,ABBVIE,TABLET,ORAL,Discontinued
GEMTESA,VIBEGRON,NDA213006,SUMITOMO PHARMA AM,TABLET,ORAL,Prescription
GEMZAR,GEMCITABINE HYDROCHLORIDE,NDA020509,LILLY,INJECTABLE,INJECTION,Discontinued
GEN-XENE,CLORAZEPATE DIPOTASSIUM,ANDA071789,ALRA,TABLET,ORAL,Discontinued
GENAPAX,GENTIAN VIOLET,ANDA085017,KEY PHARMS,TAMPON,VAGINAL,Discontinued
GENCEPT 10/11-21,ETHINYL ESTRADIOL; NORETHINDRONE,ANDA072694,BARR,TABLET,ORAL-21,Discontinued
GENCEPT 10/11-28,ETHINYL ESTRADIOL; NORETHINDRONE,ANDA072697,BARR LABS,TABLET,ORAL-28,Discontinued
GENERLAC,LACTULOSE,ANDA071842,MORTON GROVE,SOLUTION,"ORAL, RECTAL",Discontinued
GENESA,ARBUTAMINE HYDROCHLORIDE,NDA020420,GENSIA AUTOMEDICS,INJECTABLE,INJECTION,Discontinued
GENGRAF,CYCLOSPORINE,ANDA065003,ABBVIE,CAPSULE,ORAL,Prescription
GENOPTIC,GENTAMICIN SULFATE,ANDA062452,ALLERGAN,SOLUTION/DROPS,OPHTHALMIC,Discontinued
GENOSYL,NITRIC OXIDE,NDA202860,VERO BIOTECH INC,GAS,INHALATION,Prescription
GENOTROPIN,SOMATROPIN,BLA020280,PHARMACIA,INJECTABLE,INJECTION,Prescription
GENOTROPIN PRESERVATIVE FREE,SOMATROPIN,BLA020280,PHARMACIA,INJECTABLE,INJECTION,Prescription
GENTACIDIN,GENTAMICIN SULFATE,ANDA062480,NOVARTIS,SOLUTION/DROPS,OPHTHALMIC,Discontinued
GENTAFAIR,GENTAMICIN SULFATE,ANDA062443,PHARMAFAIR,OINTMENT,OPHTHALMIC,Discontinued
GENTAK,GENTAMICIN SULFATE,ANDA064163,PHARMOBEDIENT,SOLUTION/DROPS,OPHTHALMIC,Discontinued
GENTAMICIN,GENTAMICIN SULFATE,ANDA062325,INTL MEDICATION,INJECTABLE,INJECTION,Discontinued
GENTAMICIN SULFATE,GENTAMICIN SULFATE,ANDA062307,PADAGIS US,CREAM,TOPICAL,Prescription
GENTAMICIN SULFATE IN SODIUM CHLORIDE 0.9% IN PLASTIC CONTAINER,GENTAMICIN SULFATE,ANDA062373,BAXTER HLTHCARE,INJECTABLE,INJECTION,Discontinued
GENVOYA,COBICISTAT; ELVITEGRAVIR; EMTRICITABINE; TENOFOVIR ALAFENAMIDE FUMARATE,NDA207561,GILEAD SCIENCES INC,TABLET,ORAL,Prescription
GEOCILLIN,CARBENICILLIN INDANYL SODIUM,NDA050435,PFIZER,TABLET,ORAL,Discontinued
GEODON,ZIPRASIDONE HYDROCHLORIDE,NDA020825,VIATRIS,CAPSULE,ORAL,Prescription
GEODON,ZIPRASIDONE MESYLATE,NDA020919,VIATRIS,POWDER,INTRAMUSCULAR,Prescription
GEOPEN,CARBENICILLIN DISODIUM,NDA050306,ROERIG,INJECTABLE,INJECTION,Discontinued
GEREF,SERMORELIN ACETATE,NDA020443,EMD SERONO INC,INJECTABLE,INJECTION,Discontinued
GERIMAL,ERGOLOID MESYLATES,ANDA086188,WATSON LABS,TABLET,SUBLINGUAL,Discontinued
GERMA-MEDICA,HEXACHLOROPHENE,NDA017412,HUNTINGTON LABS,SOLUTION,TOPICAL,Discontinued
"GERMA-MEDICA ""MG""",HEXACHLOROPHENE,NDA017412,HUNTINGTON LABS,SOLUTION,TOPICAL,Discontinued
GIAPREZA,ANGIOTENSIN II ACETATE,NDA209360,LA JOLLA PHARMA,SOLUTION,INTRAVENOUS,Discontinued
GIAZO,BALSALAZIDE DISODIUM,NDA022205,VALEANT PHARMS INTL,TABLET,ORAL,Discontinued
GILDAGIA,ETHINYL ESTRADIOL; NORETHINDRONE,ANDA078376,PH HEALTH,TABLET,ORAL-28,Discontinued
GILDESS 1.5/30,ETHINYL ESTRADIOL; NORETHINDRONE ACETATE,ANDA077075,PH HEALTH,TABLET,ORAL-21,Discontinued
GILDESS 1/20,ETHINYL ESTRADIOL; NORETHINDRONE ACETATE,ANDA077077,PH HEALTH,TABLET,ORAL-21,Discontinued
GILDESS 24 FE,ETHINYL ESTRADIOL; NORETHINDRONE ACETATE,ANDA090293,PH HEALTH,TABLET,ORAL,Discontinued
GILDESS FE 1.5/30,ETHINYL ESTRADIOL; NORETHINDRONE ACETATE,ANDA077075,PH HEALTH,TABLET,ORAL-28,Discontinued
GILDESS FE 1/20,ETHINYL ESTRADIOL; NORETHINDRONE ACETATE,ANDA077077,PH HEALTH,TABLET,ORAL-28,Discontinued
GILENYA,FINGOLIMOD HYDROCHLORIDE,NDA022527,NOVARTIS,CAPSULE,ORAL,Prescription
GILOTRIF,AFATINIB DIMALEATE,NDA201292,BOEHRINGER INGELHEIM,TABLET,ORAL,Prescription
GIMOTI,METOCLOPRAMIDE HYDROCHLORIDE,NDA209388,QOL MEDCL,"SPRAY, METERED",NASAL,Prescription
GIVLAARI,GIVOSIRAN SODIUM,NDA212194,ALNYLAM PHARMS INC,SOLUTION,SUBCUTANEOUS,Prescription
GLATIRAMER ACETATE,GLATIRAMER ACETATE,ANDA091646,MYLAN,INJECTABLE,SUBCUTANEOUS,Prescription
GLATOPA,GLATIRAMER ACETATE,ANDA206921,SANDOZ,INJECTABLE,SUBCUTANEOUS,Prescription
GLEEVEC,IMATINIB MESYLATE,NDA021588,NOVARTIS,TABLET,ORAL,Prescription
GLEOLAN,AMINOLEVULINIC ACID HYDROCHLORIDE,NDA208630,NXDC,FOR SOLUTION,ORAL,Prescription
GLEOSTINE,LOMUSTINE,NDA017588,AZURITY,CAPSULE,ORAL,Prescription
GLIADEL,CARMUSTINE,NDA020637,AZURITY,IMPLANT,INTRACRANIAL,Prescription
GLIMEPIRIDE,GLIMEPIRIDE,ANDA077091,DR REDDYS LABS LTD,TABLET,ORAL,Prescription
GLIPIZIDE,GLIPIZIDE,ANDA074542,CHARTWELL RX,TABLET,ORAL,Discontinued
GLIPIZIDE AND METFORMIN HYDROCHLORIDE,GLIPIZIDE; METFORMIN HYDROCHLORIDE,ANDA078728,HERITAGE,TABLET,ORAL,Prescription
GLOFIL-125,IOTHALAMATE SODIUM I-125,NDA017279,ISOTEX,INJECTABLE,INJECTION,Prescription
GLOPERBA,COLCHICINE,NDA210942,SCILEX PHARMS,SOLUTION,ORAL,Prescription
GLUCAGEN,GLUCAGON HYDROCHLORIDE,NDA020918,NOVO NORDISK,POWDER,"INTRAMUSCULAR, INTRAVENOUS",Discontinued
GLUCAGON,GLUCAGON,ANDA214457,LUPIN,INJECTABLE,INJECTION,Prescription
GLUCAGON,GLUCAGON HYDROCHLORIDE,ANDA071022,QUAD PHARMS,Injectable,Injection,Discontinued
GLUCAMIDE,CHLORPROPAMIDE,ANDA088641,ANI PHARMS,TABLET,ORAL,Discontinued
GLUCOPHAGE,METFORMIN HYDROCHLORIDE,NDA020357,EMD SERONO INC,TABLET,ORAL,Discontinued
GLUCOPHAGE XR,METFORMIN HYDROCHLORIDE,NDA021202,EMD SERONO INC,"TABLET, EXTENDED RELEASE",ORAL,Discontinued
GLUCOSCAN,TECHNETIUM TC-99M GLUCEPTATE KIT,NDA017907,BRISTOL MYERS SQUIBB,INJECTABLE,INJECTION,Discontinued
GLUCOTROL,GLIPIZIDE,NDA017783,PFIZER,TABLET,ORAL,Discontinued
GLUCOTROL XL,GLIPIZIDE,NDA020329,PFIZER,"TABLET, EXTENDED RELEASE",ORAL,Discontinued
GLUCOVANCE,GLYBURIDE; METFORMIN HYDROCHLORIDE,NDA021178,BRISTOL MYERS SQUIBB,TABLET,ORAL,Discontinued
GLUMETZA,METFORMIN HYDROCHLORIDE,NDA021748,SANTARUS INC,"TABLET, EXTENDED RELEASE",ORAL,Discontinued
GLUTETHIMIDE,GLUTETHIMIDE,ANDA084362,WATSON LABS,TABLET,ORAL,Discontinued
GLYBURIDE,GLYBURIDE,ANDA076257,EPIC PHARMA LLC,TABLET,ORAL,Prescription
GLYBURIDE (MICRONIZED),GLYBURIDE,ANDA074686,TEVA,TABLET,ORAL,Prescription
GLYBURIDE AND METFORMIN HYDROCHLORIDE,GLYBURIDE; METFORMIN HYDROCHLORIDE,ANDA206748,ZYDUS PHARMS,TABLET,ORAL,Prescription
GLYCEROL PHENYLBUTYRATE,GLYCEROL PHENYLBUTYRATE,ANDA207694,LUPIN,LIQUID,ORAL,Prescription
GLYCINE 1.5% IN PLASTIC CONTAINER,GLYCINE,NDA016784,B BRAUN,SOLUTION,IRRIGATION,Prescription
GLYCOLAX,POLYETHYLENE GLYCOL 3350,ANDA076652,LANNETT CO INC,FOR SOLUTION,ORAL,Discontinued
GLYCOPHOS,SODIUM GLYCEROPHOSPHATE,NDA220381,FRESENIUS KABI USA,SOLUTION,INTRAVENOUS,Prescription
GLYCOPREP,POLYETHYLENE GLYCOL 3350; POTASSIUM CHLORIDE; SODIUM BICARBONATE; SODIUM CHLORIDE; SODIUM SULFATE ANHYDROUS,ANDA072319,GOLDLINE,FOR SUSPENSION,ORAL,Discontinued
GLYCOPYRROLATE,GLYCOPYRROLATE,ANDA203657,ALEMBIC,TABLET,ORAL,Prescription
GLYCOPYRRONIUM TOSYLATE,GLYCOPYRRONIUM TOSYLATE,ANDA214448,PADAGIS US,CLOTH,TOPICAL,Discontinued
GLYCORT,HYDROCORTISONE,ANDA087489,HERAN,LOTION,TOPICAL,Discontinued
GLYDO,LIDOCAINE HYDROCHLORIDE,ANDA201094,SAGENT PHARMS INC,JELLY,TOPICAL,Prescription
GLYNASE,GLYBURIDE,NDA020051,PFIZER,TABLET,ORAL,Discontinued
GLYRX-PF,GLYCOPYRROLATE,NDA210997,EXELA PHARMA,SOLUTION,"INTRAMUSCULAR, INTRAVENOUS",Prescription
GLYSET,MIGLITOL,NDA020682,PFIZER,TABLET,ORAL,Discontinued
GLYXAMBI,EMPAGLIFLOZIN; LINAGLIPTIN,NDA206073,BOEHRINGER INGELHEIM,TABLET,ORAL,Prescription
GO-EVAC,POLYETHYLENE GLYCOL 3350; POTASSIUM CHLORIDE; SODIUM BICARBONATE; SODIUM CHLORIDE; SODIUM SULFATE ANHYDROUS,ANDA073433,VINTAGE PHARMS,FOR SUSPENSION,ORAL,Discontinued
GOCOVRI,AMANTADINE HYDROCHLORIDE,NDA208944,SUPERNUS PHARMS,"CAPSULE, EXTENDED RELEASE",ORAL,Prescription
GOLYTELY,POLYETHYLENE GLYCOL 3350; POTASSIUM CHLORIDE; SODIUM BICARBONATE; SODIUM CHLORIDE; SODIUM SULFATE ANHYDROUS,NDA019011,AZURITY,FOR SOLUTION,ORAL,Prescription
GOMEKLI,MIRDAMETINIB,NDA219379,SPRINGWORKS,"TABLET, FOR SUSPENSION",ORAL,Prescription
GONAL-F,FOLLITROPIN ALFA/BETA,BLA020378,EMD SERONO,INJECTABLE,SUBCUTANEOUS,Discontinued
GONAL-F RFF,FOLLITROPIN ALFA/BETA,BLA021765,EMD SERONO,INJECTABLE,SUBCUTANEOUS,Prescription
GONAL-F RFF REDI-JECT,FOLLITROPIN ALFA/BETA,BLA021684,EMD SERONO,INJECTABLE,SUBCUTANEOUS,Prescription
GONITRO,NITROGLYCERIN,NDA208424,POHL BOSKAMP,POWDER,SUBLINGUAL,Discontinued
GOPRELTO,COCAINE HYDROCHLORIDE,NDA209963,LXO IRELAND,SOLUTION,NASAL,Prescription
GOZELLIX,GALLIUM GA-68 GOZETOTIDE,NDA219592,TELIX INNOVATIONS,POWDER,INTRAVENOUS,Prescription
GRAFAPEX,TREOSULFAN,NDA214759,MEDEXUS,POWDER,INTRAVENOUS,Prescription
GRALISE,GABAPENTIN,NDA022544,ALMATICA,TABLET,ORAL,Prescription
GRANISETRON HYDROCHLORIDE,GRANISETRON HYDROCHLORIDE,ANDA078262,AMNEAL,INJECTABLE,INJECTION,Prescription
GRANISETRON HYDROCHLORIDE PRESERVATIVE FREE,GRANISETRON HYDROCHLORIDE,ANDA077165,DR REDDYS,INJECTABLE,INJECTION,Discontinued
GRANISOL,GRANISETRON HYDROCHLORIDE,ANDA078334,INTRA SANA LABS,SOLUTION,ORAL,Discontinued
GRANIX,TBO-FILGRASTIM,BLA125294,SICOR BIOTECH,INJECTABLE,INJECTION,Prescription
GRIFULVIN V,"GRISEOFULVIN, MICROCRYSTALLINE",ANDA062279,VALEANT LUXEMBOURG,TABLET,ORAL,Discontinued
GRIFULVIN V,"GRISEOFULVIN, MICROSIZE",ANDA062279,VALEANT LUXEMBOURG,TABLET,ORAL,Discontinued
GRIS-PEG,"GRISEOFULVIN, ULTRAMICROSIZE",NDA050475,BAUSCH,TABLET,ORAL,Prescription
GRISACTIN,"GRISEOFULVIN, MICROCRYSTALLINE",ANDA060212,WYETH AYERST,TABLET,ORAL,Discontinued
GRISACTIN ULTRA,"GRISEOFULVIN, ULTRAMICROCRYSTALLINE",ANDA062438,WYETH AYERST,TABLET,ORAL,Discontinued
GRISEOFULVIN,"GRISEOFULVIN, MICROSIZE",ANDA065200,CHARTWELL RX,SUSPENSION,ORAL,Prescription
"GRISEOFULVIN, ULTRAMICROSIZE","GRISEOFULVIN, ULTRAMICROSIZE",ANDA204371,MOUNTAIN,TABLET,ORAL,Prescription
"GRISEOFULVIN,ULTRAMICROSIZE","GRISEOFULVIN, ULTRAMICROSIZE",ANDA202545,SIGMAPHARM LABS LLC,TABLET,ORAL,Prescription
GUAIFENESIN,GUAIFENESIN,ANDA078912,PERRIGO R AND D,"TABLET, EXTENDED RELEASE",ORAL,Over-the-counter
GUAIFENESIN AND DEXTROMETHORPHAN HYDROBROMIDE,DEXTROMETHORPHAN HYDROBROMIDE; GUAIFENESIN,ANDA209692,AMNEAL PHARMS,"TABLET, EXTENDED RELEASE",ORAL,Over-the-counter
GUAIFENESIN AND PSEUDOEPHEDRINE HYDROCHLORIDE,GUAIFENESIN; PSEUDOEPHEDRINE HYDROCHLORIDE,ANDA208369,DR REDDYS,"TABLET, EXTENDED RELEASE",ORAL,Over-the-counter
GUANABENZ ACETATE,GUANABENZ ACETATE,ANDA074025,WATSON LABS,TABLET,ORAL,Discontinued
GUANETHIDINE MONOSULFATE,GUANETHIDINE MONOSULFATE,ANDA086113,WATSON LABS,TABLET,ORAL,Discontinued
GUANFACINE HYDROCHLORIDE,GUANFACINE HYDROCHLORIDE,ANDA201408,TWI PHARMS,"TABLET, EXTENDED RELEASE",ORAL,Prescription
GUANIDINE HYDROCHLORIDE,GUANIDINE HYDROCHLORIDE,NDA001546,MERCK SHARP DOHME,TABLET,ORAL,Discontinued
GVOKE HYPOPEN,GLUCAGON,NDA212097,XERIS,SOLUTION,SUBCUTANEOUS,Prescription
GVOKE KIT,GLUCAGON,NDA212097,XERIS,SOLUTION,SUBCUTANEOUS,Prescription
GVOKE PFS,GLUCAGON,NDA212097,XERIS,SOLUTION,SUBCUTANEOUS,Discontinued
GVOKE VIALDX,GLUCAGON,NDA212097,XERIS,SOLUTION,INTRAVENOUS,Discontinued
GVS,GENTIAN VIOLET,ANDA083513,SAVAGE LABS,SUPPOSITORY,VAGINAL,Discontinued
GWYN LO,ETHINYL ESTRADIOL; NORELGESTROMIN,NDA219990,VIATRIS SPECIALTY,SYSTEM,TRANSDERMAL,Prescription
GYNAZOLE-1,BUTOCONAZOLE NITRATE,ANDA200923,PADAGIS ISRAEL,CREAM,VAGINAL,Prescription
GYNE-LOTRIMIN,CLOTRIMAZOLE,NDA018052,BAYER HEALTHCARE LLC,CREAM,VAGINAL,Discontinued
GYNE-LOTRIMIN 3,CLOTRIMAZOLE,NDA020574,BAYER HEALTHCARE LLC,CREAM,VAGINAL,Discontinued
GYNE-LOTRIMIN 3 COMBINATION PACK,CLOTRIMAZOLE,NDA020526,BAYER HEALTHCARE LLC,"CREAM, TABLET","TOPICAL, VAGINAL",Discontinued
GYNE-LOTRIMIN COMBINATION PACK,CLOTRIMAZOLE,NDA020289,BAYER HEALTHCARE LLC,"CREAM, TABLET","TOPICAL, VAGINAL",Discontinued
GYNE-SULF,SULFACETAMIDE; SULFATHIAZOLE); TRIPLE SULFA (SULFABENZAMIDE,ANDA088607,COSETTE PHARMS NC,CREAM,VAGINAL,Discontinued
GYNIX,CLOTRIMAZOLE,ANDA073249,TEVA PHARMS,TABLET,VAGINAL,Discontinued
GYNODIOL,ESTRADIOL,ANDA040212,DURAMED PHARMS BARR,TABLET,ORAL,Discontinued
GYNOREST,DYDROGESTERONE,NDA017388,SOLVAY,TABLET,ORAL,Discontinued
H-CORT,HYDROCORTISONE,ANDA087834,TORCH,POWDER,FOR RX COMPOUNDING,Discontinued
H.P. ACTHAR GEL,REPOSITORY CORTICOTROPIN,NDA022432,QUESTCOR PHARMA,INJECTABLE,INJECTION,Prescription
H.R.-50,HYDROCHLOROTHIAZIDE; RESERPINE,ANDA085338,WHITEWORTH TOWN PLSN,TABLET,ORAL,Discontinued
HABITROL,NICOTINE,NDA020076,DR REDDYS LABS SA,"FILM, EXTENDED RELEASE",TRANSDERMAL,Over-the-counter
HABITROL,NICOTINE POLACRILEX,ANDA215276,DR REDDYS LABS SA,TROCHE/LOZENGE,ORAL,Over-the-counter
HADLIMA,ADALIMUMAB-BWWD,BLA761059,SAMSUNG BIOEPIS CO LTD,INJECTABLE,INJECTION,Prescription
HAILEY 1.5/30,ETHINYL ESTRADIOL; NORETHINDRONE ACETATE,ANDA209297,GLENMARK SPECLT,TABLET,ORAL-21,Prescription
HAILEY 24 FE,ETHINYL ESTRADIOL; NORETHINDRONE ACETATE,ANDA204847,GLENMARK PHARMS LTD,TABLET,ORAL,Prescription
HAILEY FE 1.5/30,ETHINYL ESTRADIOL; NORETHINDRONE ACETATE,ANDA209031,GLENMARK SPECLT,TABLET,ORAL-28,Prescription
HAILEY FE 1/20,ETHINYL ESTRADIOL; NORETHINDRONE ACETATE,ANDA206597,GLENMARK PHARMS LTD,TABLET,ORAL-28,Prescription
HALAVEN,ERIBULIN MESYLATE,NDA201532,EISAI INC,SOLUTION,INTRAVENOUS,Prescription
HALCINONIDE,HALCINONIDE,ANDA217671,ENCUBE,SOLUTION,TOPICAL,Prescription
HALCION,TRIAZOLAM,NDA017892,PFIZER,TABLET,ORAL,Prescription
HALDOL,HALOPERIDOL,NDA015921,ORTHO MCNEIL,TABLET,ORAL,Discontinued
HALDOL,HALOPERIDOL DECANOATE,NDA018701,JANSSEN PHARMS,INJECTABLE,INJECTION,Discontinued
HALDOL,HALOPERIDOL LACTATE,NDA015922,ORTHO MCNEIL,CONCENTRATE,ORAL,Discontinued
HALDOL SOLUTAB,HALOPERIDOL,NDA017079,ORTHO MCNEIL PHARM,TABLET,ORAL,Discontinued
HALDRONE,PARAMETHASONE ACETATE,NDA012772,LILLY,TABLET,ORAL,Discontinued
HALFAN,HALOFANTRINE HYDROCHLORIDE,NDA020250,GLAXOSMITHKLINE,TABLET,ORAL,Discontinued
HALFLYTELY,BISACODYL; POLYETHYLENE GLYCOL 3350; POTASSIUM CHLORIDE; SODIUM BICARBONATE; SODIUM CHLORIDE,NDA021551,BRAINTREE,"FOR SOLUTION, TABLET, DELAYED RELEASE",ORAL,Discontinued
HALOBETASOL PROPIONATE,HALOBETASOL PROPIONATE,ANDA215266,PADAGIS ISRAEL,"AEROSOL, FOAM",TOPICAL,Prescription
HALOBETASOL PROPIONATE AND TAZAROTENE,HALOBETASOL PROPIONATE; TAZAROTENE,ANDA217190,SUN PHARMA CANADA,LOTION,TOPICAL,Prescription
HALOETTE,ETHINYL ESTRADIOL; ETONOGESTREL,ANDA211328,DR REDDYS LABS SA,RING,VAGINAL,Prescription
HALOG,HALCINONIDE,NDA018125,BRISTOL MYERS SQUIBB,OINTMENT,TOPICAL,Discontinued
HALOG-E,HALCINONIDE,NDA018234,SUN PHARM INDS INC,CREAM,TOPICAL,Discontinued
HALOPERIDOL,HALOPERIDOL,ANDA070722,SCS,TABLET,ORAL,Discontinued
HALOPERIDOL,HALOPERIDOL LACTATE,ANDA070800,SOLOPAK,INJECTABLE,INJECTION,Discontinued
HALOPERIDOL DECANOATE,HALOPERIDOL DECANOATE,ANDA074893,FRESENIUS KABI USA,INJECTABLE,INJECTION,Prescription
HALOPERIDOL INTENSOL,HALOPERIDOL LACTATE,ANDA072045,HIKMA,CONCENTRATE,ORAL,Discontinued
HALOPERIDOL LACTATE,HALOPERIDOL LACTATE,ANDA074536,ACTAVIS MID ATLANTIC,SOLUTION,ORAL,Discontinued
HALOTESTIN,FLUOXYMESTERONE,NDA010611,PHARMACIA AND UPJOHN,TABLET,ORAL,Discontinued
HALOTEX,HALOPROGIN,NDA016943,WESTWOOD SQUIBB,SOLUTION,TOPICAL,Discontinued
HALOTHANE,HALOTHANE,ANDA083254,HOSPIRA,LIQUID,INHALATION,Discontinued
HARLIKU,NITISINONE,NDA209449,CYCLE,TABLET,ORAL,Prescription
HARMONYL,DESERPIDINE,NDA010796,ABBVIE,TABLET,ORAL,Discontinued
HARVONI,LEDIPASVIR; SOFOSBUVIR,NDA212477,GILEAD SCIENCES INC,PELLETS,ORAL,Prescription
HC #1,HYDROCORTISONE,ANDA080438,BAYER PHARMS,CREAM,TOPICAL,Discontinued
HC #4,HYDROCORTISONE,ANDA080438,BAYER PHARMS,CREAM,TOPICAL,Discontinued
HC (HYDROCORTISONE),HYDROCORTISONE,ANDA080482,C AND M PHARMA,CREAM,TOPICAL,Discontinued
HEAD & SHOULDERS CONDITIONER,PYRITHIONE ZINC,NDA019412,WARNER CHILCOTT,LOTION,TOPICAL,Discontinued
HEATHER,NORETHINDRONE,ANDA090454,GLENMARK PHARMS LTD,TABLET,ORAL-28,Prescription
HEAVY SOLUTION NUPERCAINE,DIBUCAINE HYDROCHLORIDE,NDA006203,NOVARTIS,INJECTABLE,INJECTION,Discontinued
HECTOROL,DOXERCALCIFEROL,NDA021027,SANOFI,INJECTABLE,INJECTION,Discontinued
HEDULIN,PHENINDIONE,NDA008767,SANOFI AVENTIS US,TABLET,ORAL,Discontinued
HELICOSOL,UREA C-13,NDA021092,METABOLIC SOLUTIONS,FOR SOLUTION,ORAL,Discontinued
HELIDAC,BISMUTH SUBSALICYLATE; METRONIDAZOLE; TETRACYCLINE HYDROCHLORIDE,NDA050719,CASPER PHARMA LLC,"TABLET, CHEWABLE, TABLET, CAPSULE",ORAL,Discontinued
"HELIUM, USP",HELIUM,NDA205912,PRAXAIR DISTRIBUTION INC,GAS,INHALATION,Prescription
HEMABATE,CARBOPROST TROMETHAMINE,NDA017989,PFIZER,INJECTABLE,INJECTION,Prescription
HEMADY,DEXAMETHASONE,NDA211379,DEXCEL,TABLET,ORAL,Prescription
HEMANGEOL,PROPRANOLOL HYDROCHLORIDE,NDA205410,ETON,SOLUTION,ORAL,Prescription
HEMICLOR,CHLORTHALIDONE,NDA218647,PRM PHARMA,TABLET,ORAL,Prescription
HEMLIBRA,EMICIZUMAB,BLA761083,GENENTECH INC,INJECTABLE,INJECTION,Prescription
HEMSOL-HC,HYDROCORTISONE ACETATE,ANDA081274,ABLE,CREAM,TOPICAL,Discontinued
HEPARIN LOCK FLUSH,HEPARIN SODIUM,ANDA087904,SMITH AND NEPHEW,INJECTABLE,INJECTION,Discontinued
HEPARIN SODIUM,HEPARIN SODIUM,ANDA087395,SOLOPAK,INJECTABLE,INJECTION,Discontinued
"HEPARIN SODIUM 1,000 UNITS AND SODIUM CHLORIDE 0.9% IN PLASTIC CONTAINER",HEPARIN SODIUM,NDA018609,BAXTER HLTHCARE,INJECTABLE,INJECTION,Prescription
"HEPARIN SODIUM 1,000 UNITS IN DEXTROSE 5% IN PLASTIC CONTAINER",HEPARIN SODIUM,NDA019130,MCGAW,INJECTABLE,INJECTION,Discontinued
"HEPARIN SODIUM 1,000 UNITS IN SODIUM CHLORIDE 0.9% IN PLASTIC CONTAINER",HEPARIN SODIUM,NDA019953,B BRAUN,INJECTABLE,INJECTION,Prescription
"HEPARIN SODIUM 10,000 UNITS AND DEXTROSE 5% IN PLASTIC CONTAINER",HEPARIN SODIUM,NDA018814,BAXTER HLTHCARE,INJECTABLE,INJECTION,Discontinued
"HEPARIN SODIUM 10,000 UNITS IN DEXTROSE 5%",HEPARIN SODIUM,NDA018911,HOSPIRA,INJECTABLE,INJECTION,Discontinued
"HEPARIN SODIUM 10,000 UNITS IN DEXTROSE 5% IN PLASTIC CONTAINER",HEPARIN SODIUM,NDA019339,HOSPIRA,INJECTABLE,INJECTION,Prescription
"HEPARIN SODIUM 10,000 UNITS IN SODIUM CHLORIDE 0.45%",HEPARIN SODIUM,NDA018911,HOSPIRA,INJECTABLE,INJECTION,Discontinued
"HEPARIN SODIUM 10,000 UNITS IN SODIUM CHLORIDE 0.9%",HEPARIN SODIUM,NDA018911,HOSPIRA,INJECTABLE,INJECTION,Discontinued
"HEPARIN SODIUM 12,500 UNITS IN DEXTROSE 5%",HEPARIN SODIUM,NDA018911,HOSPIRA,INJECTABLE,INJECTION,Discontinued
"HEPARIN SODIUM 12,500 UNITS IN DEXTROSE 5% IN PLASTIC CONTAINER",HEPARIN SODIUM,NDA019339,HOSPIRA,INJECTABLE,INJECTION,Prescription
"HEPARIN SODIUM 12,500 UNITS IN SODIUM CHLORIDE 0.45% IN PLASTIC CONTAINER",HEPARIN SODIUM,NDA018916,HOSPIRA,INJECTABLE,INJECTION,Prescription
"HEPARIN SODIUM 12,500 UNITS IN SODIUM CHLORIDE 0.9%",HEPARIN SODIUM,NDA018911,HOSPIRA,INJECTABLE,INJECTION,Discontinued
"HEPARIN SODIUM 2,000 UNITS AND SODIUM CHLORIDE 0.9% IN PLASTIC CONTAINER",HEPARIN SODIUM,NDA018609,BAXTER HLTHCARE,INJECTABLE,INJECTION,Prescription
"HEPARIN SODIUM 2,000 UNITS IN DEXTROSE 5% IN PLASTIC CONTAINER",HEPARIN SODIUM,NDA019130,MCGAW,INJECTABLE,INJECTION,Discontinued
"HEPARIN SODIUM 2,000 UNITS IN SODIUM CHLORIDE 0.9% IN PLASTIC CONTAINER",HEPARIN SODIUM,NDA019953,B BRAUN,INJECTABLE,INJECTION,Prescription
"HEPARIN SODIUM 20,000 UNITS AND DEXTROSE 5% IN PLASTIC CONTAINER",HEPARIN SODIUM,NDA018814,BAXTER HLTHCARE,INJECTABLE,INJECTION,Discontinued
"HEPARIN SODIUM 20,000 UNITS IN DEXTROSE 5%",HEPARIN SODIUM,NDA017029,FRESENIUS KABI USA,INJECTABLE,INJECTION,Discontinued
"HEPARIN SODIUM 20,000 UNITS IN DEXTROSE 5% IN PLASTIC CONTAINER",HEPARIN SODIUM,NDA019805,HOSPIRA,INJECTABLE,INJECTION,Discontinued
"HEPARIN SODIUM 25,000 UNITS AND DEXTROSE 5% IN PLASTIC CONTAINER",HEPARIN SODIUM,NDA018814,BAXTER HLTHCARE,INJECTABLE,INJECTION,Discontinued
"HEPARIN SODIUM 25,000 UNITS IN DEXTROSE 5%",HEPARIN SODIUM,NDA018911,HOSPIRA,INJECTABLE,INJECTION,Discontinued
"HEPARIN SODIUM 25,000 UNITS IN DEXTROSE 5% IN PLASTIC CONTAINER",HEPARIN SODIUM,NDA019134,B BRAUN,INJECTABLE,INJECTION,Discontinued
"HEPARIN SODIUM 25,000 UNITS IN SODIUM CHLORIDE 0.45%",HEPARIN SODIUM,NDA017029,FRESENIUS KABI USA,INJECTABLE,INJECTION,Prescription
"HEPARIN SODIUM 25,000 UNITS IN SODIUM CHLORIDE 0.45% IN PLASTIC CONTAINER",HEPARIN SODIUM,NDA019953,B BRAUN,INJECTABLE,INJECTION,Prescription
"HEPARIN SODIUM 25,000 UNITS IN SODIUM CHLORIDE 0.9%",HEPARIN SODIUM,NDA018911,HOSPIRA,INJECTABLE,INJECTION,Discontinued
"HEPARIN SODIUM 25,000 UNITS IN SODIUM CHLORIDE 0.9% IN PLASTIC CONTAINER",HEPARIN SODIUM,NDA019135,B BRAUN,INJECTABLE,INJECTION,Discontinued
"HEPARIN SODIUM 5,000 UNITS AND SODIUM CHLORIDE 0.9% IN PLASTIC CONTAINER",HEPARIN SODIUM,NDA018609,BAXTER HLTHCARE,INJECTABLE,INJECTION,Discontinued
"HEPARIN SODIUM 5,000 UNITS IN DEXTROSE 5% IN PLASTIC CONTAINER",HEPARIN SODIUM,NDA019130,MCGAW,INJECTABLE,INJECTION,Discontinued
"HEPARIN SODIUM 5,000 UNITS IN SODIUM CHLORIDE 0.45%",HEPARIN SODIUM,NDA018911,HOSPIRA,INJECTABLE,INJECTION,Discontinued
"HEPARIN SODIUM 5,000 UNITS IN SODIUM CHLORIDE 0.9%",HEPARIN SODIUM,NDA018916,HOSPIRA,INJECTABLE,INJECTION,Discontinued
"HEPARIN SODIUM 5,000 UNITS IN SODIUM CHLORIDE 0.9% IN PLASTIC CONTAINER",HEPARIN SODIUM,NDA019042,B BRAUN,INJECTABLE,INJECTION,Discontinued
HEPARIN SODIUM IN PLASTIC CONTAINER,HEPARIN SODIUM,NDA017029,FRESENIUS KABI USA,INJECTABLE,INJECTION,Prescription
HEPARIN SODIUM PRESERVATIVE FREE,HEPARIN SODIUM,ANDA202732,SHENZHEN TECHDOW,INJECTABLE,INJECTION,Prescription
HEPATAMINE 8%,AMINO ACIDS,NDA018676,B BRAUN,INJECTABLE,INJECTION,Discontinued
HEPATASOL 8%,AMINO ACIDS,ANDA020360,BAXTER HLTHCARE,INJECTABLE,INJECTION,Discontinued
HEPATOLITE,TECHNETIUM TC-99M DISOFENIN KIT,NDA018467,SUN PHARM INDS INC,INJECTABLE,INJECTION,Discontinued
HEPCLUDEX,BULEVIRTIDE-GMOD,BLA761468,GILEAD SCIENCES INC,INJECTION,"POWDER,FOR SOLUTION",Prescription
HEPSERA,ADEFOVIR DIPIVOXIL,NDA021449,GILEAD,TABLET,ORAL,Discontinued
HEPTALAC,LACTULOSE,ANDA073504,TEVA PHARMS,SOLUTION,"ORAL, RECTAL",Discontinued
HEPZATO,MELPHALAN HYDROCHLORIDE,NDA201848,DELCATH SYSTEMS INC,POWDER,INTRA-ARTERIAL,Prescription
HER STYLE,LEVONORGESTREL,ANDA207976,NOVAST LABS,TABLET,ORAL,Over-the-counter
HERCEPTIN,TRASTUZUMAB,BLA103792,GENENTECH,VIAL,INTRAVENOUS,Prescription
HERCEPTIN HYLECTA,TRASTUZUMAB AND HYALURONIDASE-OYSK,BLA761106,GENENTECH INC,INJECTABLE,SUBCUTANEOUS,Prescription
HERCESSI,TRASTUZUMAB-STRF,BLA761346,ACCORD BIOPHARMA INC.,INJECTABLE,INJECTION,Prescription
HERNEXEOS,ZONGERTINIB,NDA219042,BOEHRINGER INGELHEIM,TABLET,ORAL,Prescription
HERPLEX,IDOXURIDINE,NDA013935,ALLERGAN,SOLUTION/DROPS,OPHTHALMIC,Discontinued
HERZUMA,TRASTUZUMAB-PKRB,BLA761091,CELLTRION INC,INJECTABLE,INJECTION,Prescription
HETLIOZ,TASIMELTEON,NDA205677,VANDA PHARMS INC,CAPSULE,ORAL,Prescription
HETLIOZ LQ,TASIMELTEON,NDA214517,VANDA PHARMS INC,SUSPENSION,ORAL,Prescription
HETRAZAN,DIETHYLCARBAMAZINE CITRATE,NDA006459,LEDERLE,TABLET,ORAL,Discontinued
HEXA-BETALIN,PYRIDOXINE HYDROCHLORIDE,ANDA080854,LILLY,INJECTABLE,INJECTION,Discontinued
HEXA-GERM,HEXACHLOROPHENE,NDA017411,HUNTINGTON LABS,EMULSION,TOPICAL,Discontinued
HEXABRIX,IOXAGLATE MEGLUMINE; IOXAGLATE SODIUM,NDA018905,GUERBET,INJECTABLE,INJECTION,Discontinued
HEXADROL,DEXAMETHASONE,NDA012674,ASPEN GLOBAL INC,ELIXIR,ORAL,Discontinued
HEXADROL,DEXAMETHASONE SODIUM PHOSPHATE,NDA014694,ASPEN GLOBAL INC,INJECTABLE,INJECTION,Discontinued
HEXALEN,ALTRETAMINE,NDA019926,EISAI INC,CAPSULE,ORAL,Discontinued
HEXASCRUB,HEXACHLOROPHENE,NDA018363,PROF DSPLS,SPONGE,TOPICAL,Discontinued
HI-COR,HYDROCORTISONE,ANDA080483,C AND M PHARMA,CREAM,TOPICAL,Discontinued
HIBICLENS,CHLORHEXIDINE GLUCONATE,NDA018423,MOLNLYCKE HLTH,SPONGE,TOPICAL,Discontinued
HIBISTAT,CHLORHEXIDINE GLUCONATE,NDA018300,MOLNLYCKE HLTH,SOLUTION,TOPICAL,Over-the-counter
HICON,SODIUM IODIDE I-131,NDA021305,JUBILANT,SOLUTION,ORAL,Prescription
HIPPURAN I 131,IODOHIPPURATE SODIUM I-131,NDA016666,MALLINCKRODT,INJECTABLE,INJECTION,Discontinued
HIPPUTOPE,IODOHIPPURATE SODIUM I-131,NDA015419,BRACCO,INJECTABLE,INJECTION,Discontinued
HIPREX,METHENAMINE HIPPURATE,NDA017681,ESJAY PHARMA,TABLET,ORAL,Prescription
HISERPIA,RESERPINE,NDA009631,BOWMAN PHARMS,TABLET,ORAL,Discontinued
HISPRIL,DIPHENYLPYRALINE HYDROCHLORIDE,NDA011945,GLAXOSMITHKLINE,"CAPSULE, EXTENDED RELEASE",ORAL,Discontinued
HISTAFED,PSEUDOEPHEDRINE HYDROCHLORIDE; TRIPROLIDINE HYDROCHLORIDE,ANDA088283,CENCI,SYRUP,ORAL,Discontinued
HISTALOG,BETAZOLE HYDROCHLORIDE,NDA009344,LILLY,INJECTABLE,INJECTION,Discontinued
HISTAMINE PHOSPHATE,HISTAMINE PHOSPHATE,NDA000734,LILLY,INJECTABLE,INJECTION,Discontinued
HIVID,ZALCITABINE,NDA020199,ROCHE,TABLET,ORAL,Discontinued
HIWOLFIA,RAUWOLFIA SERPENTINA ROOT,NDA009276,BOWMAN PHARMS,TABLET,ORAL,Discontinued
HMS,MEDRYSONE,NDA016624,ALLERGAN,SUSPENSION,OPHTHALMIC,Discontinued
HOMAPIN-10,HOMATROPINE METHYLBROMIDE,ANDA086308,MISSION PHARMA,TABLET,ORAL,Discontinued
HOMAPIN-5,HOMATROPINE METHYLBROMIDE,ANDA086309,MISSION PHARMA,TABLET,ORAL,Discontinued
HOMATROPINE METHYLBROMIDE AND HYDROCODONE BITARTRATE,HOMATROPINE METHYLBROMIDE; HYDROCODONE BITARTRATE,ANDA040295,ACTAVIS ELIZABETH,TABLET,ORAL,Discontinued
HORIZANT,GABAPENTIN ENACARBIL,NDA022399,AZURITY,"TABLET, EXTENDED RELEASE",ORAL,Prescription
HULIO,ADALIMUMAB-FKJP,BLA761154,MYLAN PHARMS INC,INJECTABLE,INJECTION,Prescription
HUMALOG,INSULIN LISPRO RECOMBINANT,BLA020563,LILLY,INJECTABLE,INJECTION,Prescription
HUMALOG KWIKPEN,INSULIN LISPRO RECOMBINANT,BLA020563,LILLY,INJECTABLE,INJECTION,Prescription
HUMALOG MIX 50/50,INSULIN LISPRO PROTAMINE RECOMBINANT; INSULIN LISPRO RECOMBINANT,BLA021018,LILLY,INJECTABLE,INJECTION,Prescription
HUMALOG MIX 50/50 KWIKPEN,INSULIN LISPRO PROTAMINE RECOMBINANT; INSULIN LISPRO RECOMBINANT,BLA021018,LILLY,INJECTABLE,INJECTION,Prescription
HUMALOG MIX 50/50 PEN,INSULIN LISPRO PROTAMINE RECOMBINANT; INSULIN LISPRO RECOMBINANT,BLA021018,LILLY,INJECTABLE,INJECTION,Discontinued
HUMALOG MIX 75/25,INSULIN LISPRO PROTAMINE RECOMBINANT; INSULIN LISPRO RECOMBINANT,BLA021017,LILLY,INJECTABLE,INJECTION,Prescription
HUMALOG MIX 75/25 KWIKPEN,INSULIN LISPRO PROTAMINE RECOMBINANT; INSULIN LISPRO RECOMBINANT,BLA021017,LILLY,INJECTABLE,INJECTION,Prescription
HUMALOG MIX 75/25 PEN,INSULIN LISPRO PROTAMINE RECOMBINANT; INSULIN LISPRO RECOMBINANT,BLA021017,LILLY,INJECTABLE,INJECTION,Discontinued
HUMALOG PEN,INSULIN LISPRO RECOMBINANT,BLA020563,LILLY,INJECTABLE,INJECTION,Discontinued
HUMALOG TEMPO PEN,INSULIN LISPRO RECOMBINANT,BLA020563,LILLY,INJECTABLE,INJECTION,Prescription
HUMATIN,PAROMOMYCIN SULFATE,ANDA062310,KING PFIZER,CAPSULE,ORAL,Discontinued
HUMATROPE,SOMATROPIN,BLA019640,LILLY,INJECTABLE,INJECTION,Discontinued
HUMEGON,LH); MENOTROPINS (FSH,BLA020328,ORGANON USA INC,INJECTABLE,INJECTION,Discontinued
HUMIRA,ADALIMUMAB,BLA125057,ABBVIE INC,VIAL,,Prescription
HUMORSOL,DEMECARIUM BROMIDE,NDA011860,MERCK,SOLUTION/DROPS,OPHTHALMIC,Discontinued
HUMULIN 70/30,INSULIN RECOMBINANT HUMAN; INSULIN SUSP ISOPHANE RECOMBINANT HUMAN,BLA019717,LILLY,INJECTABLE,INJECTION,Over-the-counter
HUMULIN 70/30 PEN,INSULIN RECOMBINANT HUMAN; INSULIN SUSP ISOPHANE RECOMBINANT HUMAN,BLA019717,LILLY,INJECTABLE,INJECTION,Over-the-counter
HUMULIN N,INSULIN SUSP ISOPHANE RECOMBINANT HUMAN,BLA018781,LILLY,INJECTABLE,INJECTION,Over-the-counter
HUMULIN R,INSULIN HUMAN,BLA018780,LILLY,SOLUTION,SUBCUTANEOUS,Prescription
HUMULIN R,INSULIN RECOMBINANT HUMAN,BLA018780,LILLY,INJECTABLE,INJECTION,Over-the-counter
HUMULIN R KWIKPEN,INSULIN HUMAN,BLA018780,LILLY,SOLUTION,SUBCUTANEOUS,Prescription
HUMULIN R PEN,INSULIN RECOMBINANT HUMAN,BLA018780,LILLY,INJECTABLE,INJECTION,Over-the-counter
"HY-PAM ""25""",HYDROXYZINE PAMOATE,ANDA088713,TEVA,CAPSULE,ORAL,Discontinued
HY-PHEN,ACETAMINOPHEN; HYDROCODONE BITARTRATE,ANDA087677,ASCHER,TABLET,ORAL,Discontinued
HYCAMTIN,TOPOTECAN HYDROCHLORIDE,NDA020671,SANDOZ,INJECTABLE,INJECTION,Prescription
HYCODAN,HOMATROPINE METHYLBROMIDE; HYDROCODONE BITARTRATE,NDA005213,GENUS,SYRUP,ORAL,Prescription
HYCOFENIX,GUAIFENESIN; HYDROCODONE BITARTRATE; PSEUDOEPHEDRINE HYDROCHLORIDE,NDA022279,CHARTWELL RX,SOLUTION,ORAL,Discontinued
HYDASE,HYALURONIDASE,BLA021716,AKORN INC,INJECTABLE,INJECTION,Discontinued
HYDELTRA-TBA,PREDNISOLONE TEBUTATE,NDA010562,MERCK,INJECTABLE,INJECTION,Discontinued
HYDELTRASOL,PREDNISOLONE SODIUM PHOSPHATE,NDA011028,MERCK,OINTMENT,"OPHTHALMIC, OTIC",Discontinued
HYDERGINE,ERGOLOID MESYLATES,NDA018418,NOVARTIS,SOLUTION,ORAL,Discontinued
HYDERGINE LC,ERGOLOID MESYLATES,NDA018706,NOVARTIS,CAPSULE,ORAL,Discontinued
HYDRA-ZIDE,HYDRALAZINE HYDROCHLORIDE; HYDROCHLOROTHIAZIDE,ANDA088957,STRIDES PHARMA INTL,CAPSULE,ORAL,Discontinued
HYDRALAZINE AND HYDROCHLOROTHIAZIDE,HYDRALAZINE HYDROCHLORIDE; HYDROCHLOROTHIAZIDE,ANDA085827,WATSON LABS,TABLET,ORAL,Discontinued
HYDRALAZINE HYDROCHLORIDE,HYDRALAZINE HYDROCHLORIDE,ANDA084437,IVAX SUB TEVA PHARMS,TABLET,ORAL,Discontinued
HYDRALAZINE HYDROCHLORIDE AND HYDROCHLOROTHIAZIDE,HYDRALAZINE HYDROCHLORIDE; HYDROCHLOROTHIAZIDE,ANDA089201,SUPERPHARM,CAPSULE,ORAL,Discontinued
HYDRALAZINE HYDROCHLORIDE W/ HYDROCHLOROTHIAZIDE 100/50,HYDRALAZINE HYDROCHLORIDE; HYDROCHLOROTHIAZIDE,ANDA088358,IVAX PHARMS,CAPSULE,ORAL,Discontinued
HYDRALAZINE HYDROCHLORIDE W/ HYDROCHLOROTHIAZIDE 25/25,HYDRALAZINE HYDROCHLORIDE; HYDROCHLOROTHIAZIDE,ANDA088356,IVAX PHARMS,CAPSULE,ORAL,Discontinued
HYDRALAZINE HYDROCHLORIDE W/ HYDROCHLOROTHIAZIDE 50/50,HYDRALAZINE HYDROCHLORIDE; HYDROCHLOROTHIAZIDE,ANDA088357,IVAX PHARMS,CAPSULE,ORAL,Discontinued
"HYDRALAZINE HYDROCHLORIDE, HYDROCHLOROTHIAZIDE AND RESERPINE",HYDRALAZINE HYDROCHLORIDE; HYDROCHLOROTHIAZIDE; RESERPINE,ANDA084291,IVAX SUB TEVA PHARMS,TABLET,ORAL,Discontinued
HYDRALAZINE HYDROCHLORIDE-HYDROCHLOROTHIAZIDE-RESERPINE,HYDRALAZINE HYDROCHLORIDE; HYDROCHLOROTHIAZIDE; RESERPINE,ANDA087085,MYLAN,TABLET,ORAL,Discontinued
"HYDRALAZINE, HYDROCHLOROTHIAZIDE W/ RESERPINE",HYDRALAZINE HYDROCHLORIDE; HYDROCHLOROTHIAZIDE; RESERPINE,ANDA085771,WATSON LABS,TABLET,ORAL,Discontinued
HYDRAMINE,DIPHENHYDRAMINE HYDROCHLORIDE,ANDA080763,ALPHARMA US PHARMS,ELIXIR,ORAL,Discontinued
HYDRAP-ES,HYDRALAZINE HYDROCHLORIDE; HYDROCHLOROTHIAZIDE; RESERPINE,ANDA084876,SANDOZ,TABLET,ORAL,Discontinued
HYDREA,HYDROXYUREA,NDA016295,WAYLIS THERAP,CAPSULE,ORAL,Prescription
HYDRO-D,HYDROCHLOROTHIAZIDE,ANDA083891,HALSEY,TABLET,ORAL,Discontinued
HYDRO-RESERP,HYDROCHLOROTHIAZIDE; RESERPINE,ANDA084714,ABC HOLDING,TABLET,ORAL,Discontinued
HYDRO-RIDE,AMILORIDE HYDROCHLORIDE; HYDROCHLOROTHIAZIDE,ANDA070347,PAR PHARM,TABLET,ORAL,Discontinued
HYDRO-RX,HYDROCORTISONE,ANDA085982,X GEN PHARMS,POWDER,FOR RX COMPOUNDING,Discontinued
"HYDRO-SERP ""25""",HYDROCHLOROTHIAZIDE; RESERPINE,ANDA084827,SANDOZ,TABLET,ORAL,Discontinued
"HYDRO-SERP ""50""",HYDROCHLOROTHIAZIDE; RESERPINE,ANDA085213,SANDOZ,TABLET,ORAL,Discontinued
HYDROCHLOROTHIAZIDE,HYDROCHLOROTHIAZIDE,ANDA077005,IVAX SUB TEVA PHARMS,CAPSULE,ORAL,Discontinued
HYDROCHLOROTHIAZIDE INTENSOL,HYDROCHLOROTHIAZIDE,ANDA088588,ROXANE,SOLUTION,ORAL,Discontinued
HYDROCHLOROTHIAZIDE W/ HYDRALAZINE,HYDRALAZINE HYDROCHLORIDE; HYDROCHLOROTHIAZIDE,ANDA085373,WATSON LABS,TABLET,ORAL,Discontinued
HYDROCHLOROTHIAZIDE W/ RESERPINE,HYDROCHLOROTHIAZIDE; RESERPINE,ANDA084603,ROXANE,TABLET,ORAL,Discontinued
HYDROCHLOROTHIAZIDE W/ RESERPINE AND HYDRALAZINE,HYDRALAZINE HYDROCHLORIDE; HYDROCHLOROTHIAZIDE; RESERPINE,ANDA083770,WATSON LABS,TABLET,ORAL,Discontinued
HYDROCHLOROTHIAZIDE; IRBESARTAN,HYDROCHLOROTHIAZIDE; IRBESARTAN,ANDA201616,CIPLA LIMITED,TABLET,ORAL,None (Tentative Approval)
HYDROCHLOROTHIAZIDE; VALSARTAN,HYDROCHLOROTHIAZIDE; VALSARTAN,ANDA205439,HUAREN PHARMACEUTICAL CO LTD,TABLET,ORAL,None (Tentative Approval)
HYDROCODONE,HYDROCODONE BITARTRATE; IBUPROFEN,ANDA077723,STRIDES PHARMA,TABLET,ORAL,Discontinued
HYDROCODONE BITARTRATE,HYDROCODONE BITARTRATE,ANDA206952,ACTAVIS LABS FL INC,"CAPSULE, EXTENDED RELEASE",ORAL,None (Tentative Approval)
HYDROCODONE BITARTRATE AND ACETAMINOPHEN,ACETAMINOPHEN; HYDROCODONE BITARTRATE,ANDA081068,MIKART,CAPSULE,ORAL,Discontinued
HYDROCODONE BITARTRATE AND ASPIRIN,ASPIRIN; HYDROCODONE BITARTRATE,ANDA205479,LGM PHARMA,TABLET,ORAL,Prescription
HYDROCODONE BITARTRATE AND CHLORPHENIRAMINE MALEATE,CHLORPHENIRAMINE MALEATE; HYDROCODONE BITARTRATE,ANDA206891,ACELLA,SOLUTION,ORAL,Discontinued
HYDROCODONE BITARTRATE AND HOMATROPINE METHYLBROMIDE,HOMATROPINE METHYLBROMIDE; HYDROCODONE BITARTRATE,ANDA205731,PADAGIS US,SYRUP,ORAL,Discontinued
HYDROCODONE BITARTRATE AND IBUPROFEN,HYDROCODONE BITARTRATE; IBUPROFEN,ANDA077723,STRIDES PHARMA,TABLET,ORAL,Discontinued
HYDROCODONE BITARTRATE AND PSEUDOEPHEDRINE HYDROCHLORIDE,HYDROCODONE BITARTRATE; PSEUDOEPHEDRINE HYDROCHLORIDE,ANDA204658,PADAGIS US,SOLUTION,ORAL,Discontinued
"HYDROCODONE BITARTRATE, CHLORPHENIRAMINE MALEATE AND PSEUDOEPHEDRINE HYDROCHLORIDE",CHLORPHENIRAMINE MALEATE; HYDROCODONE BITARTRATE; PSEUDOEPHEDRINE HYDROCHLORIDE,ANDA203838,TRIS PHARMA INC,SOLUTION,ORAL,Discontinued
HYDROCODONE POLISTIREX AND CHLORPHENIRAMINE POLISTIREX,CHLORPHENIRAMINE POLISTIREX; HYDROCODONE POLISTIREX,ANDA091632,TRIS PHARMA INC,"SUSPENSION, EXTENDED RELEASE",ORAL,Prescription
HYDROCODONE POLISTIREX AND CHLORPHENIRAMNE POLISTIREX,CHLORPHENIRAMINE POLISTIREX; HYDROCODONE POLISTIREX,ANDA091671,NEOS THERAPS INC,"SUSPENSION, EXTENDED RELEASE",ORAL,Discontinued
HYDROCORTISONE,HYDROCORTISONE,ANDA080489,ALTANA,OINTMENT,TOPICAL,Discontinued
HYDROCORTISONE ACETATE,HYDROCORTISONE ACETATE,ANDA086050,PUREPAC PHARM,CREAM,TOPICAL,Discontinued
HYDROCORTISONE ACETATE 1% AND PRAMOXINE HYDROCHLORIDE 1%,HYDROCORTISONE ACETATE; PRAMOXINE HYDROCHLORIDE,ANDA089440,GENUS,"AEROSOL, METERED",TOPICAL,Discontinued
HYDROCORTISONE AND ACETIC ACID,"ACETIC ACID, GLACIAL; HYDROCORTISONE",ANDA040609,COSETTE PHARMS NC,SOLUTION/DROPS,OTIC,Prescription
HYDROCORTISONE BUTYRATE,HYDROCORTISONE BUTYRATE,ANDA076842,TARO,OINTMENT,TOPICAL,Prescription
HYDROCORTISONE IN ABSORBASE,HYDROCORTISONE,ANDA088138,CMP PHARMA INC,OINTMENT,TOPICAL,Prescription
HYDROCORTISONE SODIUM PHOSPHATE,HYDROCORTISONE SODIUM PHOSPHATE,ANDA089581,QUAD PHARMS,Injectable,Injection,Discontinued
HYDROCORTISONE SODIUM SUCCINATE,HYDROCORTISONE SODIUM SUCCINATE,ANDA086619,BAXTER HLTHCARE,INJECTABLE,INJECTION,Discontinued
HYDROCORTISONE VALERATE,HYDROCORTISONE VALERATE,ANDA211129,GLENMARK PHARMS LTD,CREAM,TOPICAL,Discontinued
HYDROCORTONE,HYDROCORTISONE,NDA008506,MERCK,TABLET,ORAL,Discontinued
HYDROCORTONE,HYDROCORTISONE ACETATE,NDA009018,MERCK,OINTMENT,"OPHTHALMIC, OTIC",Discontinued
HYDROCORTONE,HYDROCORTISONE SODIUM PHOSPHATE,NDA012052,MERCK,INJECTABLE,INJECTION,Discontinued
HYDRODIURIL,HYDROCHLOROTHIAZIDE,NDA011835,MERCK,TABLET,ORAL,Discontinued
HYDROFLUMETHIAZIDE,HYDROFLUMETHIAZIDE,ANDA088031,WATSON LABS,TABLET,ORAL,Discontinued
HYDROFLUMETHIAZIDE AND RESERPINE,HYDROFLUMETHIAZIDE; RESERPINE,ANDA088110,WATSON LABS,TABLET,ORAL,Discontinued
HYDROGENATED ERGOT ALKALOIDS,ERGOLOID MESYLATES,ANDA087185,IVAX PHARMS,TABLET,SUBLINGUAL,Discontinued
HYDROMORPHONE HYDROCHLORIDE,HYDROMORPHONE HYDROCHLORIDE,ANDA207108,GENUS,SOLUTION,ORAL,Discontinued
HYDROMOX,QUINETHAZONE,NDA013264,LEDERLE,TABLET,ORAL,Discontinued
HYDROMOX R,QUINETHAZONE; RESERPINE,NDA013927,LEDERLE,TABLET,ORAL,Discontinued
HYDROPANE,HOMATROPINE METHYLBROMIDE; HYDROCODONE BITARTRATE,ANDA088066,HALSEY,SYRUP,ORAL,Discontinued
HYDROPRES 25,HYDROCHLOROTHIAZIDE; RESERPINE,NDA011958,MERCK,TABLET,ORAL,Discontinued
HYDROPRES 50,HYDROCHLOROTHIAZIDE; RESERPINE,NDA011958,MERCK,TABLET,ORAL,Discontinued
HYDROSERPINE PLUS (R-H-H),HYDRALAZINE HYDROCHLORIDE; HYDROCHLOROTHIAZIDE; RESERPINE,ANDA083877,IVAX SUB TEVA PHARMS,TABLET,ORAL,Discontinued
HYDROXOCOBALAMIN,HYDROXOCOBALAMIN,ANDA084921,ABRAXIS PHARM,INJECTABLE,INJECTION,Discontinued
HYDROXOMIN,HYDROXOCOBALAMIN,ANDA084629,BEL MAR,INJECTABLE,INJECTION,Discontinued
HYDROXYCHLOROQUINE SULFATE,HYDROXYCHLOROQUINE SULFATE,ANDA210441,APPCO,TABLET,ORAL,Prescription
HYDROXYPROGESTERONE CAPROATE,HYDROXYPROGESTERONE CAPROATE,NDA018004,EPIC PHARMA LLC,INJECTABLE,INJECTION,Discontinued
HYDROXYSTILBAMIDINE ISETHIONATE,HYDROXYSTILBAMIDINE ISETHIONATE,NDA009166,SANOFI AVENTIS US,INJECTABLE,INJECTION,Discontinued
HYDROXYUREA,HYDROXYUREA,ANDA075143,BARR,CAPSULE,ORAL,Discontinued
HYDROXYZINE,HYDROXYZINE HYDROCHLORIDE,ANDA085551,BAXTER HLTHCARE,INJECTABLE,INJECTION,Discontinued
HYDROXYZINE HYDROCHLORIDE,HYDROXYZINE HYDROCHLORIDE,ANDA081149,WATSON LABS,TABLET,ORAL,Discontinued
HYDROXYZINE PAMOATE,HYDROXYZINE PAMOATE,ANDA086695,WATSON LABS,CAPSULE,ORAL,Discontinued
HYFTOR,SIROLIMUS,NDA213478,NOBELPHARMA,GEL,TOPICAL,Prescription
HYGROTON,CHLORTHALIDONE,NDA012283,SANOFI AVENTIS US,TABLET,ORAL,Discontinued
HYLENEX RECOMBINANT,HYALURONIDASE RECOMBINANT HUMAN,BLA021859,HALOZYME THERAP,INJECTABLE,INJECTION,Prescription
HYLOREL,GUANADREL SULFATE,NDA018104,PHARMACIA AND UPJOHN,TABLET,ORAL,Discontinued
HYMPAVZI,MARSTACIMAB-HNCQ,BLA761369,PFIZER INC,INJECTABLE,SUBCUTANEOUS,Prescription
HYPAQUE,DIATRIZOATE MEGLUMINE,NDA016403,GE HEALTHCARE,INJECTABLE,INJECTION,Discontinued
HYPAQUE,DIATRIZOATE SODIUM,NDA009561,GE HEALTHCARE,INJECTABLE,INJECTION,Discontinued
HYPAQUE SODIUM 20%,DIATRIZOATE SODIUM,NDA009561,GE HEALTHCARE,SOLUTION,URETERAL,Discontinued
HYPAQUE-76,DIATRIZOATE MEGLUMINE; DIATRIZOATE SODIUM,ANDA086505,GE HEALTHCARE,INJECTABLE,INJECTION,Discontinued
HYPAQUE-CYSTO,DIATRIZOATE MEGLUMINE,NDA016403,GE HEALTHCARE,SOLUTION,URETHRAL,Discontinued
"HYPAQUE-M,75%",DIATRIZOATE MEGLUMINE; DIATRIZOATE SODIUM,NDA010220,GE HEALTHCARE,INJECTABLE,INJECTION,Discontinued
"HYPAQUE-M,90%",DIATRIZOATE MEGLUMINE; DIATRIZOATE SODIUM,NDA010220,GE HEALTHCARE,INJECTABLE,INJECTION,Discontinued
HYPERSTAT,DIAZOXIDE,NDA016996,SCHERING,INJECTABLE,INJECTION,Discontinued
HYPROTIGEN 5%,PROTEIN HYDROLYSATE,NDA006170,B BRAUN,INJECTABLE,INJECTION,Discontinued
HYRIMOZ,ADALIMUMAB-ADAZ,BLA761071,SANDOZ INC,INJECTABLE,INJECTION,Prescription
HYRNUO,SEVABERTINIB,NDA219972,BAYER HEALTHCARE,TABLET,ORAL,Prescription
HYSERPIN,RAUWOLFIA SERPENTINA ROOT,NDA010581,PHYS PRODS VA,TABLET,ORAL,Discontinued
HYTONE,HYDROCORTISONE,ANDA080472,VALEANT INTL,CREAM,TOPICAL,Discontinued
HYTRIN,TERAZOSIN HYDROCHLORIDE,NDA020347,ABBOTT,CAPSULE,ORAL,Discontinued
HYZAAR,HYDROCHLOROTHIAZIDE; LOSARTAN POTASSIUM,NDA020387,ORGANON,TABLET,ORAL,Prescription
HYZYD,ISONIAZID,ANDA080134,MEDPOINTE PHARM HLC,TABLET,ORAL,Discontinued
IBANDRONATE SODIUM,IBANDRONATE SODIUM,ANDA078948,APOTEX INC,TABLET,ORAL,Prescription
IBRANCE,PALBOCICLIB,NDA207103,PFIZER,CAPSULE,ORAL,Prescription
IBRUTINIB,IBRUTINIB,ANDA212763,ALVOGEN PINE BROOK,TABLET,ORAL,None (Tentative Approval)
IBSRELA,TENAPANOR HYDROCHLORIDE,NDA211801,ARDELYX INC,TABLET,ORAL,Prescription
IBTROZI,TALETRECTINIB ADIPATE,NDA219713,NUVATION,CAPSULE,ORAL,Prescription
IBU,IBUPROFEN,NDA019784,ABBOTT,SUSPENSION,ORAL,Discontinued
IBU-TAB,IBUPROFEN,ANDA071058,ALRA,TABLET,ORAL,Discontinued
IBU-TAB 200,IBUPROFEN,ANDA071057,ALRA,TABLET,ORAL,Discontinued
IBUPRIN,IBUPROFEN,ANDA071773,PLIVA,TABLET,ORAL,Discontinued
IBUPROFEN,IBUPROFEN,ANDA078132,NORTHSTAR HLTHCARE,TABLET,ORAL,Discontinued
IBUPROFEN AND DIPHENHYDRAMINE CITRATE,DIPHENHYDRAMINE CITRATE; IBUPROFEN,ANDA079113,PERRIGO R AND D,TABLET,ORAL,Over-the-counter
IBUPROFEN AND DIPHENHYDRAMINE HYDROCHLORIDE,DIPHENHYDRAMINE HYDROCHLORIDE; IBUPROFEN,ANDA210676,AUROBINDO PHARMA LTD,CAPSULE,ORAL,Over-the-counter
IBUPROFEN AND FAMOTIDINE,FAMOTIDINE; IBUPROFEN,ANDA215925,TORRENT,TABLET,ORAL,Discontinued
IBUPROFEN AND PHENYLEPHRINE HYDROCHLORIDE,IBUPROFEN; PHENYLEPHRINE HYDROCHLORIDE,ANDA203200,PERRIGO R AND D,TABLET,ORAL,Over-the-counter
IBUPROFEN AND PSEUDOEPHEDRINE HYDROCHLORIDE,IBUPROFEN; PSEUDOEPHEDRINE HYDROCHLORIDE,ANDA209235,AUROBINDO PHARMA,CAPSULE,ORAL,Over-the-counter
IBUPROFEN LYSINE,IBUPROFEN LYSINE,ANDA202402,XGEN PHARMS,INJECTABLE,INTRAVENOUS,Prescription
IBUPROFEN SODIUM,IBUPROFEN SODIUM,ANDA206581,PERRIGO R AND D,TABLET,ORAL,Discontinued
IBUPROHM,IBUPROFEN,ANDA071214,OHM LABS,TABLET,ORAL,Discontinued
IBUPROHM COLD AND SINUS,IBUPROFEN; PSEUDOEPHEDRINE HYDROCHLORIDE,ANDA074567,OHM LABS,TABLET,ORAL,Discontinued
IBUTILIDE FUMARATE,IBUTILIDE FUMARATE,ANDA090643,PHARMOBEDIENT,INJECTABLE,INJECTION,Prescription
IC-GREEN,INDOCYANINE GREEN,NDA011525,RENEW PHARMS,INJECTABLE,INJECTION,Prescription
ICATIBANT ACETATE,ICATIBANT ACETATE,ANDA213521,EUGIA PHARMA,INJECTABLE,SUBCUTANEOUS,Prescription
ICLEVIA,ETHINYL ESTRADIOL; LEVONORGESTREL,ANDA206850,AUROBINDO PHARMA LTD,TABLET,ORAL,Prescription
ICLUSIG,PONATINIB HYDROCHLORIDE,NDA203469,TAKEDA PHARMS USA,TABLET,ORAL,Prescription
ICOSAPENT ETHYL,ICOSAPENT ETHYL,ANDA209499,DR REDDYS,CAPSULE,ORAL,Prescription
ICOTYDE,ICOTROKINRA HYDROCHLORIDE,NDA220149,JANSSEN BIOTECH,TABLET,ORAL,Prescription
IDACIO,ADALIMUMAB-AACF,BLA761255,FRESENIUS KABI USA,INJECTABLE,SUBCUTANEOUS,Prescription
IDAMYCIN,IDARUBICIN HYDROCHLORIDE,NDA050661,PFIZER,POWDER,INTRAVENOUS,Discontinued
IDAMYCIN PFS,IDARUBICIN HYDROCHLORIDE,NDA050734,PFIZER,SOLUTION,INTRAVENOUS,Prescription
IDARUBICIN HYDROCHLORIDE,IDARUBICIN HYDROCHLORIDE,ANDA200144,RISING,SOLUTION,INTRAVENOUS,Discontinued
IDELALISIB,IDELALISIB,ANDA216921,NATCO,TABLET,ORAL,Prescription
IDHIFA,ENASIDENIB MESYLATE,NDA209606,BRISTOL MYERS SQUIBB,TABLET,ORAL,Prescription
IDKIT:HP,CITRIC ACID; UREA C-13,NDA021314,MERIDIAN BIOSCIENCE,"FOR SOLUTION, TABLET, FOR SOLUTION",ORAL,Prescription
IDOSE TR,TRAVOPROST,NDA218010,GLAUKOS,IMPLANT,INTRACAMERAL,Prescription
IDVYNSO,DORAVIRINE; ISLATRAVIR,NDA216964,MSD,TABLET,ORAL,Prescription
IFEX,IFOSFAMIDE,NDA019763,BAXTER HLTHCARE,INJECTABLE,INJECTION,Prescription
IFEX/MESNEX KIT,IFOSFAMIDE; MESNA,NDA019763,BAXTER HLTHCARE,INJECTABLE,INJECTION,Discontinued
IFOSFAMIDE,IFOSFAMIDE,ANDA076619,HIKMA,INJECTABLE,INJECTION,Prescription
IFOSFAMIDE/MESNA KIT,IFOSFAMIDE; MESNA,ANDA075874,TEVA PHARMS USA,INJECTABLE,INTRAVENOUS,Discontinued
IGALMI,DEXMEDETOMIDINE HYDROCHLORIDE,NDA215390,BIOXCEL,FILM,"BUCCAL, SUBLINGUAL",Prescription
IHEEZO,CHLOROPROCAINE HYDROCHLORIDE,NDA216227,HARROW EYE,GEL,OPHTHALMIC,Prescription
ILARIS,CANAKINUMAB,BLA125319,NOVARTIS PHARMS,INJECTABLE,SUBCUTANEOUS,Prescription
ILEVRO,NEPAFENAC,NDA203491,HARROW EYE,SUSPENSION/DROPS,OPHTHALMIC,Prescription
ILLUCCIX,GALLIUM GA-68 GOZETOTIDE,NDA214032,TELIX,POWDER,INTRAVENOUS,Prescription
ILOPERIDONE,ILOPERIDONE,ANDA207409,ALEMBIC PHARMS LTD,TABLET,ORAL,None (Tentative Approval)
ILOPROST,ILOPROST,ANDA214997,REGCON HOLDINGS,SOLUTION,INHALATION,Prescription
ILOSONE,ERYTHROMYCIN ESTOLATE,ANDA061893,DISTA,FOR SUSPENSION,ORAL,Discontinued
ILOSONE SULFA,ERYTHROMYCIN ESTOLATE; SULFISOXAZOLE ACETYL,NDA050599,LILLY,SUSPENSION,ORAL,Discontinued
ILOTYCIN,ERYTHROMYCIN,NDA050368,DISTA,OINTMENT,OPHTHALMIC,Discontinued
ILOTYCIN GLUCEPTATE,ERYTHROMYCIN GLUCEPTATE,NDA050370,DISTA,INJECTABLE,INJECTION,Discontinued
ILUMYA,TILDRAKIZUMAB-ASMN,BLA761067,SUN PHARMA GLOBAL,INJECTABLE,INJECTION,Prescription
ILUVIEN,FLUOCINOLONE ACETONIDE,NDA201923,ALIMERA SCIENCES INC,IMPLANT,INTRAVITREAL,Prescription
IMAAVY,NIPOCALIMAB-AAHU,BLA761430,JANSSEN BIOTECH,INJECTABLE,INJECTION,Prescription
IMAGENT,DIMYRISTOYL LECITHIN; PERFLEXANE,NDA021191,VESSELON SPV LLC,INJECTABLE,INTRAVENOUS,Discontinued
IMAGENT,PERFLUBRON,NDA020091,ALLIANCE PHARM,LIQUID,ORAL,Discontinued
IMATINIB MESYLATE,IMATINIB MESYLATE,ANDA206547,DR REDDYS,TABLET,ORAL,Prescription
IMBRUVICA,IBRUTINIB,NDA217003,PHARMACYCLICS LLC,SUSPENSION,ORAL,Prescription
IMCIVREE,SETMELANOTIDE ACETATE,NDA213793,RHYTHM,SOLUTION,SUBCUTANEOUS,Prescription
IMDELLTRA,TARLATAMAB-DLLE,BLA761344,AMGEN INC,INJECTABLE,INJECTION,Prescription
IMDUR,ISOSORBIDE MONONITRATE,NDA020225,SCHERING PLOUGH,"TABLET, EXTENDED RELEASE",ORAL,Discontinued
IMFINZI,DURVALUMAB,BLA761069,ASTRAZENECA UK LTD,INJECTABLE,INJECTION,Prescription
IMIPENEM AND CILASTATIN,CILASTATIN SODIUM; IMIPENEM,ANDA091007,HOSPIRA INC,POWDER,INTRAVENOUS,Discontinued
IMIPRAMINE HYDROCHLORIDE,IMIPRAMINE HYDROCHLORIDE,ANDA085133,SANDOZ,TABLET,ORAL,Discontinued
IMIPRAMINE PAMOATE,IMIPRAMINE PAMOATE,ANDA090444,LUPIN LTD,CAPSULE,ORAL,Prescription
IMIQUIMOD,IMIQUIMOD,ANDA201994,GLENMARK PHARMS,CREAM,TOPICAL,Prescription
IMITREX,SUMATRIPTAN,NDA020626,GLAXOSMITHKLINE,SPRAY,NASAL,Discontinued
IMITREX,SUMATRIPTAN SUCCINATE,NDA020080,GLAXOSMITHKLINE,INJECTABLE,SUBCUTANEOUS,Discontinued
IMITREX STATDOSE,SUMATRIPTAN SUCCINATE,NDA020080,GLAXOSMITHKLINE,INJECTABLE,SUBCUTANEOUS,Prescription
IMJUDO,TREMELIMUMAB-ACTL,BLA761289,ASTRAZENECA AB,INJECTABLE,INTRAVENOUS,Prescription
IMKELDI,IMATINIB MESYLATE,NDA219097,SHORLA ONCOLOGY,SOLUTION,ORAL,Prescription
IMMGOLIS,GOLIMUMAB-SLDI,BLA761452,ACCORD BIOPHARMA INC.,INJECTION,SOLUTION,Prescription
IMMGOLIS INTRI,GOLIMUMAB-SLDI,BLA761452,ACCORD BIOPHARMA INC.,INJECTION,SOLUTION,Prescription
IMMPHENTIV,PHENYLEPHRINE HYDROCHLORIDE,NDA203826,HIKMA,SOLUTION,INTRAVENOUS,Prescription
IMODIUM,LOPERAMIDE HYDROCHLORIDE,NDA017694,J AND J CONSUMER INC,CAPSULE,ORAL,Discontinued
IMODIUM A-D,LOPERAMIDE HYDROCHLORIDE,NDA019487,KENVUE BRANDS,SOLUTION,ORAL,Discontinued
IMODIUM A-D EZ CHEWS,LOPERAMIDE HYDROCHLORIDE,NDA020448,J AND J CONSUMER INC,"TABLET, CHEWABLE",ORAL,Discontinued
IMODIUM MULTI-SYMPTOM RELIEF,LOPERAMIDE HYDROCHLORIDE; SIMETHICONE,NDA020606,J AND J CONSUMER INC,"TABLET, CHEWABLE",ORAL,Discontinued
IMPAVIDO,MILTEFOSINE,NDA204684,KNIGHT THERAPS,CAPSULE,ORAL,Prescription
IMPEKLO,CLOBETASOL PROPIONATE,NDA213691,PHARMOBEDIENT,LOTION,TOPICAL,Discontinued
IMPLANON,ETONOGESTREL,NDA021529,ORGANON,IMPLANT,IMPLANTATION,Discontinued
IMPOYZ,CLOBETASOL PROPIONATE,NDA209483,PRIMUS PHARMS,CREAM,TOPICAL,Prescription
IMULDOSA,USTEKINUMAB-SRLF,BLA761364,ACCORD BIOPHARMA INC.,INJECTABLE,INTRAVENOUS,Prescription
IMURAN,AZATHIOPRINE,NDA016324,LEGACY,TABLET,ORAL,Discontinued
IMURAN,AZATHIOPRINE SODIUM,NDA017391,CASPER PHARMA LLC,INJECTABLE,INJECTION,Discontinued
IMVEXXY,ESTRADIOL,NDA208564,MAYNE PHARMA,INSERT,VAGINAL,Prescription
INAPSINE,DROPERIDOL,NDA016796,RISING,INJECTABLE,INJECTION,Discontinued
INBRIJA,LEVODOPA,NDA209184,MERZ,POWDER,INHALATION,Prescription
INCASSIA,NORETHINDRONE,ANDA207304,AUROBINDO PHARMA,TABLET,ORAL-28,Prescription
INCIVEK,TELAPREVIR,NDA201917,VERTEX PHARMS,TABLET,ORAL,Discontinued
INCRELEX,MECASERMIN RECOMBINANT,BLA021839,IPSEN INC,INJECTABLE,SUBCUTANEOUS,Prescription
INCRUSE ELLIPTA,UMECLIDINIUM BROMIDE,NDA205382,GLAXO GRP ENGLAND,POWDER,INHALATION,Prescription
INDAPAMIDE,INDAPAMIDE,ANDA074585,WATSON LABS,TABLET,ORAL,Discontinued
INDERAL,PROPRANOLOL HYDROCHLORIDE,NDA019536,WYETH AYERST,SUSPENSION,ORAL,Discontinued
INDERAL LA,PROPRANOLOL HYDROCHLORIDE,NDA018553,ANI PHARMS,"CAPSULE, EXTENDED RELEASE",ORAL,Prescription
INDERIDE LA 120/50,HYDROCHLOROTHIAZIDE; PROPRANOLOL HYDROCHLORIDE,NDA019059,WYETH AYERST,"CAPSULE, EXTENDED RELEASE",ORAL,Discontinued
INDERIDE LA 160/50,HYDROCHLOROTHIAZIDE; PROPRANOLOL HYDROCHLORIDE,NDA019059,WYETH AYERST,"CAPSULE, EXTENDED RELEASE",ORAL,Discontinued
INDERIDE LA 80/50,HYDROCHLOROTHIAZIDE; PROPRANOLOL HYDROCHLORIDE,NDA019059,WYETH AYERST,"CAPSULE, EXTENDED RELEASE",ORAL,Discontinued
INDERIDE-40/25,HYDROCHLOROTHIAZIDE; PROPRANOLOL HYDROCHLORIDE,NDA018031,WYETH PHARMS INC,TABLET,ORAL,Discontinued
INDERIDE-80/25,HYDROCHLOROTHIAZIDE; PROPRANOLOL HYDROCHLORIDE,NDA018031,WYETH PHARMS INC,TABLET,ORAL,Discontinued
INDICLOR,INDIUM IN-111 CHLORIDE,NDA019862,GE HEALTHCARE,INJECTABLE,INJECTION,Discontinued
INDIUM IN 111 CHLORIDE,INDIUM IN-111 CHLORIDE,NDA019841,CURIUM,INJECTABLE,INJECTION,Discontinued
INDIUM IN 111 OXYQUINOLINE,INDIUM IN-111 OXYQUINOLINE,NDA019044,GE HEALTHCARE,INJECTABLE,INJECTION,Prescription
INDIUM IN-111 PENTETREOTIDE KIT,INDIUM IN-111 PENTETREOTIDE KIT,ANDA212785,SUN PHARM INDS INC,INJECTABLE,INJECTION,Discontinued
INDO-LEMMON,INDOMETHACIN,ANDA070266,TEVA,CAPSULE,ORAL,Discontinued
INDOCIN,INDOMETHACIN,NDA018332,COSETTE,SUSPENSION,ORAL,Prescription
INDOCIN,INDOMETHACIN SODIUM,NDA018878,RECORDATI RARE,INJECTABLE,INJECTION,Discontinued
INDOCIN SR,INDOMETHACIN,NDA018185,ZYLA,"CAPSULE, EXTENDED RELEASE",ORAL,Discontinued
INDOCYANINE GREEN,INDOCYANINE GREEN,ANDA219139,ZYDUS LIFESCIENCES,INJECTABLE,INJECTION,Prescription
INDOMETHACIN,INDOMETHACIN,ANDA076666,ABLE,CAPSULE,ORAL,Discontinued
INDOMETHACIN SODIUM,INDOMETHACIN SODIUM,ANDA204118,HOSPIRA,INJECTABLE,INJECTION,Discontinued
INFANT'S ADVIL,IBUPROFEN,NDA020812,HALEON US HOLDINGS,SUSPENSION/DROPS,ORAL,Over-the-counter
INFANTS' FEVERALL,ACETAMINOPHEN,NDA018337,TARO,SUPPOSITORY,RECTAL,Over-the-counter
INFASURF PRESERVATIVE FREE,CALFACTANT,BLA020521,ONY,SUSPENSION,INTRATRACHEAL,Prescription
INFED,IRON DEXTRAN,NDA017441,ALLERGAN,INJECTABLE,INJECTION,Prescription
INFLAMASE FORTE,PREDNISOLONE SODIUM PHOSPHATE,ANDA080751,NOVARTIS,SOLUTION/DROPS,OPHTHALMIC,Discontinued
INFLAMASE MILD,PREDNISOLONE SODIUM PHOSPHATE,ANDA080751,NOVARTIS,SOLUTION/DROPS,OPHTHALMIC,Discontinued
INFLECTRA,INFLIXIMAB-DYYB,BLA125544,CELLTRION INC,INJECTABLE,INJECTION,Prescription
INFUGEM,GEMCITABINE HYDROCHLORIDE,NDA208313,SUN PHARM,SOLUTION,INTRAVENOUS,Discontinued
INFUMORPH,MORPHINE SULFATE,NDA018565,HIKMA,INJECTABLE,INJECTION,Prescription
INFUVITE ADULT,ALPHA-TOCOPHEROL ACETATE; ASCORBIC ACID; BIOTIN; CHOLECALCIFEROL; CYANOCOBALAMIN; DEXPANTHENOL; FOLIC ACID; NIACINAMIDE; PYRIDOXINE HYDROCHLORIDE; RIBOFLAVIN 5'-PHOSPHATE SODIUM; THIAMINE HYDROCHLORIDE; VITAMIN A PALMITATE; VITAMIN K,NDA021163,SANDOZ CANADA INC,SOLUTION,INTRAVENOUS,Prescription
INFUVITE PEDIATRIC,ASCORBIC ACID; BIOTIN; CHOLECALCIFEROL; CYANOCOBALAMIN; DEXPANTHENOL; FOLIC ACID; NIACINAMIDE; PYRIDOXINE; RIBOFLAVIN; THIAMINE; TOCOPHEROL ACETATE; VITAMIN A; VITAMIN K,NDA021265,SANDOZ CANADA INC,INJECTABLE,INTRAVENOUS,Prescription
INFUVITE PEDIATRIC (PHARMACY BULK PACKAGE),ASCORBIC ACID; BIOTIN; CHOLECALCIFEROL; CYANOCOBALAMIN; DEXPANTHENOL; FOLIC ACID; NIACINAMIDE; PYRIDOXINE; RIBOFLAVIN; THIAMINE; TOCOPHEROL ACETATE; VITAMIN A; VITAMIN K,NDA021265,SANDOZ CANADA INC,INJECTABLE,INTRAVENOUS,Prescription
INGENOL MEBUTATE,INGENOL MEBUTATE,ANDA209019,PADAGIS ISRAEL,GEL,TOPICAL,Discontinued
INGREZZA,VALBENAZINE TOSYLATE,NDA209241,NEUROCRINE,CAPSULE,ORAL,Prescription
INGREZZA SPRINKLE,VALBENAZINE TOSYLATE,NDA218390,NEUROCRINE,CAPSULE,ORAL,Prescription
INH,ISONIAZID,ANDA080935,NOVARTIS,TABLET,ORAL,Discontinued
INJECTAFER,FERRIC CARBOXYMALTOSE,NDA203565,AM REGENT,SOLUTION,INTRAVENOUS,Prescription
INJECTAPAP,ACETAMINOPHEN,NDA017785,ORTHO MCNEIL PHARM,INJECTABLE,INJECTION,Discontinued
INLEXZO,GEMCITABINE HYDROCHLORIDE,NDA219683,JANSSEN BIOTECH,SYSTEM,INTRAVESICAL,Prescription
INLURIYO,IMLUNESTRANT TOSYLATE,NDA218881,ELI LILLY AND CO,TABLET,ORAL,Prescription
INLYTA,AXITINIB,NDA202324,PF PRISM CV,TABLET,ORAL,Prescription
INMAZEB,ATOLTIVIMAB; MAFTIVIMAB; ODESIVIMAB,BLA761169,REGENERON PHARMACEUTICALS,SOLUTION,INJECTION,Prescription
INNOFEM,ESTRADIOL,ANDA040312,NOVO NORDISK INC,TABLET,ORAL,Discontinued
INNOHEP,TINZAPARIN SODIUM,NDA020484,LEO PHARMA AS,INJECTABLE,INJECTION,Discontinued
INNOPRAN XL,PROPRANOLOL HYDROCHLORIDE,NDA021438,ANI PHARMS,"CAPSULE, EXTENDED RELEASE",ORAL,Prescription
INNOVAR,DROPERIDOL; FENTANYL CITRATE,NDA016049,EPIC PHARMA LLC,INJECTABLE,INJECTION,Discontinued
INOCOR,INAMRINONE LACTATE,NDA018700,SANOFI AVENTIS US,INJECTABLE,INJECTION,Discontinued
INOMAX,NITRIC OXIDE,NDA020845,MALLINCKRODT IRELAND,GAS,INHALATION,Prescription
INPEFA,SOTAGLIFLOZIN,NDA216203,LEXICON PHARMS INC,TABLET,ORAL,Prescription
INPERSOL-LC/LM W/ DEXTROSE 1.5% IN PLASTIC CONTAINER,CALCIUM CHLORIDE; DEXTROSE; MAGNESIUM CHLORIDE; SODIUM CHLORIDE; SODIUM LACTATE,ANDA020374,FRESENIUS,SOLUTION,INTRAPERITONEAL,Discontinued
INPERSOL-LC/LM W/ DEXTROSE 2.5% IN PLASTIC CONTAINER,CALCIUM CHLORIDE; DEXTROSE; MAGNESIUM CHLORIDE; SODIUM CHLORIDE; SODIUM LACTATE,ANDA020374,FRESENIUS,SOLUTION,INTRAPERITONEAL,Discontinued
INPERSOL-LC/LM W/ DEXTROSE 3.5% IN PLASTIC CONTAINER,CALCIUM CHLORIDE; DEXTROSE; MAGNESIUM CHLORIDE; SODIUM CHLORIDE; SODIUM LACTATE,ANDA020374,FRESENIUS,SOLUTION,INTRAPERITONEAL,Discontinued
INPERSOL-LC/LM W/ DEXTROSE 4.25% IN PLASTIC CONTAINER,CALCIUM CHLORIDE; DEXTROSE; MAGNESIUM CHLORIDE; SODIUM CHLORIDE; SODIUM LACTATE,ANDA020374,FRESENIUS,SOLUTION,INTRAPERITONEAL,Discontinued
INPERSOL-ZM W/ DEXTROSE 1.5% IN PLASTIC CONTAINER,CALCIUM CHLORIDE; DEXTROSE; SODIUM CHLORIDE; SODIUM LACTATE,NDA019395,FRESENIUS MEDCL,SOLUTION,INTRAPERITONEAL,Discontinued
INPERSOL-ZM W/ DEXTROSE 2.5% IN PLASTIC CONTAINER,CALCIUM CHLORIDE; DEXTROSE; SODIUM CHLORIDE; SODIUM LACTATE,NDA019395,FRESENIUS MEDCL,SOLUTION,INTRAPERITONEAL,Discontinued
INPERSOL-ZM W/ DEXTROSE 4.25% IN PLASTIC CONTAINER,CALCIUM CHLORIDE; DEXTROSE; SODIUM CHLORIDE; SODIUM LACTATE,NDA019395,FRESENIUS MEDCL,SOLUTION,INTRAPERITONEAL,Discontinued
INQOVI,CEDAZURIDINE; DECITABINE,NDA212576,TAIHO ONCOLOGY,TABLET,ORAL,Prescription
INREBIC,FEDRATINIB HYDROCHLORIDE,NDA212327,BRISTOL-MYERS,CAPSULE,ORAL,Prescription
INSPRA,EPLERENONE,NDA021437,UPJOHN,TABLET,ORAL,Discontinued
INTAL,CROMOLYN SODIUM,NDA018596,KING PHARMS LLC,SOLUTION,INHALATION,Discontinued
INTEGRILIN,EPTIFIBATIDE,NDA020718,MSD SUB MERCK,INJECTABLE,INJECTION,Discontinued
INTELENCE,ETRAVIRINE,NDA022187,JANSSEN R AND D,TABLET,ORAL,Prescription
INTERMEZZO,ZOLPIDEM TARTRATE,NDA022328,PURDUE PHARMA,TABLET,SUBLINGUAL,Discontinued
INTRALIPID 10%,SOYBEAN OIL,NDA017643,FRESENIUS,INJECTABLE,INJECTION,Discontinued
INTRALIPID 20%,SOYBEAN OIL,NDA020248,FRESENIUS,INJECTABLE,INJECTION,Prescription
INTRALIPID 30%,SOYBEAN OIL,NDA019942,FRESENIUS,INJECTABLE,INJECTION,Prescription
INTRAROSA,PRASTERONE,NDA208470,MILLICENT,INSERT,VAGINAL,Prescription
INTRON A,INTERFERON ALFA-2B,BLA103132,SCHERING,VIAL,,Prescription
INTROPIN,DOPAMINE HYDROCHLORIDE,NDA017395,HOSPIRA,INJECTABLE,INJECTION,Discontinued
INTROVALE,ETHINYL ESTRADIOL; LEVONORGESTREL,ANDA079064,XIROMED,TABLET,ORAL,Prescription
INTUNIV,GUANFACINE HYDROCHLORIDE,NDA022037,TAKEDA PHARMS USA,"TABLET, EXTENDED RELEASE",ORAL,Prescription
INULIN AND SODIUM CHLORIDE,INULIN,NDA002282,ISO TEX,INJECTABLE,INJECTION,Discontinued
INVAGESIC,ASPIRIN; CAFFEINE; ORPHENADRINE CITRATE,ANDA074817,CHARTWELL RX,TABLET,ORAL,Discontinued
INVAGESIC FORTE,ASPIRIN; CAFFEINE; ORPHENADRINE CITRATE,ANDA074817,CHARTWELL RX,TABLET,ORAL,Discontinued
INVANZ,ERTAPENEM SODIUM,NDA021337,MSD SUB MERCK,INJECTABLE,"INTRAMUSCULAR, INTRAVENOUS",Prescription
INVEGA,PALIPERIDONE,NDA022043,JANSSEN LP,"TABLET, EXTENDED RELEASE",ORAL,Prescription
INVEGA HAFYERA,PALIPERIDONE PALMITATE,NDA207946,JANSSEN PHARMS,"SUSPENSION, EXTENDED RELEASE",INTRAMUSCULAR,Prescription
INVEGA SUSTENNA,PALIPERIDONE PALMITATE,NDA022264,JANSSEN PHARMS,"SUSPENSION, EXTENDED RELEASE",INTRAMUSCULAR,Prescription
INVEGA TRINZA,PALIPERIDONE PALMITATE,NDA207946,JANSSEN PHARMS,"SUSPENSION, EXTENDED RELEASE",INTRAMUSCULAR,Prescription
INVELTYS,LOTEPREDNOL ETABONATE,NDA210565,ALCON LABS INC,SUSPENSION/DROPS,OPHTHALMIC,Prescription
INVERSINE,MECAMYLAMINE HYDROCHLORIDE,NDA010251,TARGACEPT,TABLET,ORAL,Discontinued
INVIRASE,SAQUINAVIR MESYLATE,NDA021785,HOFFMANN-LA ROCHE,TABLET,ORAL,Discontinued
INVOKAMET,CANAGLIFLOZIN; METFORMIN HYDROCHLORIDE,NDA204353,JANSSEN PHARMS,TABLET,ORAL,Prescription
INVOKAMET XR,CANAGLIFLOZIN; METFORMIN HYDROCHLORIDE,NDA205879,JANSSEN PHARMS,"TABLET, EXTENDED RELEASE",ORAL,Prescription
INVOKANA,CANAGLIFLOZIN,NDA204042,JANSSEN PHARMS,TABLET,ORAL,Prescription
INZIRQO,HYDROCHLOROTHIAZIDE,NDA219141,NOVITIUM PHARMA,FOR SUSPENSION,ORAL,Prescription
IOBENGUANE I-123,IOBENGUANE SULFATE I-123,ANDA213637,BWXT MEDCL,SOLUTION,INTRAVENOUS,Discontinued
IOBENGUANE SULFATE I 131,IOBENGUANE SULFATE I-131,NDA020084,PHARMALUCENCE,INJECTABLE,INJECTION,Discontinued
IODIXANOL,IODIXANOL,ANDA214271,HENGRUI PHARMA,INJECTABLE,INJECTION,Prescription
IODOHIPPURATE SODIUM I 131,IODOHIPPURATE SODIUM I-131,NDA017313,PHARMALUCENCE,INJECTABLE,INJECTION,Discontinued
IODOTOPE,SODIUM IODIDE I-131,NDA010929,BRACCO,CAPSULE,ORAL,Discontinued
IOFLUPANE I-123,IOFLUPANE I-123,ANDA213792,CURIUM,SOLUTION,INTRAVENOUS,Prescription
IOHEXOL,IOHEXOL,ANDA217737,AMNEAL,SOLUTION,"INJECTION, ORAL, RECTAL",Prescription
IOMERVU,IOMEPROL,NDA216016,BRACCO,SOLUTION,INTRA-ARTERIAL,Discontinued
IONAMIN,PHENTERMINE RESIN COMPLEX,NDA011613,UCB INC,"CAPSULE, EXTENDED RELEASE",ORAL,Discontinued
IONOSOL B AND DEXTROSE 5% IN PLASTIC CONTAINER,"DEXTROSE; MAGNESIUM CHLORIDE; POTASSIUM CHLORIDE; POTASSIUM PHOSPHATE, DIBASIC; SODIUM CHLORIDE; SODIUM LACTATE; SODIUM PHOSPHATE, MONOBASIC ANHYDROUS",NDA019515,HOSPIRA,INJECTABLE,INJECTION,Discontinued
IONOSOL MB AND DEXTROSE 5% IN PLASTIC CONTAINER,"DEXTROSE; MAGNESIUM CHLORIDE; POTASSIUM CHLORIDE; POTASSIUM PHOSPHATE, MONOBASIC; SODIUM LACTATE; SODIUM PHOSPHATE, MONOBASIC ANHYDROUS",NDA019513,OTSUKA ICU MEDCL,INJECTABLE,INJECTION,Prescription
IONOSOL T AND DEXTROSE 5% IN PLASTIC CONTAINER,"DEXTROSE; POTASSIUM CHLORIDE; POTASSIUM LACTATE; SODIUM CHLORIDE; SODIUM PHOSPHATE, MONOBASIC ANHYDROUS",NDA019514,HOSPIRA,INJECTABLE,INJECTION,Discontinued
IONSYS,FENTANYL HYDROCHLORIDE,NDA021338,THE MEDICINES CO,SYSTEM,"IONTOPHORESIS, TRANSDERMAL",Discontinued
IONTOCAINE,EPINEPHRINE; LIDOCAINE HYDROCHLORIDE,NDA020530,IOMED,SOLUTION,IONTOPHORESIS,Discontinued
IOPAMIDOL,IOPAMIDOL,ANDA074629,BAXTER HLTHCARE,INJECTABLE,INJECTION,Discontinued
IOPAMIDOL-200,IOPAMIDOL,ANDA074898,HOSPIRA,INJECTABLE,INJECTION,Discontinued
IOPAMIDOL-200 IN PLASTIC CONTAINER,IOPAMIDOL,ANDA074636,HOSPIRA,INJECTABLE,INJECTION,Discontinued
IOPAMIDOL-250,IOPAMIDOL,ANDA074679,FRESENIUS KABI USA,INJECTABLE,INJECTION,Discontinued
IOPAMIDOL-250 IN PLASTIC CONTAINER,IOPAMIDOL,ANDA074636,HOSPIRA,INJECTABLE,INJECTION,Discontinued
IOPAMIDOL-300,IOPAMIDOL,ANDA074679,FRESENIUS KABI USA,INJECTABLE,INJECTION,Discontinued
IOPAMIDOL-300 IN PLASTIC CONTAINER,IOPAMIDOL,ANDA074636,HOSPIRA,INJECTABLE,INJECTION,Discontinued
IOPAMIDOL-370,IOPAMIDOL,ANDA074679,FRESENIUS KABI USA,INJECTABLE,INJECTION,Discontinued
IOPAMIDOL-370 IN PLASTIC CONTAINER,IOPAMIDOL,ANDA074636,HOSPIRA,INJECTABLE,INJECTION,Discontinued
IOPIDINE,APRACLONIDINE HYDROCHLORIDE,NDA019779,HARROW EYE,SOLUTION/DROPS,OPHTHALMIC,Prescription
IOSAT,POTASSIUM IODIDE,NDA018664,ANBEX,TABLET,ORAL,Over-the-counter
IPLEX,MECASERMIN RINFABATE RECOMBINANT,BLA021884,INSMED,INJECTABLE,SUBCUTANEOUS,Discontinued
IPRATROPIUM BROMIDE,IPRATROPIUM BROMIDE,ANDA076598,HIKMA,"SPRAY, METERED",NASAL,Prescription
IPRIVASK,DESIRUDIN RECOMBINANT,BLA021271,BAUSCH,INJECTABLE,SUBCUTANEOUS,Discontinued
IQIRVO,ELAFIBRANOR,NDA218860,IPSEN,TABLET,ORAL,Prescription
IQUIX,LEVOFLOXACIN,NDA021571,SANTEN,SOLUTION/DROPS,OPHTHALMIC,Discontinued
IRBESARTAN,IRBESARTAN,ANDA077466,SANDOZ,TABLET,ORAL,Prescription
IRBESARTAN AND HYDROCHLOROTHIAZIDE,HYDROCHLOROTHIAZIDE; IRBESARTAN,ANDA077446,SANDOZ,TABLET,ORAL,Prescription
IRBESARTAN HYDROCHLOROTHIAZIDE,HYDROCHLOROTHIAZIDE; IRBESARTAN,ANDA201505,APOTEX INC,TABLET,ORAL,None (Tentative Approval)
IRBESARTAN; HYDROCHLOROTHIAZIDE,HYDROCHLOROTHIAZIDE; IRBESARTAN,ANDA090815,ZYDUS PHARMS USA INC,TABLET,ORAL,None (Tentative Approval)
IRBESARTAN; HYDROCHLOROTHIAZIDE,IRBESARTAN: HYDROCHLOROTHIAZIDE,ANDA202414,MACLEODS PHARMS LTD,TABLET,ORAL,None (Tentative Approval)
IRESSA,GEFITINIB,NDA206995,ASTRAZENECA,TABLET,ORAL,Prescription
IRINOTECAN HYDROCHLORIDE,IRINOTECAN HYDROCHLORIDE,ANDA078589,ACTAVIS TOTOWA,INJECTABLE,INJECTION,Prescription
IRON DEXTRAN,IRON DEXTRAN,NDA010787,SANOFI AVENTIS US,INJECTABLE,INJECTION,Discontinued
IRON SUCROSE,IRON SUCROSE,ANDA208977,INTL MEDICATION SYS,INJECTABLE,INTRAVENOUS,Prescription
IRRIGATING SOLUTION G IN PLASTIC CONTAINER,CITRIC ACID; MAGNESIUM OXIDE; SODIUM CARBONATE,NDA018519,BAXTER HLTHCARE,SOLUTION,IRRIGATION,Discontinued
ISENTRESS,RALTEGRAVIR POTASSIUM,NDA203045,MSD SUB MERCK,"TABLET, CHEWABLE",ORAL,Prescription
ISENTRESS HD,RALTEGRAVIR POTASSIUM,NDA022145,MSD SUB MERCK,TABLET,ORAL,Prescription
ISIBLOOM,DESOGESTREL; ETHINYL ESTRADIOL,ANDA202789,XIROMED,TABLET,ORAL-28,Prescription
ISMELIN,GUANETHIDINE MONOSULFATE,NDA012329,NOVARTIS,TABLET,ORAL,Discontinued
ISMO,ISOSORBIDE MONONITRATE,NDA019091,PROMIUS PHARMA,TABLET,ORAL,Discontinued
ISMOTIC,ISOSORBIDE,NDA017063,ALCON,SOLUTION,ORAL,Discontinued
ISOCAINE HYDROCHLORIDE,MEPIVACAINE HYDROCHLORIDE,ANDA080925,SEPTODONT,INJECTABLE,INJECTION,Discontinued
ISOCAINE HYDROCHLORIDE W/ LEVONORDEFRIN,LEVONORDEFRIN; MEPIVACAINE HYDROCHLORIDE,ANDA084697,SEPTODONT,INJECTABLE,INJECTION,Discontinued
ISOCLOR,CHLORPHENIRAMINE MALEATE; PSEUDOEPHEDRINE HYDROCHLORIDE,NDA018747,FISONS,"CAPSULE, EXTENDED RELEASE",ORAL,Discontinued
ISOETHARINE HYDROCHLORIDE,ISOETHARINE HYDROCHLORIDE,ANDA087324,ROXANE,SOLUTION,INHALATION,Discontinued
ISOETHARINE HYDROCHLORIDE S/F,ISOETHARINE HYDROCHLORIDE,ANDA089820,DEY,SOLUTION,INHALATION,Discontinued
ISOETHARINE MESYLATE,ISOETHARINE MESYLATE,ANDA087858,ALPHARMA US PHARMS,"AEROSOL, METERED",INHALATION,Discontinued
ISOFLURANE,ISOFLURANE,ANDA074416,PIRAMAL CRITICAL,LIQUID,INHALATION,Prescription
ISOLYTE E IN DEXTROSE 5% IN PLASTIC CONTAINER,CALCIUM CHLORIDE; DEXTROSE; MAGNESIUM CHLORIDE; POTASSIUM CHLORIDE; SODIUM ACETATE; SODIUM CHLORIDE; SODIUM CITRATE,NDA019867,B BRAUN,INJECTABLE,INJECTION,Discontinued
ISOLYTE E IN PLASTIC CONTAINER,CALCIUM CHLORIDE; MAGNESIUM CHLORIDE; POTASSIUM CHLORIDE; SODIUM ACETATE; SODIUM CHLORIDE; SODIUM CITRATE,NDA018899,B BRAUN,INJECTABLE,INJECTION,Discontinued
ISOLYTE E W/ DEXTROSE 5% IN PLASTIC CONTAINER,CALCIUM CHLORIDE; DEXTROSE; MAGNESIUM CHLORIDE; POTASSIUM CHLORIDE; SODIUM ACETATE; SODIUM CHLORIDE; SODIUM CITRATE,NDA018269,B BRAUN,INJECTABLE,INJECTION,Discontinued
ISOLYTE H IN DEXTROSE 5% IN PLASTIC CONTAINER,DEXTROSE; MAGNESIUM CHLORIDE; POTASSIUM CHLORIDE; SODIUM ACETATE; SODIUM CHLORIDE,NDA019844,B BRAUN,INJECTABLE,INJECTION,Discontinued
ISOLYTE H W/ DEXTROSE 5% IN PLASTIC CONTAINER,DEXTROSE; MAGNESIUM CHLORIDE; POTASSIUM CHLORIDE; SODIUM ACETATE; SODIUM CHLORIDE,NDA018273,B BRAUN,INJECTABLE,INJECTION,Discontinued
ISOLYTE M IN DEXTROSE 5% IN PLASTIC CONTAINER,"DEXTROSE; POTASSIUM CHLORIDE; POTASSIUM PHOSPHATE, DIBASIC; SODIUM ACETATE; SODIUM CHLORIDE",NDA019870,B BRAUN,INJECTABLE,INJECTION,Discontinued
ISOLYTE M W/ DEXTROSE 5% IN PLASTIC CONTAINER,"DEXTROSE; POTASSIUM CHLORIDE; POTASSIUM PHOSPHATE, DIBASIC; SODIUM ACETATE; SODIUM CHLORIDE",NDA018270,B BRAUN,INJECTABLE,INJECTION,Discontinued
ISOLYTE P IN DEXTROSE 5% IN PLASTIC CONTAINER,"DEXTROSE; MAGNESIUM CHLORIDE; POTASSIUM CHLORIDE; POTASSIUM PHOSPHATE, DIBASIC; SODIUM ACETATE",NDA019873,B BRAUN,INJECTABLE,INJECTION,Prescription
ISOLYTE P W/ DEXTROSE 5% IN PLASTIC CONTAINER,"DEXTROSE; MAGNESIUM CHLORIDE; POTASSIUM CHLORIDE; POTASSIUM PHOSPHATE, DIBASIC; SODIUM ACETATE",NDA019025,B BRAUN,INJECTABLE,INJECTION,Discontinued
ISOLYTE R IN DEXTROSE 5% IN PLASTIC CONTAINER,CALCIUM CHLORIDE; DEXTROSE; MAGNESIUM CHLORIDE; POTASSIUM CHLORIDE; SODIUM ACETATE; SODIUM CHLORIDE,NDA019864,B BRAUN,INJECTABLE,INJECTION,Discontinued
ISOLYTE R W/ DEXTROSE 5% IN PLASTIC CONTAINER,CALCIUM CHLORIDE; DEXTROSE; MAGNESIUM CHLORIDE; POTASSIUM CHLORIDE; SODIUM ACETATE; SODIUM CHLORIDE,NDA018271,B BRAUN,INJECTABLE,INJECTION,Discontinued
ISOLYTE S IN DEXTROSE 5% IN PLASTIC CONTAINER,DEXTROSE; MAGNESIUM CHLORIDE; POTASSIUM CHLORIDE; SODIUM ACETATE; SODIUM CHLORIDE; SODIUM GLUCONATE,NDA019843,B BRAUN,INJECTABLE,INJECTION,Discontinued
ISOLYTE S IN PLASTIC CONTAINER,MAGNESIUM CHLORIDE; POTASSIUM CHLORIDE; SODIUM ACETATE; SODIUM CHLORIDE; SODIUM GLUCONATE,NDA018252,B BRAUN,INJECTABLE,INJECTION,Discontinued
ISOLYTE S PH 7.4 IN PLASTIC CONTAINER,"MAGNESIUM CHLORIDE; POTASSIUM CHLORIDE; POTASSIUM PHOSPHATE, MONOBASIC; SODIUM ACETATE; SODIUM CHLORIDE; SODIUM GLUCONATE; SODIUM PHOSPHATE, DIBASIC, HEPTAHYDRATE",NDA019696,B BRAUN,INJECTABLE,INJECTION,Prescription
ISOLYTE S W/ DEXTROSE 5% IN PLASTIC CONTAINER,DEXTROSE; MAGNESIUM CHLORIDE; POTASSIUM CHLORIDE; SODIUM ACETATE; SODIUM CHLORIDE; SODIUM GLUCONATE,NDA018274,B BRAUN,INJECTABLE,INJECTION,Discontinued
ISONIAZID,ISONIAZID,ANDA080132,PUREPAC PHARM,TABLET,ORAL,Discontinued
ISOPAQUE 280,CALCIUM; MEGLUMINE; METRIZOIC ACID,NDA017506,GE HEALTHCARE,INJECTABLE,INJECTION,Discontinued
ISOPAQUE 440,CALCIUM METRIZOATE; MEGLUMINE METRIZOATE; METRIZOATE MAGNESIUM; METRIZOATE SODIUM,NDA016847,GE HEALTHCARE,INJECTABLE,INJECTION,Discontinued
ISOPROTERENOL HYDROCHLORIDE,ISOPROTERENOL HYDROCHLORIDE,ANDA210845,MICRO LABS,INJECTABLE,INJECTION,Prescription
ISOPTIN,VERAPAMIL HYDROCHLORIDE,NDA018485,MT ADAMS,INJECTABLE,INJECTION,Discontinued
ISOPTO ATROPINE,ATROPINE SULFATE,NDA208151,ALCON LABS INC,SOLUTION/DROPS,OPHTHALMIC,Prescription
ISOPTO CARPINE,PILOCARPINE HYDROCHLORIDE,NDA200890,SANDOZ,SOLUTION/DROPS,OPHTHALMIC,Prescription
ISOPTO CETAMIDE,SULFACETAMIDE SODIUM,ANDA080020,ALCON,SOLUTION/DROPS,OPHTHALMIC,Discontinued
ISOPTO CETAPRED,PREDNISOLONE ACETATE; SULFACETAMIDE SODIUM,ANDA087547,ALCON,SUSPENSION,OPHTHALMIC,Discontinued
ISORDIL,ISOSORBIDE DINITRATE,NDA012940,BIOVAIL,TABLET,SUBLINGUAL,Discontinued
ISOSORBIDE DINITRATE,ISOSORBIDE DINITRATE,ANDA084204,SUN PHARM INDUSTRIES,TABLET,SUBLINGUAL,Discontinued
ISOSORBIDE DINITRATE AND HYDRALAZINE HYDROCHLORIDE,HYDRALAZINE HYDROCHLORIDE; ISOSORBIDE DINITRATE,ANDA215586,INGENUS PHARMS LLC,TABLET,ORAL,Prescription
ISOSORBIDE MONONITRATE,ISOSORBIDE MONONITRATE,ANDA075361,HIKMA PHARMS,TABLET,ORAL,Discontinued
ISOSULFAN BLUE,ISOSULFAN BLUE,ANDA213130,MEITHEAL,SOLUTION,SUBCUTANEOUS,Prescription
ISOTRETINOIN,ISOTRETINOIN,ANDA207792,AMNEAL PHARMS NY,CAPSULE,ORAL,Prescription
ISOVUE-128,IOPAMIDOL,NDA018735,BRACCO,INJECTABLE,INJECTION,Discontinued
ISOVUE-200,IOPAMIDOL,NDA018735,BRACCO,INJECTABLE,INJECTION,Prescription
ISOVUE-250,IOPAMIDOL,NDA018735,BRACCO,INJECTABLE,INJECTION,Prescription
ISOVUE-300,IOPAMIDOL,NDA018735,BRACCO,INJECTABLE,INJECTION,Prescription
ISOVUE-370,IOPAMIDOL,NDA018735,BRACCO,INJECTABLE,INJECTION,Prescription
ISOVUE-M 200,IOPAMIDOL,NDA018735,BRACCO,INJECTABLE,INJECTION,Prescription
ISOVUE-M 300,IOPAMIDOL,NDA018735,BRACCO,INJECTABLE,INJECTION,Prescription
ISRADIPINE,ISRADIPINE,ANDA077169,ELITE LABS INC,CAPSULE,ORAL,Prescription
ISTALOL,TIMOLOL MALEATE,NDA021516,BAUSCH AND LOMB,SOLUTION/DROPS,OPHTHALMIC,Prescription
ISTODAX,ROMIDEPSIN,NDA022393,BRISTOL-MYERS,POWDER,INTRAVENOUS,Prescription
ISTURISA,OSILODROSTAT PHOSPHATE,NDA212801,RECORDATI RARE,TABLET,ORAL,Prescription
ISUPREL,ISOPROTERENOL HYDROCHLORIDE,NDA006328,SANOFI AVENTIS US,TABLET,"RECTAL, SUBLINGUAL",Discontinued
ITOVEBI,INAVOLISIB,NDA219249,GENENTECH INC,TABLET,ORAL,Prescription
ITRACONAZOLE,ITRACONAZOLE,ANDA205724,RISING,CAPSULE,ORAL,Prescription
IV PERSANTINE,DIPYRIDAMOLE,NDA019817,BOEHRINGER INGELHEIM,INJECTABLE,INJECTION,Discontinued
IVABRADINE HYDROCHLORIDE,IVABRADINE HYDROCHLORIDE,ANDA213276,BIONPHARMA,TABLET,ORAL,Prescription
IVACAFTOR,IVACAFTOR,ANDA217431,LUPIN LTD,GRANULE,ORAL,None (Tentative Approval)
IVADANTIN,NITROFURANTOIN SODIUM,NDA012402,PROCTER AND GAMBLE,INJECTABLE,INJECTION,Discontinued
IVERMECTIN,IVERMECTIN,ANDA218324,SENORES PHARMS,TABLET,ORAL,Prescription
IVRA,MELPHALAN HYDROCHLORIDE,NDA217110,APOTEX,SOLUTION,INTRAVENOUS,Prescription
IVY BLOCK,BENTOQUATAM,NDA020532,STAND HOMEOPATH,LOTION,TOPICAL,Over-the-counter
IWILFIN,EFLORNITHINE HYDROCHLORIDE,NDA215500,USWM,TABLET,ORAL,Prescription
IXEMPRA KIT,IXABEPILONE,NDA022065,R-PHARM US LLC,INJECTABLE,INTRAVENOUS,Prescription
IXIFI,INFLIXIMAB-QBTX,BLA761072,PFIZER INC,INJECTABLE,INJECTION,Prescription
IYUZEH,LATANOPROST,NDA216472,THEA PHARMA,SOLUTION/DROPS,OPHTHALMIC,Prescription
IZBA,TRAVOPROST,NDA204822,NOVARTIS,SOLUTION/DROPS,OPHTHALMIC,Discontinued
IZERVAY,AVACINCAPTAD PEGOL SODIUM,NDA217225,ASTELLAS,SOLUTION,INTRAVITREAL,Prescription
JADELLE,LEVONORGESTREL,NDA020544,POPULATION COUNCIL,IMPLANT,IMPLANTATION,Discontinued
JADENU,DEFERASIROX,NDA206910,NOVARTIS PHARMS CORP,TABLET,ORAL,Prescription
JADENU SPRINKLE,DEFERASIROX,NDA207968,NOVARTIS,GRANULE,ORAL,Prescription
JAIMIESS,ETHINYL ESTRADIOL; LEVONORGESTREL,ANDA203770,XIROMED,TABLET,ORAL,Prescription
JAKAFI,RUXOLITINIB PHOSPHATE,NDA202192,INCYTE CORP,TABLET,ORAL,Prescription
JAKAFI XR,RUXOLITINIB PHOSPHATE,NDA217180,INCYTE CORP,"TABLET, EXTENDED RELEASE",ORAL,Prescription
JALYN,DUTASTERIDE; TAMSULOSIN HYDROCHLORIDE,NDA022460,WAYLIS THERAP,CAPSULE,ORAL,Prescription
JANIMINE,IMIPRAMINE HYDROCHLORIDE,NDA017895,ABBOTT,TABLET,ORAL,Discontinued
JANTOVEN,WARFARIN SODIUM,ANDA040416,UPSHER SMITH LABS,TABLET,ORAL,Prescription
JANUMET,METFORMIN HYDROCHLORIDE; SITAGLIPTIN PHOSPHATE,NDA022044,MSD SUB MERCK,TABLET,ORAL,Prescription
JANUMET XR,METFORMIN HYDROCHLORIDE; SITAGLIPTIN PHOSPHATE,NDA202270,MSD SUB MERCK,"TABLET, EXTENDED RELEASE",ORAL,Prescription
JANUVIA,SITAGLIPTIN PHOSPHATE,NDA021995,MSD,TABLET,ORAL,Prescription
JARDIANCE,EMPAGLIFLOZIN,NDA204629,BOEHRINGER INGELHEIM,TABLET,ORAL,Prescription
JASCAYD,NERANDOMILAST,NDA218764,BOEHRINGER INGELHEIM,TABLET,ORAL,Prescription
JATENZO,TESTOSTERONE UNDECANOATE,NDA206089,TOLMAR,CAPSULE,ORAL,Prescription
JAVADIN,CLONIDINE HYDROCHLORIDE,NDA220256,AZURITY,SOLUTION,ORAL,Prescription
JAYPIRCA,PIRTOBRUTINIB,NDA216059,LOXO ONCOL,TABLET,ORAL,Prescription
JAYTHARI,DEFLAZACORT,ANDA219254,ZYDUS LIFESCIENCES,TABLET,ORAL,Prescription
JEANATOPE,ALBUMIN IODINATED I-125 SERUM,BLA017836,ISO TEX,INJECTABLE,INJECTION,Prescription
JELMYTO,MITOMYCIN,NDA211728,UROGEN PHARMA,POWDER,PYELOCALYCEAL,Prescription
JEMPERLI,DOSTARLIMAB-GXLY,BLA761174,GLAXOSMITHKLINE,INJECTABLE,INJECTION,Prescription
JENCYCLA,NORETHINDRONE,ANDA091323,LUPIN LTD,TABLET,ORAL-28,Prescription
JENLOGA,CLONIDINE HYDROCHLORIDE,NDA022331,CONCORDIA PHARMS INC,"TABLET, EXTENDED RELEASE",ORAL,Discontinued
JENTADUETO,LINAGLIPTIN; METFORMIN HYDROCHLORIDE,NDA201281,BOEHRINGER INGELHEIM,TABLET,ORAL,Prescription
JENTADUETO XR,LINAGLIPTIN; METFORMIN HYDROCHLORIDE,NDA208026,BOEHRINGER INGELHEIM,"TABLET, EXTENDED RELEASE",ORAL,Prescription
JESDUVROQ,DAPRODUSTAT,NDA216951,GLAXOSMITHKLINE,TABLET,ORAL,Discontinued
JETREA,OCRIPLASMIN,BLA125422,"THROMBOGENICS, INC",INJECTABLE,INTRAVITREAL,Prescription
JEUVEAU,PRABOTULINUMTOXINA-XVFS,BLA761085,EVOLUS INC,INJECTABLE,INJECTION,Prescription
JEVTANA KIT,CABAZITAXEL,NDA201023,SANOFI AVENTIS US,SOLUTION,INTRAVENOUS,Prescription
JIDEYTRO,ZIDESAMTINIB,NDA220185,NUVALENT,TABLET,ORAL,Prescription
JOBEVNE,BEVACIZUMAB-NWGD,BLA761175,BIOCON BIOLOGICS INC,INJECTABLE,INJECTION,Prescription
JOENJA,LENIOLISIB PHOSPHATE,NDA217759,PHARMING,TABLET,ORAL,Prescription
JORNAY PM,METHYLPHENIDATE HYDROCHLORIDE,NDA209311,IRONSHORE PHARMS,"CAPSULE, EXTENDED RELEASE",ORAL,Prescription
JOURNAVX,SUZETRIGINE,NDA219209,VERTEX PHARMS INC,TABLET,ORAL,Prescription
JUBBONTI,DENOSUMAB-BBDZ,BLA761362,SANDOZ INC,INJECTABLE,SUBCUTANEOUS,Prescription
JUBEREQ,denosumab-desu,BLA761424,ACCORD BIOPHARMA INC.,INJECTABLE,SUBCUTANEOUS,Prescription
JUBLIA,EFINACONAZOLE,NDA203567,BAUSCH,SOLUTION,TOPICAL,Prescription
JULUCA,DOLUTEGRAVIR SODIUM; RILPIVIRINE HYDROCHLORIDE,NDA210192,VIIV HLTHCARE,TABLET,ORAL,Prescription
JUNEL 1.5/30,ETHINYL ESTRADIOL; NORETHINDRONE ACETATE,ANDA076381,BARR,TABLET,ORAL-21,Prescription
JUNEL 1/20,ETHINYL ESTRADIOL; NORETHINDRONE ACETATE,ANDA076380,BARR LABS,TABLET,ORAL-21,Prescription
JUNEL FE 1.5/30,ETHINYL ESTRADIOL; NORETHINDRONE ACETATE,ANDA076064,BARR,TABLET,ORAL-28,Prescription
JUNEL FE 1/20,ETHINYL ESTRADIOL; NORETHINDRONE ACETATE,ANDA076081,BARR,TABLET,ORAL-28,Prescription
JUNIOR STRENGTH ADVIL,IBUPROFEN,NDA020267,HALEON US HOLDINGS,TABLET,ORAL,Over-the-counter
JUNIOR STRENGTH IBUPROFEN,IBUPROFEN,ANDA075367,L PERRIGO CO,TABLET,ORAL,Discontinued
JUNIOR STRENGTH MOTRIN,IBUPROFEN,NDA020602,KENVUE BRANDS,TABLET,ORAL,Over-the-counter
JUVISYNC,SIMVASTATIN; SITAGLIPTIN PHOSPHATE,NDA202343,MERCK SHARP DOHME,TABLET,ORAL,Discontinued
JUXTAPID,LOMITAPIDE MESYLATE,NDA203858,CHIESI,CAPSULE,ORAL,Prescription
JYLAMVO,METHOTREXATE,NDA212479,SHORLA,SOLUTION,ORAL,Prescription
JYNARQUE,TOLVAPTAN,NDA204441,OTSUKA,TABLET,ORAL,Prescription
K+10,POTASSIUM CHLORIDE,ANDA070999,FUTURE PAK,"TABLET, EXTENDED RELEASE",ORAL,Discontinued
K+8,POTASSIUM CHLORIDE,ANDA070998,FUTURE PAK,"TABLET, EXTENDED RELEASE",ORAL,Discontinued
K-LEASE,POTASSIUM CHLORIDE,ANDA073398,SAVAGE LABS,"CAPSULE, EXTENDED RELEASE",ORAL,Discontinued
K-TAB,POTASSIUM CHLORIDE,NDA018279,ABBVIE,"TABLET, EXTENDED RELEASE",ORAL,Discontinued
KABIVEN IN PLASTIC CONTAINER,AMINO ACIDS; CALCIUM CHLORIDE; DEXTROSE; MAGNESIUM SULFATE; POTASSIUM CHLORIDE; SODIUM ACETATE; SODIUM GLYCEROPHOSPHATE; SOYBEAN OIL,NDA200656,FRESENIUS KABI USA,EMULSION,INTRAVENOUS,Prescription
KADCYLA,ADO-TRASTUZUMAB EMTANSINE,BLA125427,GENENTECH,VIAL,SINGLE-USE,Prescription
KADIAN,MORPHINE SULFATE,NDA020616,ALLERGAN,"CAPSULE, EXTENDED RELEASE",ORAL,Discontinued
KAFOCIN,CEPHALOGLYCIN,NDA050219,LILLY,CAPSULE,ORAL,Discontinued
KAINAIR,PROPARACAINE HYDROCHLORIDE,ANDA088087,PHARMAFAIR,SOLUTION/DROPS,OPHTHALMIC,Discontinued
KAITLIB FE,ETHINYL ESTRADIOL; NORETHINDRONE,ANDA203448,LUPIN,"TABLET, CHEWABLE",ORAL,Prescription
KALBITOR,ECALLANTIDE,BLA125277,DYAX CORP.,INJECTABLE,INJECTION,Prescription
KALETRA,LOPINAVIR; RITONAVIR,NDA021251,ABBVIE,SOLUTION,ORAL,Prescription
KALEXATE,SODIUM POLYSTYRENE SULFONATE,ANDA040905,KVK TECH,POWDER,"ORAL, RECTAL",Prescription
KALLIGA,DESOGESTREL; ETHINYL ESTRADIOL,ANDA207081,AUROBINDO PHARMA,TABLET,ORAL-28,Prescription
KALYDECO,IVACAFTOR,NDA203188,VERTEX PHARMS,TABLET,ORAL,Prescription
KANAMYCIN,KANAMYCIN SULFATE,ANDA062324,HIKMA,INJECTABLE,INJECTION,Discontinued
KANAMYCIN SULFATE,KANAMYCIN SULFATE,ANDA062466,INTL MEDICATION,INJECTABLE,INJECTION,Discontinued
KANJINTI,TRASTUZUMAB-ANNS,BLA761073,AMGEN INC,VIAL,SINGLE-DOSE,Prescription
KANTREX,KANAMYCIN SULFATE,ANDA061901,APOTHECON,INJECTABLE,INJECTION,Discontinued
KANUMA,SEBELIPASE ALFA,BLA125561,ALEXION PHARM,INJECTABLE,INJECTION,Prescription
KAON CL,POTASSIUM CHLORIDE,NDA017046,SAVAGE LABS,"TABLET, EXTENDED RELEASE",ORAL,Discontinued
KAON CL-10,POTASSIUM CHLORIDE,NDA017046,SAVAGE LABS,"TABLET, EXTENDED RELEASE",ORAL,Discontinued
KAPPADIONE,MENADIOL SODIUM DIPHOSPHATE,NDA005725,LILLY,INJECTABLE,INJECTION,Discontinued
KAPSPARGO SPRINKLE,METOPROLOL SUCCINATE,NDA210428,SPIL,"CAPSULE, EXTENDED RELEASE",ORAL,Prescription
KAPVAY,CLONIDINE HYDROCHLORIDE,NDA022331,CONCORDIA PHARMS INC,"TABLET, EXTENDED RELEASE",ORAL,Discontinued
KARBINAL ER,CARBINOXAMINE MALEATE,NDA022556,AYTU,"SUSPENSION, EXTENDED RELEASE",ORAL,Prescription
KARIVA,DESOGESTREL; ETHINYL ESTRADIOL,ANDA075863,BARR,TABLET,ORAL-28,Prescription
KATERZIA,AMLODIPINE BENZOATE,NDA211340,AZURITY,SUSPENSION,ORAL,Prescription
KAYEXALATE,SODIUM POLYSTYRENE SULFONATE,NDA011287,CONCORDIA,POWDER,"ORAL, RECTAL",Discontinued
KAZANO,ALOGLIPTIN BENZOATE; METFORMIN HYDROCHLORIDE,NDA203414,TAKEDA PHARMS USA,TABLET,ORAL,Prescription
KEFLET,CEPHALEXIN,ANDA062745,LILLY,TABLET,ORAL,Discontinued
KEFLEX,CEPHALEXIN,NDA050406,PRAGMA,FOR SUSPENSION,ORAL,Discontinued
KEFLIN,CEPHALOTHIN SODIUM,NDA050482,LILLY,INJECTABLE,INJECTION,Discontinued
KEFLIN IN PLASTIC CONTAINER,CEPHALOTHIN SODIUM,ANDA062549,LILLY,INJECTABLE,INJECTION,Discontinued
KEFTAB,CEPHALEXIN HYDROCHLORIDE,NDA050614,LILLY,TABLET,ORAL,Discontinued
KEFUROX,CEFUROXIME SODIUM,ANDA062591,ACS DOBFAR,INJECTABLE,INJECTION,Discontinued
KEFUROX IN PLASTIC CONTAINER,CEFUROXIME SODIUM,ANDA062590,LILLY,INJECTABLE,INTRAVENOUS,Discontinued
KEFZOL,CEFAZOLIN SODIUM,ANDA061773,ACS DOBFAR,INJECTABLE,INJECTION,Discontinued
KELNOR,ETHINYL ESTRADIOL; ETHYNODIOL DIACETATE,ANDA076785,BARR,TABLET,ORAL-28,Prescription
KELNOR 1/50,ETHINYL ESTRADIOL; ETHYNODIOL DIACETATE,ANDA072723,WATSON LABS,TABLET,ORAL-28,Discontinued
KEMADRIN,PROCYCLIDINE HYDROCHLORIDE,NDA009818,MONARCH PHARMS,TABLET,ORAL,Discontinued
KEMEYA,DROSPIRENONE; ETHINYL ESTRADIOL,ANDA202138,SUN PHARM,TABLET,ORAL-28,Discontinued
KEMSTRO,BACLOFEN,NDA021589,UCB INC,"TABLET, ORALLY DISINTEGRATING",ORAL,Discontinued
KENACORT,TRIAMCINOLONE,NDA011283,DELCOR ASSET CORP,TABLET,ORAL,Discontinued
KENACORT,TRIAMCINOLONE DIACETATE,NDA012515,DELCOR ASSET CORP,SYRUP,ORAL,Discontinued
KENALOG,TRIAMCINOLONE ACETONIDE,NDA012104,SUN PHARM INDS INC,SPRAY,TOPICAL,Discontinued
KENALOG IN ORABASE,TRIAMCINOLONE ACETONIDE,NDA012097,DELCOR ASSET CORP,PASTE,DENTAL,Discontinued
KENALOG-10,TRIAMCINOLONE ACETONIDE,NDA012041,APOTHECON,INJECTABLE,INJECTION,Prescription
KENALOG-40,TRIAMCINOLONE ACETONIDE,NDA014901,APOTHECON,INJECTABLE,INJECTION,Prescription
KENALOG-80,TRIAMCINOLONE ACETONIDE,NDA014901,APOTHECON,INJECTABLE,INJECTION,Prescription
KENALOG-H,TRIAMCINOLONE ACETONIDE,ANDA086240,DELCOR ASSET CORP,CREAM,TOPICAL,Discontinued
KENGREAL,CANGRELOR,NDA204958,CHIESI,POWDER,INTRAVENOUS,Prescription
KEPIVANCE,PALIFERMIN,BLA125103,BIOVITRUM AB,INJECTABLE,INJECTION,Prescription
KEPPRA,LEVETIRACETAM,NDA021035,UCB INC,TABLET,ORAL,Prescription
KEPPRA XR,LEVETIRACETAM,NDA022285,UCB INC,"TABLET, EXTENDED RELEASE",ORAL,Prescription
KERENDIA,FINERENONE,NDA215341,BAYER HLTHCARE,TABLET,ORAL,Prescription
KERLEDEX,BETAXOLOL HYDROCHLORIDE; CHLORTHALIDONE,NDA019807,SANOFI AVENTIS US,TABLET,ORAL,Discontinued
KERLONE,BETAXOLOL HYDROCHLORIDE,NDA019507,SANOFI AVENTIS US,TABLET,ORAL,Discontinued
KERYDIN,TAVABOROLE,NDA204427,ANACOR PHARMS INC,SOLUTION,TOPICAL,Discontinued
KESIMPTA,OFATUMUMAB,BLA125326,NOVARTIS,SOLUTION,SUBCUTANEOUS,Prescription
KESSO-GESIC,PROPOXYPHENE HYDROCHLORIDE,ANDA083544,MK LABS,CAPSULE,ORAL,Discontinued
KETALAR,KETAMINE HYDROCHLORIDE,NDA016812,PH HEALTH,INJECTABLE,INJECTION,Prescription
KETAMINE HCL,KETAMINE HYDROCHLORIDE,ANDA071950,QUAD PHARMS,Injectable,Injection,Discontinued
KETAMINE HYDROCHLORIDE,KETAMINE HYDROCHLORIDE,ANDA074549,HOSPIRA,INJECTABLE,INJECTION,Prescription
KETEK,TELITHROMYCIN,NDA021144,SANOFI AVENTIS US,TABLET,ORAL,Discontinued
KETOCONAZOLE,KETOCONAZOLE,ANDA076942,COSETTE PHARMS NC,SHAMPOO,TOPICAL,Prescription
KETOPROFEN,KETOPROFEN,ANDA074014,MISEMER,CAPSULE,ORAL,Prescription
KETOROLAC TROMETHAMINE,KETOROLAC TROMETHAMINE,ANDA078737,SUN PHARM,INJECTABLE,INJECTION,Discontinued
KETOROLAC TROMETHAMINE AND PHENYLEPHRINE HYDROCHLORIDE,KETOROLAC TROMETHAMINE; PHENYLEPHRINE HYDROCHLORIDE,ANDA210183,LUPIN,SOLUTION,IRRIGATION,Prescription
KETOTIFEN FUMARATE,KETOTIFEN FUMARATE,ANDA204059,UNICHEM,SOLUTION/DROPS,OPHTHALMIC,Over-the-counter
KETOZOLE,KETOCONAZOLE,ANDA075638,SUN PHARMA CANADA,CREAM,TOPICAL,Prescription
KEVEYIS,DICHLORPHENAMIDE,NDA011366,XERIS,TABLET,ORAL,Prescription
KEVZARA,SARILUMAB,BLA761037,SANOFI SYNTHELABO,INJECTABLE,INJECTION,Prescription
KEYTRUDA,PEMBROLIZUMAB,BLA125514,MERCK SHARP DOHME,SOLUTION,INTRAVENOUS,Prescription
KEYTRUDA QLEX,BERAHYALURONIDASE ALFA-PMPH; PEMBROLIZUMAB,BLA761467,MERCK SHARP DOHME,INJECTABLE,INJECTION,Prescription
KHAPZORY,LEVOLEUCOVORIN,NDA211226,ACROTECH BIOPHARMA,POWDER,INTRAVENOUS,Discontinued
KHEDEZLA,DESVENLAFAXINE,NDA204683,OSMOTICA PHARM CORP,"TABLET, EXTENDED RELEASE",ORAL,Discontinued
KHINDIVI,HYDROCORTISONE,NDA218980,ETON,SOLUTION,ORAL,Prescription
KIMIDESS,DESOGESTREL; ETHINYL ESTRADIOL,ANDA076681,PH HEALTH,TABLET,ORAL-28,Discontinued
KIMMTRAK,TEBENTAFUSP-TEBN,BLA761228,IMMUNOCORE LTD,INJECTABLE,INJECTION,Prescription
KIMYRSA,ORITAVANCIN DIPHOSPHATE,NDA214155,MELINTA THERAP,POWDER,INTRAVENOUS,Prescription
KINERET,ANAKINRA,BLA103950,BIOVITRUM AB,VIAL,SUBCUTANEOUS,Prescription
KINEVAC,SINCALIDE,NDA017697,BRACCO,POWDER,INTRAVENOUS,Prescription
KINLYTIC,UROKINASE,BLA021846,MICROBIX BIOSYSTEMS,INJECTABLE,INJECTION,Discontinued
KIONEX,SODIUM POLYSTYRENE SULFONATE,ANDA040028,ANI PHARMS,SUSPENSION,"ORAL, RECTAL",Prescription
KIRSTY,INSULIN ASPART-XJHZ,BLA761188,BIOCON BIOLOGICS INC,INJECTION,SOLUTION,Prescription
KISQALI,RIBOCICLIB SUCCINATE,NDA209092,NOVARTIS,TABLET,ORAL,Prescription
KISQALI FEMARA CO-PACK (COPACKAGED),LETROZOLE; RIBOCICLIB SUCCINATE,NDA209935,NOVARTIS,TABLET,ORAL,Prescription
KISUNLA,DONANEMAB-AZBT,BLA761248,ELI LILLY CO,INJECTABLE,INJECTION,Prescription
KITABIS PAK,TOBRAMYCIN,NDA205433,PULMOFLOW INC,SOLUTION,INHALATION,Prescription
KITPROZY,CARFILZOMIB,NDA220712,AMNEAL PHARMS NY,VIAL,SINGLE-USE,Prescription
KLARON,SULFACETAMIDE SODIUM,NDA019931,BAUSCH,LOTION,TOPICAL,Prescription
KLAYESTA,NYSTATIN,ANDA210532,EPIC PHARMA LLC,POWDER,TOPICAL,Prescription
KLEBCIL,KANAMYCIN SULFATE,ANDA062170,KING PHARMS,INJECTABLE,INJECTION,Discontinued
KLISYRI,TIRBANIBULIN,NDA213189,ALMIRALL,OINTMENT,TOPICAL,Prescription
KLONOPIN,CLONAZEPAM,NDA017533,CHEPLAPHARM,TABLET,ORAL,Discontinued
KLONOPIN RAPIDLY DISINTEGRATING,CLONAZEPAM,NDA020813,ROCHE,"TABLET, ORALLY DISINTEGRATING",ORAL,Discontinued
KLOR-CON,POTASSIUM CHLORIDE,NDA019123,UPSHER SMITH LABS,"TABLET, EXTENDED RELEASE",ORAL,Prescription
KLOR-CON M10,POTASSIUM CHLORIDE,ANDA074726,UPSHER SMITH LABS,"TABLET, EXTENDED RELEASE",ORAL,Prescription
KLOR-CON M15,POTASSIUM CHLORIDE,ANDA074726,UPSHER SMITH LABS,"TABLET, EXTENDED RELEASE",ORAL,Prescription
KLOR-CON M20,POTASSIUM CHLORIDE,ANDA074726,UPSHER SMITH LABS,"TABLET, EXTENDED RELEASE",ORAL,Prescription
KLOROMIN,CHLORPHENIRAMINE MALEATE,ANDA083629,HALSEY,TABLET,ORAL,Discontinued
KLOTRIX,POTASSIUM CHLORIDE,NDA017850,APOTHECON,"TABLET, EXTENDED RELEASE",ORAL,Discontinued
KLOXXADO,NALOXONE HYDROCHLORIDE,NDA212045,HIKMA,SPRAY,NASAL,Prescription
KOGLUCOID,RAUWOLFIA SERPENTINA ROOT,NDA009278,PANRAY,TABLET,ORAL,Discontinued
KOMBIGLYZE XR,METFORMIN HYDROCHLORIDE; SAXAGLIPTIN HYDROCHLORIDE,NDA200678,ASTRAZENECA AB,"TABLET, EXTENDED RELEASE",ORAL,Discontinued
KOMZIFTI,ZIFTOMENIB,NDA220305,KURA,CAPSULE,ORAL,Prescription
KONAKION,PHYTONADIONE,NDA011745,ROCHE,INJECTABLE,INJECTION,Discontinued
KONVOMEP,OMEPRAZOLE; SODIUM BICARBONATE,NDA213593,AZURITY,FOR SUSPENSION,ORAL,Prescription
KORLYM,MIFEPRISTONE,NDA202107,CORCEPT THERAP,TABLET,ORAL,Prescription
KOROSTATIN,NYSTATIN,ANDA061718,HOLLAND RANTOS,TABLET,VAGINAL,Discontinued
KORSUVA,DIFELIKEFALIN ACETATE,NDA214916,VIFOR INTL,SOLUTION,INTRAVENOUS,Prescription
KOSELUGO,SELUMETINIB,NDA219943,ASTRAZENECA,CAPSULE,ORAL,Prescription
KOSELUGO,SELUMETINIB SULFATE,NDA219943,ASTRAZENECA,GRANULE,ORAL,Prescription
KOVANAZE,OXYMETAZOLINE HYDROCHLORIDE; TETRACAINE HYDROCHLORIDE,NDA208032,ST RENATUS,"SPRAY, METERED",NASAL,Prescription
KRAZATI,ADAGRASIB,NDA216340,BRISTOL,TABLET,ORAL,Prescription
KRINTAFEL,TAFENOQUINE SUCCINATE,NDA210795,GLAXOSMITHKLINE,TABLET,ORAL,Prescription
KRYSTEXXA,PEGLOTICASE,BLA125293,HORIZON PHARMA,INJECTABLE,INJECTION,Prescription
KURVELO,ETHINYL ESTRADIOL; LEVONORGESTREL,ANDA091408,LUPIN LTD,TABLET,ORAL-28,Prescription
KUVAN,SAPROPTERIN DIHYDROCHLORIDE,NDA022181,BIOMARIN PHARM,TABLET,ORAL,Prescription
KWELL,LINDANE,ANDA084218,REED AND CARNRICK,LOTION,TOPICAL,Discontinued
KYBELLA,DEOXYCHOLIC ACID,NDA206333,ABBVIE,SOLUTION,SUBCUTANEOUS,Prescription
KYGEVVI,DOXECITINE; DOXRIBTIMINE,NDA219792,UCB INC,FOR SOLUTION,ORAL,Prescription
KYLEENA,LEVONORGESTREL,NDA208224,BAYER HLTHCARE,SYSTEM,INTRAUTERINE,Prescription
KYNAMRO,MIPOMERSEN SODIUM,NDA203568,KASTLE THERAPS LLC,SOLUTION,SUBCUTANEOUS,Discontinued
KYNMOBI,APOMORPHINE HYDROCHLORIDE,NDA210875,SUMITOMO PHARMA AM,FILM,SUBLINGUAL,Discontinued
KYPROLIS,CARFILZOMIB,NDA202714,ONYX PHARMS AMGEN,POWDER,INTRAVENOUS,Prescription
KYRA,DROSPIRENONE; ETHINYL ESTRADIOL,ANDA202318,SUN PHARM,TABLET,ORAL,Discontinued
KYTRIL,GRANISETRON HYDROCHLORIDE,NDA020239,ROCHE,INJECTABLE,INJECTION,Discontinued
KYXATA,CARBOPLATIN,NDA219921,AVYXA HOLDINGS,SOLUTION,INTRAVENOUS,Prescription
KYZATREX,TESTOSTERONE UNDECANOATE,NDA213953,MARIUS,CAPSULE,ORAL,Prescription
L-GLUTAMINE,L-GLUTAMINE,ANDA215647,NOVITIUM PHARMA,FOR SOLUTION,ORAL,Prescription
LABETALOL HYDROCHLORIDE,LABETALOL HYDROCHLORIDE,ANDA200908,PH HEALTH,TABLET,ORAL,Discontinued
LABETALOL HYDROCHLORIDE IN DEXTROSE,LABETALOL HYDROCHLORIDE,NDA213330,HIKMA,SOLUTION,INTRAVENOUS,Prescription
LABETALOL HYDROCHLORIDE IN SODIUM CHLORIDE,LABETALOL HYDROCHLORIDE,NDA213330,HIKMA,SOLUTION,INTRAVENOUS,Prescription
LABID,THEOPHYLLINE,ANDA087225,WARNER CHILCOTT,"TABLET, EXTENDED RELEASE",ORAL,Discontinued
LAC-HYDRIN,AMMONIUM LACTATE,NDA019155,SUN PHARM INDS INC,LOTION,TOPICAL,Discontinued
LACOSAMIDE,LACOSAMIDE,ANDA204857,AMNEAL PHARMS,TABLET,ORAL,Discontinued
LACRISERT,HYDROXYPROPYL CELLULOSE,NDA018771,BAUSCH AND LOMB INC,INSERT,OPHTHALMIC,Discontinued
LACTATED RINGER'S AND DEXTROSE 5% IN PLASTIC CONTAINER,CALCIUM CHLORIDE; DEXTROSE; POTASSIUM CHLORIDE; SODIUM CHLORIDE; SODIUM LACTATE,NDA016679,BAXTER HLTHCARE,INJECTABLE,INJECTION,Prescription
LACTATED RINGER'S IN PLASTIC CONTAINER,CALCIUM CHLORIDE; POTASSIUM CHLORIDE; SODIUM CHLORIDE; SODIUM LACTATE,NDA017641,OTSUKA ICU MEDCL,INJECTABLE,INJECTION,Prescription
LACTULOSE,LACTULOSE,ANDA203762,APOZEAL PHARMS,SOLUTION,"ORAL, RECTAL",Prescription
LAMICTAL,LAMOTRIGINE,NDA020241,GLAXOSMITHKLINE LLC,TABLET,ORAL,Prescription
LAMICTAL CD,LAMOTRIGINE,NDA020764,GLAXOSMITHKLINE LLC,"TABLET, FOR SUSPENSION",ORAL,Discontinued
LAMICTAL ODT,LAMOTRIGINE,NDA022251,GLAXOSMITHKLINE LLC,"TABLET, ORALLY DISINTEGRATING",ORAL,Prescription
LAMICTAL XR,LAMOTRIGINE,NDA022115,GLAXOSMITHKLINE LLC,"TABLET, EXTENDED RELEASE",ORAL,Prescription
LAMISIL,TERBINAFINE,NDA020846,KARO HLTHCARE,GEL,TOPICAL,Discontinued
LAMISIL,TERBINAFINE HYDROCHLORIDE,NDA020980,KARO HLTHCARE,CREAM,TOPICAL,Over-the-counter
LAMISIL AT,TERBINAFINE,NDA021958,KARO HLTHCARE,GEL,TOPICAL,Over-the-counter
LAMISIL AT,TERBINAFINE HYDROCHLORIDE,NDA021124,KARO HLTHCARE,SOLUTION,TOPICAL,Over-the-counter
LAMIVUDINE,LAMIVUDINE,ANDA077221,CIPLA,TABLET,ORAL,Prescription
LAMIVUDINE AND STAVUDINE,LAMIVUDINE; STAVUDINE,NDA022479,HETERO DRUGS LTD,TABLET,ORAL,None (Tentative Approval)
LAMIVUDINE AND TENOFOVIR DISOPROXIL FUMARATE,LAMIVUDINE; TENOFOVIR DISOPROXIL FUMARATE,NDA207315,HETERO LABS LTD III,TABLET,ORAL,None (Tentative Approval)
LAMIVUDINE AND ZIDOVUDINE,LAMIVUDINE; ZIDOVUDINE,ANDA206375,EPIC PHARMA LLC,TABLET,ORAL,Prescription
"LAMIVUDINE, NEVIRAPINE AND ZIDOVUDINE",LAMIVUDINE; NEVIRAPINE; ZIDOVUDINE,NDA205626,MICRO LABS,TABLET,ORAL,Discontinued
"LAMIVUDINE, NEVIRAPINE, AND STAVUDINE","LAMIVUDINE, NEVIRAPINE, AND STAVUDINE",NDA022537,MACLEODS PHARMA,TABLET,ORAL,None (Tentative Approval)
"LAMIVUDINE, NEVIRAPINE, AND STAVUDINE",LAMIVUDINE; NEVIRAPINE; STAVUDINE,NDA200244,HETERO DRUGS LTD,TABLET,ORAL,None (Tentative Approval)
"LAMIVUDINE, ZIDOVUDINE TABS 150MG/300MG CO-PACKAGED WITH NEVIRAPINE TABS 200MG",LAMIVUDINE; NEVIRAPINE; ZIDOVUDINE,NDA022356,HETERO DRUGS LTD,TABLET,ORAL,None (Tentative Approval)
LAMIVUDINE/NEVIRAPINE/ZIDOVUDINE TABLETS,Lamivudine; Nevirapine; Zidovudine,NDA200793,MATRIX LABS,"TABLET, FOR SUSPENSION",ORAL,None (Tentative Approval)
LAMIVUDINE/TENOFOVIR DISOPROXIL FUMARATE FDC TABS,LAMIVUDINE; TENOFOVIR,NDA022459,HETERO DRUGS LTD,TABLET,ORAL,None (Tentative Approval)
LAMIVUDINE; NEVIRAPINE; ZIDOVUDINE,LAMIVUDINE; NEVIRAPINE; ZIDOVUDINE,NDA202157,HETERO LABS UNIT III,TABLET,ORAL,None (Tentative Approval)
LAMIVUDINE; STAVUDINE,LAMIVUDINE; STAVUDINE,NDA022085,MATRIX LABS,TABLET,ORAL,None (Tentative Approval)
LAMIVUDINE; STAVUDINE; NEVIRAPINE,LAMIVUDINE; NEVIRAPINE; STAVUDINE,NDA021969,CIPLA LIMITED,TABLET,ORAL,None (Tentative Approval)
LAMIVUDINE; TENOFOVIR DISOPROXIL FUMARATE,LAMIVUDINE; TENOFOVIR DISOPROXIL FUMARATE,NDA200623,CIPLA LIMITED,TABLET,ORAL,None (Tentative Approval)
LAMIVUDINE; TENOFOVIR DISOPROXIL FUMARATE; NEVIRAPINE,LAMIVUDINE; NEVIRAPINE; TENOFOVIR DISOPROXIL FUMARATE,NDA202171,MATRIX LABS LTD,TABLET,ORAL,None (Tentative Approval)
LAMIVUDINE; ZIDOVUDINE,EFAVIRENZ; LAMIVUDINE; ZIDOVUDINE,NDA021943,AUROBINDO PHARMA LTD,TABLET,ORAL,None (Tentative Approval)
LAMIVUDINE; ZIDOVUDINE,LAMIVUDINE; ZIDOVUDINE,NDA201151,CIPLA LIMITED,TABLET,ORAL,None (Tentative Approval)
LAMIVUDINE; ZIDOVUDINE; ABACAVIR,ABACAVIR; LAMIVUDINE; ZIDOVUDINE,NDA021944,AUROBINDO PHARMA LTD,TABLET,ORAL,None (Tentative Approval)
LAMIVUDINE; ZIDOVUDINE; EFAVIRENZ,EFAVIRENZ; LAMIVUDINE; ZIDOVUDINE,NDA022096,STRIDES ACROLAB,TABLET,ORAL,None (Tentative Approval)
LAMIVUDINE; ZIDOVUDINE; NEVIRAPINE,LAMIVUDINE; NEVIRAPINE; ZIDOVUDINE,NDA021971,CIPLA LIMITED,TABLET,ORAL,None (Tentative Approval)
LAMOTRIGINE,LAMOTRIGINE,ANDA076701,DR REDDYS LABS LTD,"TABLET, FOR SUSPENSION",ORAL,Prescription
LAMPIT,NIFURTIMOX,NDA213464,BAYER HEALTHCARE,TABLET,ORAL,Prescription
LAMPRENE,CLOFAZIMINE,NDA019500,NOVARTIS,CAPSULE,ORAL,Discontinued
LAMZEDE,VELMANASE ALFA-TYCV,BLA761278,CHIESI FARMACEUTICI SPA,"POWDER, FOR INJECTION SOLUTION, LYOPHILIZED POWDER",,Prescription
LANABIOTIC,BACITRACIN ZINC; LIDOCAINE; NEOMYCIN SULFATE; POLYMYXIN B SULFATE,ANDA062499,COMBE,OINTMENT,TOPICAL,Discontinued
LANABIOTIC,BACITRACIN; POLYMYXIN B SULFATE,NDA050598,COMBE,DISC,TOPICAL,Discontinued
LANGLARA,INSULIN GLARGINE-ALDY,BLA761412,SUNSHINE LAKE PHARMA CO LTD,INJECTABLE,SUBCUTANEOUS,Prescription
LANIAZID,ISONIAZID,ANDA089243,LANNETT,SYRUP,ORAL,Discontinued
LANOPHYLLIN,THEOPHYLLINE,ANDA084578,LANNETT,ELIXIR,ORAL,Discontinued
LANORINAL,ASPIRIN; BUTALBITAL; CAFFEINE,ANDA086986,LANNETT,TABLET,ORAL,Discontinued
LANOXICAPS,DIGOXIN,NDA018118,GLAXOSMITHKLINE LLC,CAPSULE,ORAL,Discontinued
LANOXIN,DIGOXIN,NDA009330,AZURITY,INJECTABLE,INJECTION,Prescription
LANOXIN PEDIATRIC,DIGOXIN,NDA009330,AZURITY,INJECTABLE,INJECTION,Prescription
LANREOTIDE ACETATE,LANREOTIDE ACETATE,NDA215395,INVAGEN PHARMS,SOLUTION,SUBCUTANEOUS,Prescription
LANSOPRAZOLE,LANSOPRAZOLE,ANDA202366,ZYDUS HLTHCARE,"CAPSULE, DELAYED REL PELLETS",ORAL,Prescription
"LANSOPRAZOLE, AMOXICILLIN AND CLARITHROMYCIN (COPACKAGED)",AMOXICILLIN; CLARITHROMYCIN; LANSOPRAZOLE,ANDA206006,RISING,"CAPSULE, TABLET, CAPSULE, DELAYED REL PELLETS",ORAL,Prescription
LANTHANUM CARBONATE,LANTHANUM CARBONATE,ANDA090977,BARR,"TABLET, CHEWABLE",ORAL,Prescription
LANTRISUL,SULFAMERAZINE; SULFAMETHAZINE); TRISULFAPYRIMIDINES (SULFADIAZINE,ANDA080123,LANNETT,SUSPENSION,ORAL,Discontinued
LANTUS,INSULIN GLARGINE RECOMBINANT,BLA021081,SANOFI AVENTIS US,INJECTABLE,INJECTION,Prescription
LANTUS SOLOSTAR,INSULIN GLARGINE RECOMBINANT,BLA021081,SANOFI AVENTIS US,INJECTABLE,INJECTION,Prescription
LAPATINIB DITOSYLATE,LAPATINIB DITOSYLATE,ANDA203007,NATCO PHARMA LTD,TABLET,ORAL,Prescription
LARGON,PROPIOMAZINE HYDROCHLORIDE,NDA012382,HIKMA,INJECTABLE,INJECTION,Discontinued
LARIAM,MEFLOQUINE HYDROCHLORIDE,NDA019591,ROCHE,TABLET,ORAL,Discontinued
LARIN 1.5/30,ETHINYL ESTRADIOL; NORETHINDRONE ACETATE,ANDA202996,NOVAST LABS,TABLET,ORAL-21,Prescription
LARIN 1/20,ETHINYL ESTRADIOL; NORETHINDRONE ACETATE,ANDA202995,NOVAST LABS,TABLET,ORAL-21,Prescription
LARIN 24 FE,ETHINYL ESTRADIOL; NORETHINDRONE ACETATE,ANDA202994,NOVAST LABS,TABLET,ORAL,Prescription
LARIN FE 1.5/30,ETHINYL ESTRADIOL; NORETHINDRONE ACETATE,ANDA091453,NOVAST LABS,TABLET,ORAL-28,Prescription
LARIN FE 1/20,ETHINYL ESTRADIOL; NORETHINDRONE ACETATE,ANDA091454,NOVAST LABS,TABLET,ORAL-28,Prescription
LARODOPA,LEVODOPA,NDA016912,ROCHE,TABLET,ORAL,Discontinued
LAROTID,AMOXICILLIN,NDA050460,GLAXOSMITHKLINE,FOR SUSPENSION,ORAL,Discontinued
LAROTRECTINIB,LAROTRECTINIB,ANDA220639,ALEMBIC PHARMACEUTICALS LIMITED,CAPSULE,,None (Tentative Approval)
LARTRUVO,OLARATUMAB,BLA761038,ELI LILLY AND CO,Injectable,Injection,Discontinued
LARYNG-O-JET KIT,LIDOCAINE HYDROCHLORIDE,ANDA086364,INTL MEDICATION,SOLUTION,TOPICAL,Prescription
LARYNGOTRACHEAL ANESTHESIA KIT,LIDOCAINE HYDROCHLORIDE,ANDA087931,KENDALL IL,SOLUTION,TOPICAL,Discontinued
LASIX,FUROSEMIDE,NDA017688,SANOFI AVENTIS US,SOLUTION,ORAL,Discontinued
LASIX ONYU,FUROSEMIDE,NDA217294,SQ INNOVATION,SOLUTION,SUBCUTANEOUS,Prescription
LASMIDITAN,LASMIDITAN,ANDA219350,"QILU PHARMACEUTICAL CO., LTD.",TABLET,,None (Tentative Approval)
LASTACAFT,ALCAFTADINE,NDA022134,ABBVIE,SOLUTION/DROPS,OPHTHALMIC,Over-the-counter
LATANOPROST,LATANOPROST,ANDA202077,CARNEGIE,SOLUTION/DROPS,OPHTHALMIC,Discontinued
LATANOPROSTENE BUNOD,LATANOPROSTENE BUNOD,ANDA217387,GLAND,SOLUTION/DROPS,OPHTHALMIC,Prescription
LATISSE,BIMATOPROST,NDA022369,ABBVIE,SOLUTION/DROPS,TOPICAL,Prescription
LATUDA,LURASIDONE HYDROCHLORIDE,NDA200603,SUNOVION PHARMS INC,TABLET,ORAL,Prescription
LAX-LYTE WITH FLAVOR PACKS,POLYETHYLENE GLYCOL 3350; POTASSIUM CHLORIDE; SODIUM BICARBONATE; SODIUM CHLORIDE,ANDA079232,L PERRIGO CO,FOR SOLUTION,ORAL,Discontinued
LAXILOSE,LACTULOSE,ANDA073686,NOSTRUM LABS,SOLUTION,ORAL,Discontinued
LAZANDA,FENTANYL CITRATE,NDA022569,BTCP PHARMA,"SPRAY, METERED",NASAL,Discontinued
LAZCLUZE,LAZERTINIB MESYLATE,NDA219008,JANSSEN BIOTECH,TABLET,ORAL,Prescription
LEDERCILLIN VK,PENICILLIN V POTASSIUM,ANDA060136,LEDERLE,FOR SOLUTION,ORAL,Discontinued
LEFLUNOMIDE,LEFLUNOMIDE,ANDA077083,BARR,TABLET,ORAL,Discontinued
LEGUBETI,ACETYLCYSTEINE LYSINE,NDA215040,GALEPHAR,FOR SOLUTION,ORAL,Discontinued
LEMTRADA,ALEMTUZUMAB,BLA103948,GENZYME,INJECTABLE,INJECTION,Prescription
LENALIDOMIDE,LENALIDOMIDE,ANDA214398,LUPIN,CAPSULE,ORAL,Prescription
LENVATINIB,LENVATINIB MESYLATE,ANDA213092,SUN PHARM INDS INC,CAPSULE,ORAL,Prescription
LENVIMA,LENVATINIB MESYLATE,NDA206947,EISAI INC,CAPSULE,ORAL,Prescription
LEQEMBI,LECANEMAB-IRMB,BLA761269,EISAI INC,INJECTABLE,INJECTION,Prescription
LEQEMBI IQLIK,LECANEMAB-IRMB,BLA761375,EISAI INC,INJECTABLE,SUBCUTANEOUS,Prescription
LEQSELVI,DEURUXOLITINIB PHOSPHATE,NDA217900,SUN PHARM INDS INC,TABLET,ORAL,Prescription
LEQVIO,INCLISIRAN SODIUM,NDA214012,NOVARTIS,SOLUTION,SUBCUTANEOUS,Prescription
LERIBANE,ETHINYL ESTRADIOL; NORETHINDRONE ACETATE,ANDA203435,NOVAST LABS,TABLET,ORAL,Prescription
LERITINE,ANILERIDINE HYDROCHLORIDE,NDA010585,MERCK,TABLET,ORAL,Discontinued
LERITINE,ANILERIDINE PHOSPHATE,NDA010520,MERCK,INJECTABLE,INJECTION,Discontinued
LEROCHOL,LERODALCIBEP-LIGA,BLA761427,"LIB THERAPEUTICS, INC.",INJECTABLE,INJECTION,Prescription
LESCOL,FLUVASTATIN SODIUM,NDA020261,NOVARTIS,CAPSULE,ORAL,Discontinued
LESCOL XL,FLUVASTATIN SODIUM,NDA021192,SANDOZ,"TABLET, EXTENDED RELEASE",ORAL,Prescription
LESSINA-21,ETHINYL ESTRADIOL; LEVONORGESTREL,ANDA075803,BARR,TABLET,ORAL-21,Discontinued
LESSINA-28,ETHINYL ESTRADIOL; LEVONORGESTREL,ANDA075803,BARR,TABLET,ORAL-28,Prescription
LETAIRIS,AMBRISENTAN,NDA022081,GILEAD,TABLET,ORAL,Prescription
LETERMOVIR,LETERMOVIR,ANDA216799,ZYDUS PHARMS USA INC,TABLET,ORAL,None (Tentative Approval)
LETROZOLE,LETROZOLE,ANDA078190,PHARMOBEDIENT,TABLET,ORAL,Discontinued
LETROZOLE;VRIBOCICLIB SUCCINATE,LETROZOLE; RIBOCICLIB SUCCINATE,ANDA215975,MSN LABS PVT LTD,TABLET,ORAL,None (Tentative Approval)
LETYBO,LETIBOTULINUMTOXINA-WLBG,BLA761225,HUGEL INC,"POWDER, FOR SOLUTION",,Prescription
LEUCOVORIN CALCIUM,LEUCOVORIN CALCIUM,ANDA081224,ELKINS SINN,INJECTABLE,INJECTION,Discontinued
LEUCOVORIN CALCIUM PRESERVATIVE FREE,LEUCOVORIN CALCIUM,ANDA040286,FRESENIUS KABI USA,INJECTABLE,INJECTION,Prescription
LEUKERAN,CHLORAMBUCIL,NDA010669,WAYLIS THERAP,TABLET,ORAL,Prescription
LEUKINE,SARGRAMOSTIM,BLA103362,BERLEX LABS,VIAL,,Prescription
LEUPROLIDE ACETATE,LEUPROLIDE ACETATE,ANDA217437,PH HEALTH,SOLUTION,SUBCUTANEOUS,Discontinued
LEUPROLIDE ACETATE FOR DEPOT SUSPENSION,LEUPROLIDE ACETATE,NDA205054,INVAGEN PHARMS,FOR SUSPENSION,INTRAMUSCULAR,Prescription
LEUSTATIN,CLADRIBINE,NDA020229,JANSSEN PHARMS,INJECTABLE,INJECTION,Discontinued
LEVALBUTEROL HYDROCHLORIDE,LEVALBUTEROL HYDROCHLORIDE,ANDA215217,NEPHRON,SOLUTION,INHALATION,Prescription
LEVAQUIN,LEVOFLOXACIN,NDA020635,JANSSEN PHARMS,INJECTABLE,INJECTION,Discontinued
LEVAQUIN IN DEXTROSE 5% IN PLASTIC CONTAINER,LEVOFLOXACIN,NDA020635,JANSSEN PHARMS,INJECTABLE,INJECTION,Discontinued
LEVATOL,PENBUTOLOL SULFATE,NDA018976,ENDO OPERATIONS,TABLET,ORAL,Discontinued
LEVEMIR,INSULIN DETEMIR,BLA021878,NOVO NORDISK,INJECTABLE,INJECTION,Prescription
LEVEMIR,INSULIN DETEMIR RECOMBINANT,BLA021536,NOVO NORDISK INC,INJECTABLE,SUBCUTANEOUS,Prescription
LEVEMIR FLEXPEN,INSULIN DETEMIR RECOMBINANT,BLA021536,NOVO NORDISK INC,INJECTABLE,SUBCUTANEOUS,Discontinued
LEVEMIR FLEXTOUCH,INSULIN DETEMIR RECOMBINANT,BLA021536,NOVO NORDISK INC,INJECTABLE,SUBCUTANEOUS,Prescription
LEVEMIR INNOLET,INSULIN DETEMIR RECOMBINANT,BLA021536,NOVO NORDISK INC,INJECTABLE,SUBCUTANEOUS,Discontinued
LEVEMIR PENFILL,INSULIN DETEMIR RECOMBINANT,BLA021536,NOVO NORDISK INC,INJECTABLE,SUBCUTANEOUS,Discontinued
LEVETIRACETAM,LEVETIRACETAM,ANDA078731,MYLAN,TABLET,ORAL,Discontinued
LEVETIRACETAM IN SODIUM CHLORIDE,LEVETIRACETAM,ANDA219562,CAPLIN,INJECTABLE,INTRAVENOUS,Prescription
LEVITRA,VARDENAFIL HYDROCHLORIDE,NDA021400,BAYER HLTHCARE,TABLET,ORAL,Discontinued
LEVLITE,ETHINYL ESTRADIOL; LEVONORGESTREL,NDA020860,BAYER HLTHCARE,TABLET,ORAL-28,Discontinued
LEVO-DROMORAN,LEVORPHANOL TARTRATE,NDA008719,VALEANT PHARM INTL,INJECTABLE,INJECTION,Discontinued
LEVO-T,LEVOTHYROXINE SODIUM,NDA021342,CEDIPROF INC,TABLET,ORAL,Prescription
LEVOBUNOLOL HYDROCHLORIDE,LEVOBUNOLOL HYDROCHLORIDE,ANDA074307,BAUSCH AND LOMB,SOLUTION/DROPS,OPHTHALMIC,Discontinued
LEVOCARNITINE,LEVOCARNITINE,ANDA211676,NOVITIUM PHARMA,SOLUTION,ORAL,Prescription
LEVOCARNITINE SF,LEVOCARNITINE,ANDA211676,NOVITIUM PHARMA,SOLUTION,ORAL,Prescription
LEVOCETIRIZINE DIHYDROCHLORIDE,LEVOCETIRIZINE DIHYDROCHLORIDE,ANDA202046,MICRO LABS LTD INDIA,TABLET,ORAL,Prescription
LEVOCETIRIZINE HYDROCHLORIDE,LEVOCETIRIZINE DIHYDROCHLORIDE,ANDA210914,HETERO LABS LTD III,SOLUTION,ORAL,Prescription
LEVOFLOXACIN,LEVOFLOXACIN,ANDA076826,WATSON LABS TEVA,SOLUTION/DROPS,OPHTHALMIC,Discontinued
LEVOFLOXACIN,LEVOFLOXACIN; SODIUM CHLORIDE,NDA021832,SICOR PHARMS,INJECTABLE,INJECTION,None (Tentative Approval)
LEVOFLOXACIN IN DEXTROSE 5% IN PLASTIC CONTAINER,LEVOFLOXACIN,ANDA078579,HOSPIRA,INJECTABLE,INJECTION,Prescription
LEVOFLOXACIN; DEXTROSE,DEXTROSE; LEVOFLOXACIN,ANDA090305,BEDFORD LABS,INJECTABLE,INJECTION,None (Tentative Approval)
LEVOLET,LEVOTHYROXINE SODIUM,NDA021137,GENUS LIFESCIENCES,TABLET,ORAL,Prescription
LEVOLEUCOVORIN CALCIUM,LEVOLEUCOVORIN CALCIUM,ANDA206263,HIKMA,POWDER,INTRAVENOUS,Discontinued
LEVOMILNACIPRAN,LEVOMILNACIPRAN,ANDA210857,ZYDUS PHARMS USA INC,"CAPSULE, EXTENDED RELEASE",ORAL,None (Tentative Approval)
LEVOMILNACIPRAN HYDROCHLORIDE,LEVOMILNACIPRAN HYDROCHLORIDE,ANDA210826,AUROBINDO PHARMA LTD,"CAPSULE, EXTENDED RELEASE",ORAL,Discontinued
LEVONEST,ETHINYL ESTRADIOL; LEVONORGESTREL,ANDA090719,NOVAST LABS LTD,TABLET,ORAL-28,Prescription
LEVONORGESTREL,LEVONORGESTREL,ANDA202684,LOTUS PHARM CO LTD,TABLET,ORAL,Discontinued
LEVONORGESTREL AND ETHINYL ESTRADIOL,ETHINYL ESTRADIOL; LEVONORGESTREL,ANDA077681,DR REDDYS LABS SA,TABLET,ORAL-28,Prescription
LEVONORGESTREL AND ETHINYL ESTRADIOL AND ETHINYL ESTRADIOL,ETHINYL ESTRADIOL; LEVONORGESTREL,ANDA078834,DR REDDYS LABS SA,TABLET,ORAL,Prescription
LEVONORGESTREL AND ETHINYL ESTRADIOL AND FERROUS FUMARATE,ETHINYL ESTRADIOL; LEVONORGESTREL,ANDA214640,XIROMED,TABLET,ORAL,Prescription
LEVOPHED,NOREPINEPHRINE BITARTRATE,NDA007513,HOSPIRA,INJECTABLE,INJECTION,Prescription
LEVOPROME,LEVOMEPROMAZINE,NDA015865,IMMUNEX,INJECTABLE,INJECTION,Discontinued
LEVORA 0.15/30-21,ETHINYL ESTRADIOL; LEVONORGESTREL,ANDA073592,WATSON LABS,TABLET,ORAL-21,Discontinued
LEVORA 0.15/30-28,ETHINYL ESTRADIOL; LEVONORGESTREL,ANDA073594,DR REDDYS LABS SA,TABLET,ORAL-28,Prescription
LEVORPHANOL TARTRATE,LEVORPHANOL TARTRATE,ANDA213479,NOVITIUM PHARMA,TABLET,ORAL,Prescription
LEVOTHYROXINE SODIUM,LEVOTHYROXINE SODIUM,NDA210632,FRESENIUS KABI USA,SOLUTION,INTRAVENOUS,Prescription
LEVOXYL,LEVOTHYROXINE SODIUM,NDA021301,KING PHARMS,TABLET,ORAL,Prescription
LEVULAN,AMINOLEVULINIC ACID HYDROCHLORIDE,NDA020965,SUN PHARM INDS INC,SOLUTION,TOPICAL,Prescription
LEXAPRO,ESCITALOPRAM OXALATE,NDA021440,FOREST LABS,TABLET,ORAL,Prescription
LEXETTE,HALOBETASOL PROPIONATE,NDA210566,MAYNE PHARMA,"AEROSOL, FOAM",TOPICAL,Discontinued
LEXISCAN,REGADENOSON,NDA022161,ASTELLAS,SOLUTION,INTRAVENOUS,Prescription
LEXIVA,FOSAMPRENAVIR CALCIUM,NDA021548,VIIV HLTHCARE,TABLET,ORAL,Discontinued
LEXXEL,ENALAPRIL MALEATE; FELODIPINE,NDA020668,ASTRAZENECA,"TABLET, EXTENDED RELEASE",ORAL,Discontinued
LIALDA,MESALAMINE,NDA022000,TAKEDA PHARMS USA,"TABLET, DELAYED RELEASE",ORAL,Prescription
LIBERVANT,DIAZEPAM,NDA212641,AQUESTIVE,FILM,BUCCAL,None (Tentative Approval)
LIBRAX,CHLORDIAZEPOXIDE HYDROCHLORIDE; CLIDINIUM BROMIDE,NDA012750,BAUSCH,CAPSULE,ORAL,Prescription
LIBRELEASE,CHLORDIAZEPOXIDE,NDA017813,VALEANT PHARM INTL,"CAPSULE, EXTENDED RELEASE",ORAL,Discontinued
LIBRITABS,CHLORDIAZEPOXIDE,ANDA085488,VALEANT PHARM INTL,TABLET,ORAL,Discontinued
LIBRIUM,CHLORDIAZEPOXIDE HYDROCHLORIDE,NDA012249,VALEANT PHARM INTL,CAPSULE,ORAL,Discontinued
LIBTAYO,CEMIPLIMAB-RWLC,BLA761097,REGENERON PHARMACEUTICALS,INJECTABLE,INTRAVENOUS,Prescription
LICART,DICLOFENAC EPOLAMINE,NDA206976,IBSA INST BIO,SYSTEM,TOPICAL,Prescription
LIDEX,FLUOCINONIDE,NDA016909,ALVOGEN,OINTMENT,TOPICAL,Discontinued
LIDEX-E,FLUOCINONIDE,NDA016908,ALVOGEN,CREAM,TOPICAL,Discontinued
LIDOCAINE,LIDOCAINE,ANDA202346,PHARMOBEDIENT,PATCH,TOPICAL,Prescription
LIDOCAINE AND PRILOCAINE,LIDOCAINE; PRILOCAINE,ANDA076453,FOUGERA PHARMS,CREAM,TOPICAL,Prescription
LIDOCAINE HYDROCHLORIDE,LIDOCAINE HYDROCHLORIDE,ANDA080504,BELMORA LLC,INJECTABLE,INJECTION,Discontinued
LIDOCAINE HYDROCHLORIDE 0.1% AND DEXTROSE 5% IN PLASTIC CONTAINER,LIDOCAINE HYDROCHLORIDE,NDA018461,BAXTER HLTHCARE,INJECTABLE,INJECTION,Discontinued
LIDOCAINE HYDROCHLORIDE 0.2% AND DEXTROSE 5% IN PLASTIC CONTAINER,LIDOCAINE HYDROCHLORIDE,NDA018461,BAXTER HLTHCARE,INJECTABLE,INJECTION,Prescription
LIDOCAINE HYDROCHLORIDE 0.2% IN DEXTROSE 5%,LIDOCAINE HYDROCHLORIDE,ANDA083158,HOSPIRA,INJECTABLE,INJECTION,Discontinued
LIDOCAINE HYDROCHLORIDE 0.2% IN DEXTROSE 5% IN PLASTIC CONTAINER,LIDOCAINE HYDROCHLORIDE,NDA018954,ABBOTT,INJECTABLE,INJECTION,Discontinued
LIDOCAINE HYDROCHLORIDE 0.4% AND DEXTROSE 5% IN PLASTIC CONTAINER,LIDOCAINE HYDROCHLORIDE,NDA018461,BAXTER HLTHCARE,INJECTABLE,INJECTION,Prescription
LIDOCAINE HYDROCHLORIDE 0.4% IN DEXTROSE 5%,LIDOCAINE HYDROCHLORIDE,ANDA083158,HOSPIRA,INJECTABLE,INJECTION,Discontinued
LIDOCAINE HYDROCHLORIDE 0.4% IN DEXTROSE 5% IN PLASTIC CONTAINER,LIDOCAINE HYDROCHLORIDE,NDA018388,HOSPIRA,INJECTABLE,INJECTION,Discontinued
LIDOCAINE HYDROCHLORIDE 0.8% AND DEXTROSE 5% IN PLASTIC CONTAINER,LIDOCAINE HYDROCHLORIDE,NDA018461,BAXTER HLTHCARE,INJECTABLE,INJECTION,Prescription
LIDOCAINE HYDROCHLORIDE 0.8% IN DEXTROSE 5% IN PLASTIC CONTAINER,LIDOCAINE HYDROCHLORIDE,NDA018388,HOSPIRA,INJECTABLE,INJECTION,Discontinued
LIDOCAINE HYDROCHLORIDE 5% AND DEXTROSE 7.5%,LIDOCAINE HYDROCHLORIDE,ANDA083914,HOSPIRA,INJECTABLE,SPINAL,Prescription
LIDOCAINE HYDROCHLORIDE AND EPINEPHRINE,EPINEPHRINE; LIDOCAINE HYDROCHLORIDE,ANDA078772,HOSPIRA,INJECTABLE,INJECTION,Discontinued
LIDOCAINE HYDROCHLORIDE IN PLASTIC CONTAINER,LIDOCAINE HYDROCHLORIDE,ANDA088367,HOSPIRA,INJECTABLE,INJECTION,Discontinued
LIDOCAINE HYDROCHLORIDE PRESERVATIVE FREE,LIDOCAINE HYDROCHLORIDE,ANDA084625,HIKMA,INJECTABLE,INJECTION,Prescription
LIDOCAINE HYDROCHLORIDE PRESERVATIVE FREE IN PLASTIC CONTAINER,LIDOCAINE HYDROCHLORIDE,ANDA040302,HOSPIRA,INJECTABLE,INJECTION,Prescription
LIDOCAINE HYDROCHLORIDE VISCOUS,LIDOCAINE HYDROCHLORIDE,ANDA218138,PAI HOLDINGS PHARM,SOLUTION,ORAL,Prescription
LIDOCAINE HYDROCHLORIDE W/ EPINEPHRINE,EPINEPHRINE; LIDOCAINE HYDROCHLORIDE,ANDA080757,BEL MAR,INJECTABLE,INJECTION,Discontinued
LIDOCAINE VISCOUS,LIDOCAINE HYDROCHLORIDE,ANDA088802,HIKMA,SOLUTION,ORAL,Prescription
LIDOCATON,EPINEPHRINE; LIDOCAINE HYDROCHLORIDE,ANDA084728,PHARMATON,INJECTABLE,INJECTION,Discontinued
LIDOCATON,LIDOCAINE HYDROCHLORIDE,ANDA084727,PHARMATON,INJECTABLE,INJECTION,Discontinued
LIDODERM,LIDOCAINE,NDA020612,TEIKOKU PHARMA USA,PATCH,TOPICAL,Prescription
LIDOPEN,LIDOCAINE HYDROCHLORIDE,NDA017549,MERIDIAN MEDCL TECHN,INJECTABLE,INJECTION,Discontinued
LIDOSITE TOPICAL SYSTEM KIT,EPINEPHRINE; LIDOCAINE HYDROCHLORIDE,NDA021504,VYTERIS,PATCH,"IONTOPHORESIS, TOPICAL",Discontinued
LIFITEGRAST,LIFITEGRAST,ANDA215126,SUN PHARM INDS LTD,SOLUTION/DROPS,OPHTHALMIC,None (Tentative Approval)
LIFYORLI (COPACKAGED),RELACORILANT,NDA220641,CORCEPT THERAP,CAPSULE,ORAL,Prescription
LIGNOSPAN FORTE,EPINEPHRINE BITARTRATE; LIDOCAINE HYDROCHLORIDE,ANDA088389,DEPROCO,INJECTABLE,INJECTION,Prescription
LIGNOSPAN STANDARD,EPINEPHRINE BITARTRATE; LIDOCAINE HYDROCHLORIDE,ANDA088390,DEPROCO,INJECTABLE,INJECTION,Prescription
LIKMEZ,METRONIDAZOLE,NDA216755,SAPTALIS PHARMS,SUSPENSION,ORAL,Prescription
LILETTA,LEVONORGESTREL,NDA206229,MEDICINES360,SYSTEM,INTRAUTERINE,Prescription
LIMBITROL,AMITRIPTYLINE HYDROCHLORIDE; CHLORDIAZEPOXIDE,NDA016949,CHARTWELL RX,TABLET,ORAL,Discontinued
LIMBITROL DS,AMITRIPTYLINE HYDROCHLORIDE; CHLORDIAZEPOXIDE,NDA016949,CHARTWELL RX,TABLET,ORAL,Discontinued
LINACLOTIDE,LINACLOTIDE,ANDA211255,ACTAVIS LABS FL INC,CAPSULE,ORAL,None (Tentative Approval)
LINAGLIPTIN,LINAGLIPTIN,ANDA208433,TEVA PHARMS USA,TABLET,ORAL,Prescription
LINAGLIPTIN AND METFORMIN HYDROCHLORIDE,LINAGLIPTIN AND METFORMIN HYDROCHLORIDE,ANDA208454,SUN PHARM INDS LTD,TABLET,ORAL,None (Tentative Approval)
LINAGLIPTIN AND METFORMIN HYDROCHLORIDE,LINAGLIPTIN; METFORMIN HYDROCHLORIDE,ANDA208459,MSN,TABLET,ORAL,Prescription
LINAGLIPTIN; METFORMIN HYDROCHLORIDE,LINAGLIPTIN; METFORMIN HYDROCHLORIDE,ANDA208430,MYLAN PHARMS INC,TABLET,ORAL,None (Tentative Approval)
LINCOCIN,LINCOMYCIN HYDROCHLORIDE,NDA050317,PFIZER,INJECTABLE,INJECTION,Prescription
LINCOMYCIN HCL,LINCOMYCIN HYDROCHLORIDE,ANDA062784,QUAD PHARMS,Injectable,Injection,Discontinued
LINCOMYCIN HYDROCHLORIDE,LINCOMYCIN HYDROCHLORIDE,ANDA212770,ARTHUR GRP,INJECTABLE,INJECTION,Prescription
LINDANE,LINDANE,ANDA087266,OLTA PHARMS,SHAMPOO,TOPICAL,Discontinued
LINEZOLID,LINEZOLID,ANDA204764,FRESENIUS KABI USA,SOLUTION,INTRAVENOUS,Prescription
LINEZOLID IN SODIUM CHLORIDE 0.9% IN PLASTIC CONTAINER,LINEZOLID,NDA206473,HOSPIRA,SOLUTION,INTRAVENOUS,Prescription
LINZESS,LINACLOTIDE,NDA202811,ABBVIE,CAPSULE,ORAL,Prescription
LIORESAL,BACLOFEN,NDA020075,AMNEAL,INJECTABLE,INTRATHECAL,Prescription
LIOTHYRONINE SODIUM,LIOTHYRONINE SODIUM,ANDA090326,PHARMOBEDIENT,TABLET,ORAL,Discontinued
LIPFENDRA,ENLICITIDE DECANOATE,NDA220848,MSD,TABLET,ORAL,Prescription
LIPIDIL,FENOFIBRATE,NDA019304,ABBVIE,CAPSULE,ORAL,Discontinued
LIPIODOL,ETHIODIZED OIL,NDA009190,GUERBET,OIL,"INTRALYMPHATIC, INTRAUTERINE",Prescription
LIPITOR,ATORVASTATIN CALCIUM,NDA020702,UPJOHN,TABLET,ORAL,Prescription
LIPO GANTRISIN,SULFISOXAZOLE ACETYL,NDA009182,ROCHE,EMULSION,ORAL,Discontinued
LIPO-HEPIN,HEPARIN SODIUM,NDA017027,3M,INJECTABLE,INJECTION,Discontinued
LIPOFEN,FENOFIBRATE,NDA021612,CIPHER PHARMS INC,CAPSULE,ORAL,Discontinued
LIPOSYN 10%,SAFFLOWER OIL,NDA018203,ABBOTT,INJECTABLE,INJECTION,Discontinued
LIPOSYN 20%,SAFFLOWER OIL,NDA018614,ABBOTT,INJECTABLE,INJECTION,Discontinued
LIPOSYN II 10%,SAFFLOWER OIL; SOYBEAN OIL,NDA018997,HOSPIRA,INJECTABLE,INJECTION,Discontinued
LIPOSYN II 20%,SAFFLOWER OIL; SOYBEAN OIL,NDA018991,HOSPIRA,INJECTABLE,INJECTION,Discontinued
LIPOSYN III 10%,SOYBEAN OIL,NDA018969,HOSPIRA,INJECTABLE,INJECTION,Discontinued
LIPOSYN III 20%,SOYBEAN OIL,NDA018970,HOSPIRA,INJECTABLE,INJECTION,Discontinued
LIPOSYN III 30%,SOYBEAN OIL,NDA020181,HOSPIRA,INJECTABLE,INJECTION,Discontinued
LIPTRUZET,ATORVASTATIN CALCIUM; EZETIMIBE,NDA200153,ORGANON,TABLET,ORAL,Discontinued
LIQREV,SILDENAFIL CITRATE,NDA214952,CMP DEV LLC,SUSPENSION,ORAL,Discontinued
LIQUAEMIN LOCK FLUSH,HEPARIN SODIUM,NDA000552,ASPEN GLOBAL INC,INJECTABLE,INJECTION,Discontinued
LIQUAEMIN SODIUM,HEPARIN SODIUM,NDA000552,ASPEN GLOBAL INC,INJECTABLE,INJECTION,Discontinued
LIQUAEMIN SODIUM PRESERVATIVE FREE,HEPARIN SODIUM,NDA000552,ASPEN GLOBAL INC,INJECTABLE,INJECTION,Discontinued
LIQUAMAR,PHENPROCOUMON,NDA011228,ORGANON USA INC,TABLET,ORAL,Discontinued
LIQUID E-Z-PAQUE,BARIUM SULFATE,NDA208143,BRACCO,SUSPENSION,ORAL,Prescription
LIQUID PRED,PREDNISONE,ANDA087611,MURO,SYRUP,ORAL,Discontinued
LIRAGLUTIDE,LIRAGLUTIDE,ANDA217234,ORBICULAR,SOLUTION,SUBCUTANEOUS,Prescription
LISDEXAMFETAMINE DIMESYLATE,LISDEXAMFETAMINE DIMESYLATE,ANDA218987,GRANULES,CAPSULE,ORAL,Prescription
LISINOPRIL,LISINOPRIL,ANDA075903,ANNORA PHARMA,TABLET,ORAL,Prescription
LISINOPRIL AND HYDROCHLOROTHIAZIDE,HYDROCHLOROTHIAZIDE; LISINOPRIL,ANDA076194,WATSON LABS,TABLET,ORAL,Prescription
LITFULO,RITLECITINIB TOSYLATE,NDA215830,PFIZER,CAPSULE,ORAL,Prescription
LITHANE,LITHIUM CARBONATE,NDA018833,BAYER PHARMS,TABLET,ORAL,Discontinued
LITHIUM CARBONATE,LITHIUM CARBONATE,ANDA078763,PHARMOBEDIENT,CAPSULE,ORAL,Discontinued
LITHIUM CITRATE,LITHIUM CITRATE,ANDA217183,SCIEGEN PHARMS,SYRUP,ORAL,Prescription
LITHOBID,LITHIUM CARBONATE,NDA018027,ANI PHARMS,"TABLET, EXTENDED RELEASE",ORAL,Prescription
LITHONATE,LITHIUM CARBONATE,NDA016782,SOLVAY,CAPSULE,ORAL,Discontinued
LITHONATE,LITHIUM CITRATE,NDA017672,SOLVAY,SYRUP,ORAL,Discontinued
LITHOSTAT,ACETOHYDROXAMIC ACID,NDA018749,MISSION PHARMA,TABLET,ORAL,Prescription
LITHOTABS,LITHIUM CARBONATE,NDA016980,SOLVAY,TABLET,ORAL,Discontinued
LIVALO,PITAVASTATIN CALCIUM,NDA022363,KOWA CO,TABLET,ORAL,Prescription
LIVDELZI,SELADELPAR LYSINE,NDA217899,GILEAD SCIENCES INC,CAPSULE,ORAL,Prescription
LIVMARLI,MARALIXIBAT CHLORIDE,NDA214662,MIRUM,SOLUTION,ORAL,Prescription
LIVOSTIN,LEVOCABASTINE HYDROCHLORIDE,NDA020219,NOVARTIS,SUSPENSION/DROPS,OPHTHALMIC,Discontinued
LIVTENCITY,MARIBAVIR,NDA215596,TAKEDA PHARMS USA,TABLET,ORAL,Prescription
LO JUNEL FE,ETHINYL ESTRADIOL; NORETHINDRONE ACETATE,ANDA219324,TEVA PHARMS INC,TABLET,ORAL,Prescription
LO LARIN FE,ETHINYL ESTRADIOL; NORETHINDRONE ACETATE,ANDA208661,NOVAST LABS LTD,TABLET,ORAL,None (Tentative Approval)
LO LOESTRIN FE,ETHINYL ESTRADIOL; NORETHINDRONE ACETATE,NDA022501,APIL,TABLET,ORAL,Prescription
LO MINASTRIN FE,ETHINYL ESTRADIOL; NORETHINDRONE ACETATE,NDA204654,APIL,"TABLET, CHEWABLE, TABLET",ORAL,Discontinued
LO SIMPESSE,ETHINYL ESTRADIOL; LEVONORGESTREL,ANDA206852,AUROBINDO PHARMA,TABLET,ORAL,Prescription
LO-BLISOVI FE,ETHINYL ESTRADIOL; FERROUS FUMARATE; NORETHINDRONE ACETATE,ANDA203113,LUPIN LTD,TABLET,ORAL,None (Tentative Approval)
LO-MALMOREDE,ETHINYL ESTRADIOL; ETHYNODIOL DIACETATE,ANDA209548,NOVAST LABS,TABLET,ORAL-28,Prescription
LO-TROL,ATROPINE SULFATE; DIPHENOXYLATE HYDROCHLORIDE,ANDA088009,VANGARD,TABLET,ORAL,Discontinued
LO-ZUMANDIMINE,DROSPIRENONE; ETHINYL ESTRADIOL,ANDA209632,AUROBINDO PHARMA LTD,TABLET,ORAL,Prescription
LO/OVRAL,ETHINYL ESTRADIOL; NORGESTREL,NDA017612,CADENCE HEALTH,TABLET,ORAL-21,Discontinued
LO/OVRAL FE,ETHINYL ESTRADIOL; FERROUS FUMARATE; LEVONORGESTREL,NDA018206,CADENCE HEALTH,TABLET,ORAL,Prescription
LO/OVRAL-28,ETHINYL ESTRADIOL; NORGESTREL,NDA017802,WYETH PHARMS,TABLET,ORAL-28,Discontinued
LOARGYS,PEGZILARGINASE-NBLN,BLA761211,IMMEDICA PHARMA AB,Injectable,Injection,Prescription
LOCAMETZ,GALLIUM GA-68 GOZETOTIDE,NDA215841,NOVARTIS,POWDER,INTRAVENOUS,Prescription
LOCHOLEST,CHOLESTYRAMINE,ANDA074561,CHARTWELL RX,POWDER,ORAL,Prescription
LOCHOLEST LIGHT,CHOLESTYRAMINE,ANDA074562,CHARTWELL RX,POWDER,ORAL,Prescription
LOCOID,HYDROCORTISONE BUTYRATE,NDA019819,YAMANOUCHI,SOLUTION,TOPICAL,Discontinued
LOCOID LIPOCREAM,HYDROCORTISONE BUTYRATE,NDA020769,PRECISION DERMAT,CREAM,TOPICAL,Prescription
LOCORTEN,FLUMETHASONE PIVALATE,NDA016379,NOVARTIS,CREAM,TOPICAL,Discontinued
LODINE,ETODOLAC,NDA018922,WYETH PHARMS INC,TABLET,ORAL,Discontinued
LODINE XL,ETODOLAC,NDA020584,WYETH PHARMS INC,"TABLET, EXTENDED RELEASE",ORAL,Discontinued
LODOCO,COLCHICINE,NDA215727,AGEPHA PHARMA FZ,TABLET,ORAL,Prescription
LODOSYN,CARBIDOPA,NDA017830,ATON,TABLET,ORAL,Prescription
LOESTRIN 21 1.5/30,ETHINYL ESTRADIOL; NORETHINDRONE ACETATE,NDA017875,TEVA BRANDED PHARM,TABLET,ORAL-21,Discontinued
LOESTRIN 21 1/20,ETHINYL ESTRADIOL; NORETHINDRONE ACETATE,NDA017876,TEVA BRANDED PHARM,TABLET,ORAL-21,Discontinued
LOESTRIN 24 FE,ETHINYL ESTRADIOL; NORETHINDRONE ACETATE,NDA021871,TEVA BRANDED PHARM,TABLET,ORAL,Discontinued
LOESTRIN FE 1.5/30,ETHINYL ESTRADIOL; NORETHINDRONE ACETATE,NDA017355,TEVA BRANDED PHARM,TABLET,ORAL-21,Discontinued
LOESTRIN FE 1/20,ETHINYL ESTRADIOL; NORETHINDRONE ACETATE,NDA017354,TEVA BRANDED PHARM,TABLET,ORAL-28,Discontinued
LOFEXIDINE HYDROCHLORIDE,LOFEXIDINE HYDROCHLORIDE,ANDA219917,NOVITIUM PHARMA,TABLET,ORAL,Prescription
LOGEN,ATROPINE SULFATE; DIPHENOXYLATE HYDROCHLORIDE,ANDA088962,SUPERPHARM,TABLET,ORAL,Discontinued
LOGILIA,ULIPRISTAL ACETATE,ANDA207952,TEVA PHARMS USA,TABLET,ORAL,Prescription
LOKELMA,SODIUM ZIRCONIUM CYCLOSILICATE,NDA207078,ASTRAZENECA,FOR SUSPENSION,ORAL,Prescription
LOMAIRA,PHENTERMINE HYDROCHLORIDE,ANDA203495,AVANTHI INC,TABLET,ORAL,Prescription
LOMANATE,ATROPINE SULFATE; DIPHENOXYLATE HYDROCHLORIDE,ANDA085746,ALPHARMA US PHARMS,SOLUTION,ORAL,Discontinued
LOMOTIL,ATROPINE SULFATE; DIPHENOXYLATE HYDROCHLORIDE,NDA012699,GD SEARLE LLC,SOLUTION,ORAL,Discontinued
LOMUSTINE,LOMUSTINE,ANDA219265,CARNEGIE,CAPSULE,ORAL,Prescription
LONHALA MAGNAIR KIT,GLYCOPYRROLATE,NDA208437,SUMITOMO PHARMA AM,SOLUTION,INHALATION,Discontinued
LONITEN,MINOXIDIL,NDA018154,PFIZER,TABLET,ORAL,Discontinued
LONOX,ATROPINE SULFATE; DIPHENOXYLATE HYDROCHLORIDE,ANDA085311,FOSUN PHARMA,TABLET,ORAL,Discontinued
LONSURF,TIPIRACIL HYDROCHLORIDE; TRIFLURIDINE,NDA207981,TAIHO ONCOLOGY,TABLET,ORAL,Prescription
LOPERAMIDE HYDROCHLORIDE,LOPERAMIDE HYDROCHLORIDE,ANDA073062,WATSON LABS,SOLUTION,ORAL,Discontinued
LOPERAMIDE HYDROCHLORIDE AND SIMETHICONE,LOPERAMIDE HYDROCHLORIDE; SIMETHICONE,ANDA214541,GUARDIAN DRUG,TABLET,ORAL,Over-the-counter
LOPID,GEMFIBROZIL,NDA018422,PFIZER PHARMS,TABLET,ORAL,Prescription
LOPINAVIR AND RITONAVIR,LOPINAVIR; RITONAVIR,NDA205425,CIPLA LTD,PELLETS,ORAL,None (Tentative Approval)
LOPINAVIR; RITONAVIR,LOPINAVIR; RITONAVIR,ANDA091203,CIPLA LIMITED,SOLUTION,ORAL,None (Tentative Approval)
LOPRESSIDONE,CHLORTHALIDONE; METOPROLOL TARTRATE,NDA019451,NOVARTIS,CAPSULE,ORAL,Discontinued
LOPRESSOR,METOPROLOL FUMARATE,NDA019786,NOVARTIS,"TABLET, EXTENDED RELEASE",ORAL,Discontinued
LOPRESSOR,METOPROLOL TARTRATE,NDA018704,NOVARTIS,INJECTABLE,INJECTION,Discontinued
LOPRESSOR HCT,HYDROCHLOROTHIAZIDE; METOPROLOL TARTRATE,NDA018303,VALIDUS PHARMS,TABLET,ORAL,Discontinued
LOPROX,CICLOPIROX,NDA018748,EUROFARMA,CREAM,TOPICAL,Prescription
LOPURIN,ALLOPURINOL,ANDA071587,DR REDDYS,TABLET,ORAL,Prescription
LOQTORZI,TORIPALIMAB-TPZI,BLA761240,COHERUS BIOSCIENCES INC,INJECTABLE,INJECTION,Prescription
LORABID,LORACARBEF,NDA050667,KING PHARMS,FOR SUSPENSION,ORAL,Discontinued
LORATADINE,LORATADINE,ANDA211926,ONESOURCE,CAPSULE,ORAL,Discontinued
LORATADINE AND PSEUDOEPHEDRINE SULFATE,LORATADINE; PSEUDOEPHEDRINE SULFATE,ANDA075706,P AND L,"TABLET, EXTENDED RELEASE",ORAL,Over-the-counter
LORATADINE REDIDOSE,LORATADINE,ANDA077153,SUN PHARM INDS LTD,"TABLET, ORALLY DISINTEGRATING",ORAL,Over-the-counter
LORAZ,LORAZEPAM,ANDA070200,QUANTUM PHARMICS,TABLET,ORAL,Discontinued
LORAZEPAM,LORAZEPAM,ANDA070540,USL PHARMA,TABLET,ORAL,Discontinued
LORAZEPAM INTENSOL,LORAZEPAM,ANDA072755,HIKMA,CONCENTRATE,ORAL,Prescription
LORAZEPAM PRESERVATIVE FREE,LORAZEPAM,ANDA077074,BEDFORD LABS,INJECTABLE,INJECTION,Discontinued
LORBRENA,LORLATINIB,NDA210868,PFIZER,TABLET,ORAL,Prescription
LORCASERIN HYDROCHLORIDE,LORCASERIN HYDROCHLORIDE,ANDA209464,ZYDUS PHARMS USA INC,TABLET,ORAL,None (Tentative Approval)
LORCET-HD,ACETAMINOPHEN; HYDROCODONE BITARTRATE,ANDA087336,MALLINCKRODT,CAPSULE,ORAL,Discontinued
LOREEV XR,LORAZEPAM,NDA214826,ALMATICA,"CAPSULE, EXTENDED RELEASE",ORAL,Prescription
LORELCO,PROBUCOL,NDA017535,SANOFI AVENTIS US,TABLET,ORAL,Discontinued
LORFAN,LEVALLORPHAN TARTRATE,NDA010423,ROCHE,INJECTABLE,INJECTION,Discontinued
LORTAB,ACETAMINOPHEN; HYDROCODONE BITARTRATE,ANDA040100,UCB INC,TABLET,ORAL,Discontinued
LORYNA,DROSPIRENONE; ETHINYL ESTRADIOL,ANDA079221,XIROMED,TABLET,ORAL,Prescription
LOSARTAN POTASSIUM,LOSARTAN POTASSIUM,ANDA091129,WATSON LABS,TABLET,ORAL,Prescription
LOSARTAN POTASSIUM AND HYDROCHLOROTHIAZIDE,HYDROCHLOROTHIAZIDE; LOSARTAN POTASSIUM,ANDA077732,HIKMA,TABLET,ORAL,Discontinued
LOSEASONIQUE,ETHINYL ESTRADIOL; LEVONORGESTREL,NDA022262,TEVA BRANDED PHARM,TABLET,ORAL,Prescription
LOTEMAX,LOTEPREDNOL ETABONATE,NDA020841,PHARMOS,SUSPENSION/DROPS,OPHTHALMIC,Discontinued
LOTEMAX SM,LOTEPREDNOL ETABONATE,NDA208219,BAUSCH AND LOMB INC,GEL,OPHTHALMIC,Prescription
LOTENSIN,BENAZEPRIL HYDROCHLORIDE,NDA019851,VALIDUS PHARMS,TABLET,ORAL,Prescription
LOTENSIN HCT,BENAZEPRIL HYDROCHLORIDE; HYDROCHLOROTHIAZIDE,NDA020033,VALIDUS PHARMS,TABLET,ORAL,Prescription
LOTEPREDNOL ETABONATE,LOTEPREDNOL ETABONATE,ANDA212450,SUN PHARM,SUSPENSION/DROPS,OPHTHALMIC,Prescription
LOTEPREDNOL ETABONATE AND TOBRAMYCIN,LOTEPREDNOL ETABONATE; TOBRAMYCIN,ANDA217597,ALEMBIC,SUSPENSION/DROPS,OPHTHALMIC,Prescription
LOTREL,AMLODIPINE BESYLATE; BENAZEPRIL HYDROCHLORIDE,NDA020364,SANDOZ,CAPSULE,ORAL,Discontinued
LOTRIMIN,CLOTRIMAZOLE,NDA017619,SCHERING PLOUGH,CREAM,TOPICAL,Discontinued
LOTRIMIN AF,CLOTRIMAZOLE,NDA020890,SCHERING PLOUGH,Solution,Topical,Over-the-counter
LOTRIMIN ULTRA,BUTENAFINE HYDROCHLORIDE,NDA021307,BAYER HEALTHCARE LLC,CREAM,TOPICAL,Over-the-counter
LOTRISONE,BETAMETHASONE DIPROPIONATE; CLOTRIMAZOLE,NDA018827,ORGANON,CREAM,TOPICAL,Discontinued
LOTRONEX,ALOSETRON HYDROCHLORIDE,NDA021107,LEGACY,TABLET,ORAL,Prescription
LOTUSATE,TALBUTAL,NDA009410,SANOFI AVENTIS US,TABLET,ORAL,Discontinued
LOVASTATIN,LOVASTATIN,ANDA075935,AUROBINDO PHARMA USA,TABLET,ORAL,Discontinued
LOVAZA,OMEGA-3-ACID ETHYL ESTERS,NDA021654,WAYLIS THERAP,CAPSULE,ORAL,Prescription
LOVENOX,ENOXAPARIN SODIUM,NDA022138,SANOFI AVENTIS US,INJECTABLE,INJECTION,Prescription
LOVENOX (PRESERVATIVE FREE),ENOXAPARIN SODIUM,NDA020164,SANOFI AVENTIS US,INJECTABLE,SUBCUTANEOUS,Prescription
LOW-OGESTREL-21,ETHINYL ESTRADIOL; NORGESTREL,ANDA075288,DR REDDYS LABS SA,TABLET,ORAL-21,Discontinued
LOW-OGESTREL-28,ETHINYL ESTRADIOL; NORGESTREL,ANDA075288,DR REDDYS LABS SA,TABLET,ORAL-28,Prescription
LOW-QUEL,ATROPINE SULFATE; DIPHENOXYLATE HYDROCHLORIDE,ANDA085211,HALSEY,TABLET,ORAL,Discontinued
LOXAPINE SUCCINATE,LOXAPINE SUCCINATE,ANDA076868,ELITE LABS INC,CAPSULE,ORAL,Prescription
LOXITANE,LOXAPINE SUCCINATE,NDA017525,TEVA BRANDED PHARM,TABLET,ORAL,Discontinued
LOXITANE C,LOXAPINE HYDROCHLORIDE,NDA017658,TEVA BRANDED PHARM,CONCENTRATE,ORAL,Discontinued
LOXITANE IM,LOXAPINE HYDROCHLORIDE,NDA018039,ACTAVIS LABS UT INC,INJECTABLE,INJECTION,Discontinued
LOZOL,INDAPAMIDE,NDA018538,SANOFI AVENTIS US,TABLET,ORAL,Discontinued
LTA II KIT,LIDOCAINE HYDROCHLORIDE,ANDA088542,HOSPIRA,SOLUTION,TOPICAL,Discontinued
LUBIPROSTONE,LUBIPROSTONE,ANDA209920,TEVA PHARMS USA INC,CAPSULE,ORAL,Prescription
LUCEMYRA,LOFEXIDINE HYDROCHLORIDE,NDA209229,BIOCORRX PHARMS,TABLET,ORAL,Prescription
LUCENTIS,RANIBIZUMAB,BLA125156,GENENTECH,Injectable,Injection,Prescription
LUDIOMIL,MAPROTILINE HYDROCHLORIDE,NDA017543,NOVARTIS,TABLET,ORAL,Discontinued
LUFYLLIN,DYPHYLLINE,ANDA084566,PHARMOBEDIENT,TABLET,ORAL,Discontinued
LUMAKRAS,SOTORASIB,NDA214665,AMGEN INC,TABLET,ORAL,Prescription
LUMASON,SULFUR HEXAFLUORIDE LIPID-TYPE A MICROSPHERES,NDA203684,BRACCO,FOR SUSPENSION,INTRAVENOUS,Prescription
LUMATEPERONE,LUMATEPERONE,ANDA219085,AUROBINDO PHARMA LIMITED,CAPSULE,,None (Tentative Approval)
LUMATEPERONE TOSYLATE,LUMATEPERONE TOSYLATE,ANDA219248,MSN LABORATORIES PRIVATE LTD,CAPSULE,,None (Tentative Approval)
LUMENHANCE,MANGANESE CHLORIDE TETRAHYDRATE,NDA020686,BRACCO,FOR SOLUTION,ORAL,Discontinued
LUMI-SPORYN,BACITRACIN ZINC; NEOMYCIN SULFATE; POLYMYXIN B SULFATE,NDA050417,CASPER PHARMA LLC,OINTMENT,OPHTHALMIC,Prescription
LUMIFY,BRIMONIDINE TARTRATE,NDA208144,BAUSCH AND LOMB INC,SOLUTION/DROPS,OPHTHALMIC,Over-the-counter
LUMIFY PRESERVATIVE FREE,BRIMONIDINE TARTRATE,NDA218424,BAUSCH AND LOMB INC,SOLUTION/DROPS,OPHTHALMIC,Over-the-counter
LUMIGAN,BIMATOPROST,NDA021275,ABBVIE,SOLUTION/DROPS,OPHTHALMIC,Discontinued
LUMISIGHT,PEGULICIANINE ACETATE,NDA214511,LUMICELL,POWDER,INTRAVENOUS,Prescription
LUMIZYME,ALGLUCOSIDASE ALFA,BLA125291,GENZYME,POWDER,IV (INFUSION),Prescription
LUMOXITI,MOXETUMOMAB PASUDOTOX-TDFK,BLA761104,INNATE PHARMA,INJECTABLE,INJECTION,Prescription
LUMRYZ,SODIUM OXYBATE,NDA214755,AVADEL CNS,"FOR SUSPENSION, EXTENDED RELEASE",ORAL,Prescription
LUMVOA,VELIGROTUG-VVZE,BLA761530,VIRIDIAN THERAPEUTICS INC,INJECTION,,Prescription
LUNELLE,ESTRADIOL CYPIONATE; MEDROXYPROGESTERONE ACETATE,NDA020874,PHARMACIA AND UPJOHN,INJECTABLE,INTRAMUSCULAR,Discontinued
LUNESTA,ESZOPICLONE,NDA021476,WAYLIS THERAP,TABLET,ORAL,Prescription
LUNSUMIO,MOSUNETUZUMAB-AXGB,BLA761263,GENENTECH INC,INJECTABLE,INJECTION,Prescription
LUNSUMIO VELO,MOSUNETUZUMAB-AXGB,BLA761263,GENENTECH INC,INJECTABLE,INJECTION,Prescription
LUPANETA PACK,LEUPROLIDE ACETATE; NORETHINDRONE ACETATE,NDA203696,ABBVIE ENDOCRINE,"INJECTABLE, TABLET","INTRAMUSCULAR, ORAL",Discontinued
LUPKYNIS,VOCLOSPORIN,NDA213716,AURINIA,CAPSULE,ORAL,Prescription
LUPRON,LEUPROLIDE ACETATE,NDA019010,ABBVIE ENDOCRINE INC,SOLUTION,SUBCUTANEOUS,Discontinued
LUPRON DEPOT,LEUPROLIDE ACETATE,NDA019732,ABBVIE ENDOCRINE INC,INJECTABLE,INJECTION,Prescription
LUPRON DEPOT-PED KIT,LEUPROLIDE ACETATE,NDA020263,ABBVIE ENDOCRINE INC,POWDER,INTRAMUSCULAR,Prescription
LURASIDONE HYDROCHLORIDE,LURASIDONE HYDROCHLORIDE,ANDA208047,DR REDDYS,TABLET,ORAL,Prescription
LUSEDRA,FOSPROPOFOL DISODIUM,NDA022244,EISAI INC,SOLUTION,INTRAVENOUS,Discontinued
LUTATHERA,LUTETIUM LU 177 DOTATATE,NDA208700,AAA USA INC,SOLUTION,INTRAVENOUS,Prescription
LUTREPULSE KIT,GONADORELIN ACETATE,NDA019687,FERRING,INJECTABLE,INJECTION,Discontinued
LUVOX,FLUVOXAMINE MALEATE,NDA021519,ANI PHARMS,TABLET,ORAL,Prescription
LUVOX CR,FLUVOXAMINE MALEATE,NDA022033,JAZZ PHARMS,"CAPSULE, EXTENDED RELEASE",ORAL,Discontinued
LUXIQ,BETAMETHASONE VALERATE,NDA020934,QUAGEN,"AEROSOL, FOAM",TOPICAL,Discontinued
LUXZYLA,PENICILLAMINE,ANDA209921,ANI PHARMS,CAPSULE,ORAL,Discontinued
LUZU,LULICONAZOLE,NDA204153,BAUSCH,CREAM,TOPICAL,Prescription
LYBALVI,OLANZAPINE; SAMIDORPHAN L-MALATE,NDA213378,ALKERMES INC,TABLET,ORAL,Prescription
LYBREL,ETHINYL ESTRADIOL; LEVONORGESTREL,NDA021864,WYETH PHARMS INC,TABLET,ORAL,Discontinued
LYGEN,CHLORDIAZEPOXIDE HYDROCHLORIDE,ANDA085107,ALRA,CAPSULE,ORAL,Discontinued
LYMEPAK,DOXYCYCLINE HYCLATE,NDA209844,CHARTWELL PHARMA,TABLET,ORAL,Discontinued
LYMPHAZURIN,ISOSULFAN BLUE,NDA018310,COVIDIEN,SOLUTION,SUBCUTANEOUS,Discontinued
LYMPHIR,DENILEUKIN DIFTITOX-CXDL,BLA761312,CITIUS PHARMS,INJECTABLE,INJECTION,Prescription
LYMPHOSEEK KIT,TECHNETIUM TC-99M TILMANOCEPT,NDA202207,CARDINAL HEALTH 414,INJECTABLE,INJECTION,Prescription
LYNAVOY,LINERIXIBAT,NDA220295,INTERCEPT,TABLET,ORAL,Prescription
LYNKUET,ELINZANETANT,NDA219469,BAYER HLTHCARE,CAPSULE,ORAL,Prescription
LYNORAL,ETHINYL ESTRADIOL,NDA005490,ORGANON USA INC,TABLET,ORAL,Discontinued
LYNOZYFIC,LINVOSELTAMAB-GCPT,BLA761400,"RENGENERON PHARMACEUTICALS, INC.",SOLUTION,INJECTION,Prescription
LYNPARZA,OLAPARIB,NDA208558,ASTRAZENECA,TABLET,ORAL,Prescription
LYOPHILIZED CYTOXAN,CYCLOPHOSPHAMIDE,NDA012142,BAXTER HLTHCARE,INJECTABLE,INJECTION,Discontinued
LYPQOZET,ATORVASTATIN CALCIUM; EZETIMIBE,ANDA206084,PHARMOBEDIENT,TABLET,ORAL,Discontinued
LYRICA,PREGABALIN,NDA021446,UPJOHN,CAPSULE,ORAL,Prescription
LYRICA CR,PREGABALIN,NDA209501,UPJOHN,"TABLET, EXTENDED RELEASE",ORAL,Prescription
LYSODREN,MITOTANE,NDA016885,ESTEVE,TABLET,ORAL,Prescription
LYSTEDA,TRANEXAMIC ACID,NDA022430,J MOLNER,TABLET,ORAL,Prescription
LYTENAVA,BEVACIZUMAB-VIKG,BLA761320,"OUTLOOK THERAPEUTICS, INC.",VIAL,SINGLE-DOSE,Prescription
LYTGOBI,FUTIBATINIB,NDA214801,TAIHO ONCOLOGY,TABLET,ORAL,Discontinued
LYUMJEV,INSULIN LISPRO-AABC,BLA761109,ELI LILLY AND CO,INJECTABLE,INJECTION,Prescription
LYVISPAH,BACLOFEN,NDA215422,STRIDES PHARMA INTL,GRANULE,ORAL,Discontinued
Lamivudine/Zidovudine 150 mg/300 mg Tablets Co-packaged with Nevirapine 200 mg Tablets,LAMIVUDINE; NEVIRAPINE; ZIDOVUDINE,NDA021988,STRIDES ACROLAB,TABLET,ORAL,None (Tentative Approval)
M-PREDROL,METHYLPREDNISOLONE ACETATE,ANDA087135,BEL MAR,INJECTABLE,INJECTION,Discontinued
M-ZOLE 3 COMBINATION PACK,MICONAZOLE NITRATE,ANDA074926,COSETTE PHARMS NC,"CREAM, SUPPOSITORY","TOPICAL, VAGINAL",Over-the-counter
M-ZOLE 7 DUAL PACK,MICONAZOLE NITRATE,ANDA074586,ACTAVIS MID ATLANTIC,"CREAM, SUPPOSITORY","TOPICAL, VAGINAL",Discontinued
M.V.C. 9+3,ASCORBIC ACID; BIOTIN; CYANOCOBALAMIN; DEXPANTHENOL; ERGOCALCIFEROL; FOLIC ACID; NIACINAMIDE; PYRIDOXINE HYDROCHLORIDE; RIBOFLAVIN 5'-PHOSPHATE SODIUM; THIAMINE HYDROCHLORIDE; VITAMIN A; VITAMIN E,NDA018440,ABRAXIS PHARM,INJECTABLE,INJECTION,Discontinued
M.V.I. ADULT,ASCORBIC ACID; BIOTIN; CYANOCOBALAMIN; DEXPANTHENOL; ERGOCALCIFEROL; FOLIC ACID; NIACINAMIDE; PYRIDOXINE HYDROCHLORIDE; RIBOFLAVIN 5'-PHOSPHATE SODIUM; THIAMINE HYDROCHLORIDE; VITAMIN A; VITAMIN E; VITAMIN K,NDA021625,HOSPIRA,INJECTABLE,INTRAVENOUS,Discontinued
M.V.I. ADULT (PHARMACY BULK PACKAGE),ASCORBIC ACID; BIOTIN; CYANOCOBALAMIN; DEXPANTHENOL; ERGOCALCIFEROL; FOLIC ACID; NIACINAMIDE; PYRIDOXINE HYDROCHLORIDE; RIBOFLAVIN 5'-PHOSPHATE SODIUM; THIAMINE HYDROCHLORIDE; VITAMIN A; VITAMIN E; VITAMIN K,NDA021643,HOSPIRA,INJECTABLE,INTRAVENOUS,Discontinued
M.V.I. PEDIATRIC,ASCORBIC ACID; BIOTIN; CYANOCOBALAMIN; DEXPANTHENOL; ERGOCALCIFEROL; FOLIC ACID; NIACINAMIDE; PHYTONADIONE; PYRIDOXINE HYDROCHLORIDE; RIBOFLAVIN 5'-PHOSPHATE SODIUM; THIAMINE HYDROCHLORIDE; VITAMIN A; VITAMIN E,NDA018920,HOSPIRA,FOR SOLUTION,INTRAVENOUS,Discontinued
M.V.I.-12 ADULT,ASCORBIC ACID; BIOTIN; CYANOCOBALAMIN; DEXPANTHENOL; ERGOCALCIFEROL; FOLIC ACID; NIACINAMIDE; PYRIDOXINE HYDROCHLORIDE; RIBOFLAVIN 5'-PHOSPHATE SODIUM; THIAMINE HYDROCHLORIDE; VITAMIN A; VITAMIN E,NDA008809,HOSPIRA,INJECTABLE,INJECTION,Discontinued
M.V.I.-12 ADULT,ASCORBIC ACID; BIOTIN; CYANOCOBALAMIN; DEXPANTHENOL; ERGOCALCIFEROL; FOLIC ACID; NIACINAMIDE; PYRIDOXINE HYDROCHLORIDE; RIBOFLAVIN; THIAMINE HYDROCHLORIDE; VITAMIN A; VITAMIN E,NDA008809,HOSPIRA,INJECTABLE,INJECTION,Discontinued
M.V.I.-12 LYOPHILIZED,ASCORBIC ACID; BIOTIN; CYANOCOBALAMIN; DEXPANTHENOL; ERGOCALCIFEROL; FOLIC ACID; NIACINAMIDE; PYRIDOXINE; RIBOFLAVIN 5'-PHOSPHATE SODIUM; THIAMINE; VITAMIN A; VITAMIN E,NDA018933,TELIGENT,INJECTABLE,INJECTION,Discontinued
MACITENTAN,MACITENTAN,ANDA211000,AMNEAL,TABLET,ORAL,Prescription
MACRILEN,MACIMORELIN ACETATE,NDA205598,AETERNA ZENTARIS,FOR SOLUTION,ORAL,Discontinued
MACROBID,"NITROFURANTOIN; NITROFURANTOIN, MACROCRYSTALLINE",NDA020064,ALMATICA,CAPSULE,ORAL,Prescription
MACRODANTIN,"NITROFURANTOIN, MACROCRYSTALLINE",NDA016620,ALMATICA,CAPSULE,ORAL,Discontinued
MACROTEC,TECHNETIUM TC-99M ALBUMIN AGGREGATED KIT,BLA017833,BRACCO,INJECTABLE,INJECTION,Discontinued
MACUGEN,PEGAPTANIB SODIUM,NDA021756,BAUSCH AND LOMB INC,INJECTABLE,INTRAVITREAL,Discontinued
MAFENIDE ACETATE,MAFENIDE ACETATE,ANDA201511,PH HEALTH,FOR SOLUTION,TOPICAL,Discontinued
MAGNACORT,HYDROCORTAMATE HYDROCHLORIDE,NDA010554,PFIZER,OINTMENT,TOPICAL,Discontinued
MAGNESIUM HYDROXIDE AND OMEPRAZOLE AND SODIUM BICARBONATE,MAGNESIUM HYDROXIDE; OMEPRAZOLE; SODIUM BICARBONATE,NDA022456,SANTARUS,TABLET,ORAL,Discontinued
MAGNESIUM SULFATE,MAGNESIUM SULFATE,ANDA219777,ASPIRO,SOLUTION,"INTRAMUSCULAR, INTRAVENOUS",Prescription
MAGNESIUM SULFATE ANHYDROUS; POTASSIUM SULFATE; SODIUM SULFATE,MAGNESIUM SULFATE ANHYDROUS; POTASSIUM SULFATE; SODIUM SULFATE,ANDA203102,PADDOCK LLC,SOLUTION,ORAL,None (Tentative Approval)
MAGNESIUM SULFATE IN DEXTROSE 5% IN PLASTIC CONTAINER,MAGNESIUM SULFATE,ANDA206486,FRESENIUS KABI USA,INJECTABLE,INJECTION,Prescription
MAGNESIUM SULFATE IN PLASTIC CONTAINER,MAGNESIUM SULFATE,ANDA213917,GLAND,INJECTABLE,INJECTION,Prescription
MAGNEVIST,GADOPENTETATE DIMEGLUMINE,NDA021037,BAYER HLTHCARE,INJECTABLE,INJECTION,Discontinued
MALARONE,ATOVAQUONE; PROGUANIL HYDROCHLORIDE,NDA021078,GLAXOSMITHKLINE,TABLET,ORAL,Prescription
MALARONE PEDIATRIC,ATOVAQUONE; PROGUANIL HYDROCHLORIDE,NDA021078,GLAXOSMITHKLINE,TABLET,ORAL,Prescription
MALATHION,MALATHION,ANDA078743,PHARMOBEDIENT,LOTION,TOPICAL,Discontinued
MALMOREDE,ETHINYL ESTRADIOL; ETHYNODIOL DIACETATE,ANDA209547,NOVAST LABS,TABLET,ORAL-28,Prescription
MANDOL,CEFAMANDOLE NAFATE,NDA050504,LILLY,INJECTABLE,INJECTION,Discontinued
MANGANESE CHLORIDE,MANGANESE CHLORIDE,ANDA217583,FRESENIUS KABI USA,INJECTABLE,INJECTION,Prescription
MANGANESE CHLORIDE IN PLASTIC CONTAINER,MANGANESE CHLORIDE,NDA018962,HOSPIRA,INJECTABLE,INJECTION,Prescription
MANGANESE SULFATE,MANGANESE SULFATE,NDA019228,ABRAXIS PHARM,INJECTABLE,INJECTION,Discontinued
MANNITOL 10%,MANNITOL,NDA016472,MILES,INJECTABLE,INJECTION,Discontinued
MANNITOL 10% IN PLASTIC CONTAINER,MANNITOL,NDA020006,B BRAUN,INJECTABLE,INJECTION,Prescription
MANNITOL 10% W/ DEXTROSE 5% IN DISTILLED WATER,MANNITOL,NDA016080,B BRAUN,INJECTABLE,INJECTION,Discontinued
MANNITOL 15%,MANNITOL,NDA016472,MILES,INJECTABLE,INJECTION,Discontinued
MANNITOL 15% IN PLASTIC CONTAINER,MANNITOL,NDA020006,B BRAUN,INJECTABLE,INJECTION,Prescription
MANNITOL 15% W/ DEXTROSE 5% IN SODIUM CHLORIDE 0.45%,MANNITOL,NDA016080,B BRAUN,INJECTABLE,INJECTION,Discontinued
MANNITOL 20%,MANNITOL,NDA014738,B BRAUN,INJECTABLE,INJECTION,Discontinued
MANNITOL 20% IN PLASTIC CONTAINER,MANNITOL,NDA020006,B BRAUN,INJECTABLE,INJECTION,Prescription
MANNITOL 25%,MANNITOL,ANDA087409,LUITPOLD,INJECTABLE,INJECTION,Discontinued
MANNITOL 5%,MANNITOL,NDA016269,HOSPIRA,INJECTABLE,INJECTION,Discontinued
MANNITOL 5% IN PLASTIC CONTAINER,MANNITOL,NDA020006,B BRAUN,INJECTABLE,INJECTION,Prescription
MANNITOL 5% W/ DEXTROSE 5% IN SODIUM CHLORIDE 0.12%,MANNITOL,NDA016080,B BRAUN,INJECTABLE,INJECTION,Discontinued
MAOLATE,CHLORPHENESIN CARBAMATE,NDA014217,PAMLAB LLC,TABLET,ORAL,Discontinued
MAPROTILINE HYDROCHLORIDE,MAPROTILINE HYDROCHLORIDE,ANDA072131,AM THERAP,TABLET,ORAL,Discontinued
MARAVIROC,MARAVIROC,ANDA203382,SANDOZ INC,TABLET,ORAL,None (Tentative Approval)
MARCAINE,BUPIVACAINE HYDROCHLORIDE,NDA018692,HOSPIRA,INJECTABLE,SPINAL,Prescription
MARCAINE HYDROCHLORIDE,BUPIVACAINE HYDROCHLORIDE,NDA016964,HOSPIRA,INJECTABLE,INJECTION,Prescription
MARCAINE HYDROCHLORIDE PRESERVATIVE FREE,BUPIVACAINE HYDROCHLORIDE,NDA016964,HOSPIRA,INJECTABLE,INJECTION,Prescription
MARCAINE HYDROCHLORIDE W/ EPINEPHRINE,BUPIVACAINE HYDROCHLORIDE; EPINEPHRINE BITARTRATE,NDA016964,HOSPIRA,INJECTABLE,INJECTION,Prescription
MARCAINE HYDROCHLORIDE W/ EPINEPHRINE PRESERVATIVE FREE,BUPIVACAINE HYDROCHLORIDE; EPINEPHRINE BITARTRATE,NDA016964,HOSPIRA,INJECTABLE,INJECTION,Prescription
MAREZINE,CYCLIZINE LACTATE,NDA009495,GLAXOSMITHKLINE,INJECTABLE,INJECTION,Discontinued
MARGENZA,MARGETUXIMAB-CMKB,BLA761150,MACROGENICS INC,INJECTABLE,INJECTION,Prescription
MARINOL,DRONABINOL,NDA018651,ALKEM LABS LTD,CAPSULE,ORAL,Prescription
MARLISSA,ETHINYL ESTRADIOL; LEVONORGESTREL,ANDA091452,GLENMARK PHARMS LTD,TABLET,ORAL-28,Prescription
MARPLAN,ISOCARBOXAZID,NDA011961,LIFSA DRUGS,TABLET,ORAL,Prescription
MARQIBO KIT,VINCRISTINE SULFATE,NDA202497,ACROTECH,"INJECTABLE, LIPOSOMAL",INTRAVENOUS,Discontinued
MATULANE,PROCARBAZINE HYDROCHLORIDE,NDA016785,LEADIANT BIOSCI INC,CAPSULE,ORAL,Prescription
MAVENCLAD,CLADRIBINE,NDA022561,EMD SERONO INC,TABLET,ORAL,Prescription
MAVIK,TRANDOLAPRIL,NDA020528,ABBVIE,TABLET,ORAL,Discontinued
MAVYRET,GLECAPREVIR; PIBRENTASVIR,NDA209394,ABBVIE,TABLET,ORAL,Prescription
MAXAIR,PIRBUTEROL ACETATE,NDA019009,BAUSCH,"AEROSOL, METERED",INHALATION,Discontinued
MAXALT,RIZATRIPTAN BENZOATE,NDA020864,ORGANON LLC,TABLET,ORAL,Prescription
MAXALT-MLT,RIZATRIPTAN BENZOATE,NDA020865,ORGANON,"TABLET, ORALLY DISINTEGRATING",ORAL,Prescription
MAXAQUIN,LOMEFLOXACIN HYDROCHLORIDE,NDA020013,PHARMACIA,TABLET,ORAL,Discontinued
MAXIBOLIN,ETHYLESTRENOL,NDA014006,ORGANON USA INC,ELIXIR,ORAL,Discontinued
MAXIDEX,DEXAMETHASONE,NDA013422,HARROW EYE,SUSPENSION/DROPS,OPHTHALMIC,Prescription
MAXIDEX,DEXAMETHASONE SODIUM PHOSPHATE,ANDA083342,ALCON,OINTMENT,OPHTHALMIC,Discontinued
MAXIPIME,CEFEPIME HYDROCHLORIDE,NDA050679,HOSPIRA INC,INJECTABLE,INJECTION,Discontinued
MAXITROL,DEXAMETHASONE; NEOMYCIN SULFATE; POLYMYXIN B SULFATE,NDA050023,HARROW EYE,SUSPENSION/DROPS,OPHTHALMIC,Prescription
MAXOLON,METOCLOPRAMIDE HYDROCHLORIDE,ANDA070106,KING PHARMS,TABLET,ORAL,Discontinued
MAXZIDE,HYDROCHLOROTHIAZIDE; TRIAMTERENE,NDA019129,AUROBINDO PHARMA USA,TABLET,ORAL,Prescription
MAXZIDE-25,HYDROCHLOROTHIAZIDE; TRIAMTERENE,NDA019129,AUROBINDO PHARMA USA,TABLET,ORAL,Prescription
MAYZENT,SIPONIMOD,NDA209884,NOVARTIS,TABLET,ORAL,Prescription
MAZANOR,MAZINDOL,NDA017980,WYETH AYERST,TABLET,ORAL,Discontinued
MD-50,DIATRIZOATE SODIUM,ANDA087075,MALLINCKRODT,INJECTABLE,INJECTION,Discontinued
MD-60,DIATRIZOATE MEGLUMINE; DIATRIZOATE SODIUM,ANDA087074,MALLINCKRODT,INJECTABLE,INJECTION,Discontinued
MD-76,DIATRIZOATE MEGLUMINE; DIATRIZOATE SODIUM,ANDA087073,MALLINCKRODT,INJECTABLE,INJECTION,Discontinued
MD-76R,DIATRIZOATE MEGLUMINE; DIATRIZOATE SODIUM,NDA019292,LIEBEL-FLARSHEIM,INJECTABLE,INJECTION,Discontinued
MD-GASTROVIEW,DIATRIZOATE MEGLUMINE; DIATRIZOATE SODIUM,ANDA087388,LIEBEL-FLARSHEIM,SOLUTION,"ORAL, RECTAL",Prescription
MEASURIN,ASPIRIN,NDA016030,BAYER,"TABLET, EXTENDED RELEASE",ORAL,Discontinued
MECAMYLAMINE HYDROCHLORIDE,MECAMYLAMINE HYDROCHLORIDE,ANDA204054,LGM PHARMA,TABLET,ORAL,Prescription
MECLAN,MECLOCYCLINE SULFOSALICYLATE,NDA050518,JOHNSON AND JOHNSON,CREAM,TOPICAL,Discontinued
MECLIZINE HYDROCHLORIDE,MECLIZINE HYDROCHLORIDE,ANDA085524,KV PHARM,TABLET,ORAL,Discontinued
MECLODIUM,MECLOFENAMATE SODIUM,ANDA071380,QUANTUM PHARMICS,CAPSULE,ORAL,Discontinued
MECLOFENAMATE SODIUM,MECLOFENAMATE SODIUM,ANDA072262,CHARTWELL RX,CAPSULE,ORAL,Discontinued
MECLOMEN,MECLOFENAMATE SODIUM,NDA018006,PARKE DAVIS,CAPSULE,ORAL,Discontinued
"MEDICAL AIR, USP",,NDA221337,INDUSTRIAL WELDING SUPPLY CO OF HARVEY INC,GAS,INHALATION,Prescription
"MEDICAL AIR, USP",MEDICAL AIR,NDA205890,MATHESON TRI-GAS INC,GAS,INHALATION,Prescription
MEDIGESIC PLUS,ACETAMINOPHEN; BUTALBITAL; CAFFEINE,ANDA089115,US CHEM,CAPSULE,ORAL,Discontinued
MEDIHALER ERGOTAMINE,ERGOTAMINE TARTRATE,NDA012102,3M,"AEROSOL, METERED",INHALATION,Discontinued
MEDIHALER-EPI,EPINEPHRINE BITARTRATE,NDA010374,3M,"AEROSOL, METERED",INHALATION,Discontinued
MEDIHALER-ISO,ISOPROTERENOL SULFATE,NDA010375,3M,"AEROSOL, METERED",INHALATION,Discontinued
MEDIPREN,IBUPROFEN,ANDA071215,MCNEIL,TABLET,ORAL,Discontinued
MEDROL,METHYLPREDNISOLONE,NDA011153,PFIZER,TABLET,ORAL,Discontinued
MEDROL,METHYLPREDNISOLONE ACETATE,NDA018102,PHARMACIA AND UPJOHN,ENEMA,RECTAL,Discontinued
MEDROL ACETATE,METHYLPREDNISOLONE ACETATE,NDA012421,PHARMACIA AND UPJOHN,OINTMENT,TOPICAL,Discontinued
MEDROXYPROGESTERONE ACETATE,MEDROXYPROGESTERONE ACETATE,ANDA215397,AMNEAL,INJECTABLE,INJECTION,Prescription
MEFENAMIC ACID,MEFENAMIC ACID,ANDA091608,AJENAT PHARMS,CAPSULE,ORAL,Prescription
MEFLOQUINE HYDROCHLORIDE,MEFLOQUINE HYDROCHLORIDE,ANDA076392,BARR,TABLET,ORAL,Prescription
MEFOXIN,CEFOXITIN SODIUM,ANDA062757,PHARMOBEDIENT,INJECTABLE,INJECTION,Discontinued
MEFOXIN IN DEXTROSE 5% IN PLASTIC CONTAINER,CEFOXITIN SODIUM,NDA050581,MERCK,INJECTABLE,INJECTION,Discontinued
MEFOXIN IN PLASTIC CONTAINER,CEFOXITIN SODIUM,ANDA063182,PHARMOBEDIENT,INJECTABLE,INJECTION,Discontinued
MEFOXIN IN SODIUM CHLORIDE 0.9% IN PLASTIC CONTAINER,CEFOXITIN SODIUM,NDA050581,MERCK,INJECTABLE,INJECTION,Discontinued
MEGACE,MEGESTROL ACETATE,NDA016979,BRISTOL MYERS SQUIBB,TABLET,ORAL,Discontinued
MEGACE ES,MEGESTROL ACETATE,NDA021778,ENDO OPERATIONS,SUSPENSION,ORAL,Discontinued
MEGATOPE,ALBUMIN IODINATED I-131 SERUM,BLA017837,ISO TEX,INJECTABLE,INJECTION,Discontinued
MEGESTROL ACETATE,MEGESTROL ACETATE,ANDA204688,CHARTWELL,SUSPENSION,ORAL,Discontinued
MEKINIST,TRAMETINIB,NDA217513,NOVARTIS,SOLUTION,ORAL,Prescription
MEKINIST,TRAMETINIB DIMETHYL SULFOXIDE,NDA217513,NOVARTIS,SOLUTION,ORAL,Prescription
MEKTOVI,BINIMETINIB,NDA210498,ARRAY BIOPHARMA INC,TABLET,ORAL,Prescription
MELAMISA,DROSPIRENONE; ETHINYL ESTRADIOL,ANDA202016,NOVAST LABS,TABLET,ORAL,Prescription
MELFIAT,PHENDIMETRAZINE TARTRATE,ANDA083790,NUMARK,TABLET,ORAL,Discontinued
MELFIAT-105,PHENDIMETRAZINE TARTRATE,ANDA087487,NUMARK,"CAPSULE, EXTENDED RELEASE",ORAL,Discontinued
MELLARIL,THIORIDAZINE HYDROCHLORIDE,NDA011808,NOVARTIS,CONCENTRATE,ORAL,Discontinued
MELLARIL-S,THIORIDAZINE,NDA017923,NOVARTIS,SUSPENSION,ORAL,Discontinued
MELOXICAM,MELOXICAM,ANDA077882,COREPHARMA,TABLET,ORAL,Prescription
MELPHALAN,MELPHALAN,ANDA207809,ALVOGEN,TABLET,ORAL,Discontinued
MELPHALAN HYDROCHLORIDE,MELPHALAN HYDROCHLORIDE,ANDA201379,SAGENT PHARMS INC,INJECTABLE,INJECTION,Prescription
MEMANTINE HYDROCHLORIDE,MEMANTINE HYDROCHLORIDE,ANDA090048,DR REDDYS LABS LTD,TABLET,ORAL,Prescription
MEMANTINE HYDROCHLORIDE AND DONEPEZIL HYDROCHLORIDE,DONEPEZIL HYDROCHLORIDE; MEMANTINE HYDROCHLORIDE,ANDA208237,ANI PHARMS,"CAPSULE, EXTENDED RELEASE",ORAL,Prescription
MEMBRANEBLUE,TRYPAN BLUE,NDA022278,DORC,SOLUTION,OPHTHALMIC,Discontinued
MEN'S ROGAINE,MINOXIDIL,NDA021812,KENVUE BRANDS,"AEROSOL, FOAM",TOPICAL,Over-the-counter
MENADIONE,MENADIONE,NDA002139,LILLY,TABLET,ORAL,Discontinued
MENEST,"ESTROGENS, ESTERIFIED",ANDA084948,MONARCH PHARMS,TABLET,ORAL,Discontinued
MENOPUR,LH); MENOTROPINS (FSH,BLA021663,FERRING,INJECTABLE,SUBCUTANEOUS,Prescription
MENOSTAR,ESTRADIOL,NDA020375,BAYER HLTHCARE,"FILM, EXTENDED RELEASE",TRANSDERMAL,Prescription
MENRIUM 10-4,"CHLORDIAZEPOXIDE; ESTROGENS, ESTERIFIED",NDA014740,ROCHE,TABLET,ORAL,Discontinued
MENRIUM 5-2,"CHLORDIAZEPOXIDE; ESTROGENS, ESTERIFIED",NDA014740,ROCHE,TABLET,ORAL,Discontinued
MENRIUM 5-4,"CHLORDIAZEPOXIDE; ESTROGENS, ESTERIFIED",NDA014740,ROCHE,TABLET,ORAL,Discontinued
MENTAX,BUTENAFINE HYDROCHLORIDE,NDA020524,PHARMOBEDIENT,CREAM,TOPICAL,Discontinued
MENTAX-TC,BUTENAFINE HYDROCHLORIDE,NDA021408,PHARMOBEDIENT,CREAM,TOPICAL,Discontinued
MEPERGAN,MEPERIDINE HYDROCHLORIDE; PROMETHAZINE HYDROCHLORIDE,NDA011730,HIKMA,INJECTABLE,INJECTION,Discontinued
MEPERIDINE AND ATROPINE SULFATE,ATROPINE SULFATE; MEPERIDINE HYDROCHLORIDE,ANDA085121,WYETH AYERST,INJECTABLE,INJECTION,Discontinued
MEPERIDINE HYDROCHLORIDE,MEPERIDINE HYDROCHLORIDE,ANDA073444,WATSON LABS,INJECTABLE,INJECTION,Discontinued
MEPERIDINE HYDROCHLORIDE PRESERVATIVE FREE,MEPERIDINE HYDROCHLORIDE,ANDA081309,INTL MEDICATION,INJECTABLE,INJECTION,Discontinued
MEPHYTON,PHYTONADIONE,NDA010104,BAUSCH,TABLET,ORAL,Discontinued
MEPIVACAINE HYDROCHLORIDE,MEPIVACAINE HYDROCHLORIDE,ANDA083559,BELMORA LLC,INJECTABLE,INJECTION,Discontinued
MEPIVACAINE HYDROCHLORIDE W/ LEVONORDEFRIN,LEVONORDEFRIN; MEPIVACAINE HYDROCHLORIDE,ANDA084850,BELMORA LLC,INJECTABLE,INJECTION,Discontinued
MEPRIAM,MEPROBAMATE,NDA016069,TEVA,TABLET,ORAL,Discontinued
MEPRO-ASPIRIN,ASPIRIN; MEPROBAMATE,ANDA089127,SANDOZ,TABLET,ORAL,Discontinued
MEPROBAMATE,MEPROBAMATE,ANDA083308,WATSON LABS,TABLET,ORAL,Discontinued
MEPROBAMATE AND ASPIRIN,ASPIRIN; MEPROBAMATE,ANDA089126,PAR PHARM,TABLET,ORAL,Discontinued
MEPRON,ATOVAQUONE,NDA020500,GLAXOSMITHKLINE LLC,SUSPENSION,ORAL,Prescription
MEPROSPAN,MEPROBAMATE,NDA011284,MEDPOINTE PHARM HLC,"CAPSULE, EXTENDED RELEASE",ORAL,Discontinued
MEPSEVII,VESTRONIDASE ALFA-VJBK,BLA761047,ULTRAGENYX PHARM INC,INJECTABLE,INJECTION,Prescription
MERCAPTOPURINE,MERCAPTOPURINE,ANDA040528,HIKMA,TABLET,ORAL,Prescription
MERETEK UBT KIT (W/ PRANACTIN),UREA C-13,NDA020586,OTSUKA AMERICA,FOR SOLUTION,ORAL,Discontinued
MERIDIA,SIBUTRAMINE HYDROCHLORIDE,NDA020632,ABBOTT,CAPSULE,ORAL,Discontinued
MERILOG,INSULIN ASPART-SZJJ,BLA761325,SANOFI-AVENTIS U.S. LLC,INJECTION,SOLUTION,Prescription
MERILOG SOLOSTAR,INSULIN ASPART-SZJJ,BLA761325,SANOFI-AVENTIS U.S. LLC,INJECTION,SOLUTION,Prescription
MEROPENEM,MEROPENEM,ANDA216154,BROOKS STERISCIENCE,INJECTABLE,INJECTION,Prescription
MEROPENEM AND SODIUM CHLORIDE IN DUPLEX CONTAINER,MEROPENEM,NDA202106,B BRAUN MEDICAL,POWDER,INTRAVENOUS,Prescription
MERREM IV,MEROPENEM,NDA050706,PFIZER,INJECTABLE,INJECTION,Discontinued
MERSALYL-THEOPHYLLINE,MERSALYL SODIUM; THEOPHYLLINE,ANDA084875,WATSON LABS,INJECTABLE,INJECTION,Discontinued
MERZEE,ETHINYL ESTRADIOL; NORETHINDRONE ACETATE,ANDA212706,WILSHIRE PHARMS INC,CAPSULE,ORAL,Prescription
MESALAMINE,MESALAMINE,ANDA091640,ZYDUS PHARMS,"TABLET, DELAYED RELEASE",ORAL,Prescription
MESANTOIN,MEPHENYTOIN,NDA006008,NOVARTIS,TABLET,ORAL,Discontinued
MESNA,MESNA,ANDA203364,RISING,INJECTABLE,INTRAVENOUS,Discontinued
MESNEX,MESNA,NDA019884,BAXTER HLTHCARE,INJECTABLE,INTRAVENOUS,Prescription
MESTINON,PYRIDOSTIGMINE BROMIDE,NDA009829,BAUSCH,TABLET,ORAL,Prescription
METADATE CD,METHYLPHENIDATE HYDROCHLORIDE,NDA021259,LANNETT,"CAPSULE, EXTENDED RELEASE",ORAL,Prescription
METADATE ER,METHYLPHENIDATE HYDROCHLORIDE,ANDA040306,LANNETT CO INC,"TABLET, EXTENDED RELEASE",ORAL,Discontinued
METAGLIP,GLIPIZIDE; METFORMIN HYDROCHLORIDE,NDA021460,BRISTOL MYERS SQUIBB,TABLET,ORAL,Discontinued
METAHYDRIN,TRICHLORMETHIAZIDE,NDA012594,SANOFI AVENTIS US,TABLET,ORAL,Discontinued
METANDREN,METHYLTESTOSTERONE,NDA003240,NOVARTIS,TABLET,"BUCCAL, SUBLINGUAL",Discontinued
METAPROTERENOL SULFATE,METAPROTERENOL SULFATE,ANDA072190,WOCKHARDT,SOLUTION,INHALATION,Discontinued
METARAMINOL BITARTRATE,METARAMINOL BITARTRATE,ANDA083363,ELKINS SINN,INJECTABLE,INJECTION,Discontinued
METASTRON,STRONTIUM CHLORIDE SR-89,NDA020134,Q BIOMED,INJECTABLE,INJECTION,Prescription
METATENSIN #2,RESERPINE; TRICHLORMETHIAZIDE,NDA012972,SANOFI AVENTIS US,TABLET,ORAL,Discontinued
METATENSIN #4,RESERPINE; TRICHLORMETHIAZIDE,NDA012972,SANOFI AVENTIS US,TABLET,ORAL,Discontinued
METAXALONE,METAXALONE,ANDA204770,LANNETT CO INC,TABLET,ORAL,Prescription
METFORMIN HYDROCHLORIDE,METFORMIN HYDROCHLORIDE,ANDA076223,SANDOZ,"TABLET, EXTENDED RELEASE",ORAL,Discontinued
METFORMIN HYDROCHLORIDE AND SITAGLIPTIN PHOSPHATE,METFORMIN HYDROCHLORIDE || SITAGLIPTIN,ANDA212338,MACLEODS PHARMS LTD,TABLET,FILM COATED,None (Tentative Approval)
METFORMIN HYDROCHLORIDE AND SITAGLIPTIN PHOSPHATE,METFORMIN HYDROCHLORIDE; SITAGLIPTIN PHOSPHATE,ANDA208535,ZYDUS PHARMS USA INC,TABLET,ORAL,None (Tentative Approval)
METHADONE HYDROCHLORIDE,METHADONE HYDROCHLORIDE,ANDA075082,VISTAPHARM LLC,"TABLET, FOR SUSPENSION",ORAL,Prescription
METHADONE HYDROCHLORIDE INTENSOL,METHADONE HYDROCHLORIDE,ANDA089897,HIKMA,CONCENTRATE,ORAL,Prescription
METHADOSE,METHADONE HYDROCHLORIDE,NDA017116,SPECGX LLC,CONCENTRATE,ORAL,Prescription
METHAMPEX,METHAMPHETAMINE HYDROCHLORIDE,ANDA083889,TEVA,TABLET,ORAL,Discontinued
METHAMPHETAMINE HYDROCHLORIDE,METHAMPHETAMINE HYDROCHLORIDE,ANDA086359,TEVA,TABLET,ORAL,Discontinued
METHAZOLAMIDE,METHAZOLAMIDE,ANDA040036,CHARTWELL RX,TABLET,ORAL,Prescription
METHDILAZINE HYDROCHLORIDE,METHDILAZINE HYDROCHLORIDE,ANDA087122,ALPHARMA US PHARMS,SYRUP,ORAL,Discontinued
METHENAMINE HIPPURATE,METHENAMINE HIPPURATE,ANDA205661,AUROBINDO PHARMA LTD,TABLET,ORAL,Prescription
METHERGINE,METHYLERGONOVINE MALEATE,NDA006035,EDISON THERAPS LLC,INJECTABLE,INJECTION,Discontinued
METHIMAZOLE,METHIMAZOLE,ANDA040547,AIPING PHARM INC,TABLET,ORAL,Prescription
METHOCARBAMOL,METHOCARBAMOL,ANDA084448,SOLVAY,TABLET,ORAL,Discontinued
METHOCARBAMOL AND ASPIRIN,ASPIRIN; METHOCARBAMOL,ANDA081145,STEVENS J,TABLET,ORAL,Discontinued
METHOHEXITAL SODIUM,METHOHEXITAL SODIUM,ANDA215488,ONESOURCE SPECIALTY,INJECTABLE,INJECTION,Prescription
METHOTREXATE,METHOTREXATE,NDA214121,ACCORD HLTHCARE,SOLUTION,INTRAVENOUS,Discontinued
METHOTREXATE LPF,METHOTREXATE SODIUM,NDA011719,HOSPIRA,INJECTABLE,INJECTION,Discontinued
METHOTREXATE PRESERVATIVE FREE,METHOTREXATE SODIUM,ANDA040265,FRESENIUS KABI USA,INJECTABLE,INJECTION,Discontinued
METHOTREXATE SODIUM,CALCIUM CHLORIDE; DEXTROSE; GLUTATHIONE DISULFIDE; MAGNESIUM CHLORIDE; POTASSIUM CHLORIDE; SODIUM BICARBONATE; SODIUM CHLORIDE; SODIUM PHOSPHATE,NDA020079,EPIC PHARMA LLC,SOLUTION,IRRIGATION,Discontinued
METHOTREXATE SODIUM,METHOTREXATE SODIUM,ANDA088648,NORBROOK,INJECTABLE,INJECTION,Discontinued
METHOTREXATE SODIUM PRESERVATIVE FREE,METHOTREXATE SODIUM,ANDA040632,HIKMA,INJECTABLE,INJECTION,Prescription
METHOXSALEN,METHOXSALEN,ANDA087781,ANI PHARMS,CAPSULE,ORAL,Discontinued
METHSCOPOLAMINE BROMIDE,METHSCOPOLAMINE BROMIDE,ANDA200602,UNICHEM,TABLET,ORAL,Prescription
METHSUXIMIDE,METHSUXIMIDE,ANDA217213,NOVITIUM PHARMA,CAPSULE,ORAL,Prescription
METHYCLOTHIAZIDE,METHYCLOTHIAZIDE,ANDA087913,IVAX PHARMS,TABLET,ORAL,Discontinued
METHYCLOTHIAZIDE AND DESERPIDINE,DESERPIDINE; METHYCLOTHIAZIDE,ANDA088486,WATSON LABS,TABLET,ORAL,Discontinued
METHYLDOPA,METHYLDOPA,NDA018934,CHARTWELL RX,TABLET,ORAL,Discontinued
METHYLDOPA AND CHLOROTHIAZIDE,CHLOROTHIAZIDE; METHYLDOPA,ANDA070783,PAR PHARM,TABLET,ORAL,Discontinued
METHYLDOPA AND HYDROCHLOROTHIAZIDE,HYDROCHLOROTHIAZIDE; METHYLDOPA,ANDA070183,CHARTWELL RX,TABLET,ORAL,Discontinued
METHYLDOPATE HCL,METHYLDOPATE HYDROCHLORIDE,ANDA071024,QUAD PHARMS,Injectable,Injection,Discontinued
METHYLDOPATE HYDROCHLORIDE,METHYLDOPATE HYDROCHLORIDE,ANDA070698,HOSPIRA,INJECTABLE,INJECTION,Discontinued
METHYLENE BLUE,METHYLENE BLUE,ANDA216959,HIKMA,SOLUTION,INTRAVENOUS,Prescription
METHYLERGONOVINE MALEATE,METHYLERGONOVINE MALEATE,ANDA091577,CHARTWELL RX,TABLET,ORAL,Prescription
METHYLIN,METHYLPHENIDATE HYDROCHLORIDE,NDA021475,SPECGX LLC,"TABLET, CHEWABLE",ORAL,Discontinued
METHYLIN ER,METHYLPHENIDATE HYDROCHLORIDE,ANDA075629,SPECGX LLC,"TABLET, EXTENDED RELEASE",ORAL,Prescription
METHYLNALTREXONE BROMIDE,METHYLNALTREXONE BROMIDE,ANDA208112,ACTAVIS LLC,SOLUTION,SUBCUTANEOUS,Discontinued
METHYLPHENIDATE,METHYLPHENIDATE,ANDA210924,ACTAVIS ELIZABETH,"TABLET, ORALLY DISINTEGRATING, EXTENDED RELEASE",ORAL,Prescription
METHYLPHENIDATE HYDROCHLORIDE,METHYLPHENIDATE HYDROCHLORIDE,ANDA078873,TEVA PHARMS,"CAPSULE, EXTENDED RELEASE",ORAL,Discontinued
METHYLPREDNISOLONE,METHYLPREDNISOLONE,ANDA086159,WATSON LABS,TABLET,ORAL,Discontinued
METHYLPREDNISOLONE,METHYLPREDNISOLONE SODIUM SUCCINATE,ANDA087535,ORGANON USA INC,INJECTABLE,INJECTION,Discontinued
METHYLPREDNISOLONE ACETATE,METHYLPREDNISOLONE ACETATE,ANDA211930,EUGIA PHARMA,INJECTABLE,INJECTION,Prescription
METHYLPREDNISOLONE SODIUM SUCCINATE,METHYLPREDNISOLONE SODIUM SUCCINATE,ANDA081266,TEVA PARENTERAL,INJECTABLE,INJECTION,Discontinued
METHYLTESTOSTERONE,METHYLTESTOSTERONE,ANDA080214,PVT FORM,TABLET,ORAL,Discontinued
METI-DERM,PREDNISOLONE,NDA010209,SCHERING,CREAM,TOPICAL,Discontinued
METICORTELONE,PREDNISOLONE ACETATE,NDA010255,SCHERING,INJECTABLE,INJECTION,Discontinued
METICORTEN,PREDNISONE,NDA009766,SCHERING,TABLET,ORAL,Discontinued
METIMYD,PREDNISOLONE ACETATE; SULFACETAMIDE SODIUM,NDA010210,SCHERING,SUSPENSION/DROPS,OPHTHALMIC,Discontinued
METIPRANOLOL,METIPRANOLOL HYDROCHLORIDE,ANDA075720,SANDOZ,SOLUTION/DROPS,OPHTHALMIC,Discontinued
METOCLOPRAMIDE,METOCLOPRAMIDE HYDROCHLORIDE,ANDA204756,AVET LIFESCIENCES,INJECTABLE,INJECTION,Prescription
METOCLOPRAMIDE HCL,METOCLOPRAMIDE HYDROCHLORIDE,ANDA070671,QUAD PHARMS,Injectable,Injection,Discontinued
METOCLOPRAMIDE HYDROCHLORIDE,METOCLOPRAMIDE HYDROCHLORIDE,ANDA078807,IPCA LABS LTD,TABLET,ORAL,Prescription
METOCLOPRAMIDE INTENSOL,METOCLOPRAMIDE HYDROCHLORIDE,ANDA072995,ROXANE,CONCENTRATE,ORAL,Discontinued
METOCURINE IODIDE,METOCURINE IODIDE,ANDA089443,QUAD PHARMS,Injectable,Injection,Discontinued
METOLAZONE,METOLAZONE,ANDA076482,ROXANE,TABLET,ORAL,Prescription
METOPIRONE,METYRAPONE,NDA012911,ESTEVE,CAPSULE,ORAL,Prescription
METOPROLOL SUCCINATE,METOPROLOL SUCCINATE,ANDA076862,ACTAVIS LABS FL INC,"TABLET, EXTENDED RELEASE",ORAL,Discontinued
METOPROLOL TARTRATE,METOPROLOL TARTRATE,ANDA078459,IPCA LABS LTD,TABLET,ORAL,Prescription
METOPROLOL TARTRATE AND HYDROCHLOROTHIAZIDE,HYDROCHLOROTHIAZIDE; METOPROLOL TARTRATE,ANDA090654,SUN PHARM INDS,TABLET,ORAL,Discontinued
METOZOLV ODT,METOCLOPRAMIDE HYDROCHLORIDE,NDA022246,SALIX PHARMS,"TABLET, ORALLY DISINTEGRATING",ORAL,Discontinued
METRA,PHENDIMETRAZINE TARTRATE,ANDA083754,FOREST PHARMS,TABLET,ORAL,Discontinued
METRETON,PREDNISOLONE SODIUM PHOSPHATE,ANDA083834,SCHERING,SOLUTION/DROPS,OPHTHALMIC,Discontinued
METRO I.V.,METRONIDAZOLE,NDA018674,B BRAUN,INJECTABLE,INJECTION,Discontinued
METRO I.V. IN PLASTIC CONTAINER,METRONIDAZOLE,NDA018900,B BRAUN,INJECTABLE,INJECTION,Discontinued
METROCREAM,METRONIDAZOLE,NDA020531,GALDERMA LABS LP,CREAM,TOPICAL,Prescription
METRODIN,UROFOLLITROPIN,NDA019415,SERONO,INJECTABLE,INTRAMUSCULAR,Discontinued
METROGEL,METRONIDAZOLE,NDA019737,GALDERMA LABS LP,GEL,TOPICAL,Discontinued
METROGEL-VAGINAL,METRONIDAZOLE,NDA020208,BAUSCH,GEL,VAGINAL,Discontinued
METROLOTION,METRONIDAZOLE,NDA020901,GALDERMA LABS LP,LOTION,TOPICAL,Prescription
METROMIDOL,METRONIDAZOLE,ANDA074523,LABS AF,TABLET,ORAL,Discontinued
METRONIDAZOLE,METRONIDAZOLE,NDA018818,MUTUAL PHARM,TABLET,ORAL,Discontinued
METRONIDAZOLE HYDROCHLORIDE,METRONIDAZOLE HYDROCHLORIDE,ANDA070295,ABRAXIS PHARM,INJECTABLE,INJECTION,Discontinued
METRONIDAZOLE IN PLASTIC CONTAINER,METRONIDAZOLE,ANDA205531,RISING,INJECTABLE,INJECTION,Discontinued
METUBINE IODIDE,METOCURINE IODIDE,NDA006632,LILLY,INJECTABLE,INJECTION,Discontinued
METVIXIA,METHYL AMINOLEVULINATE HYDROCHLORIDE,NDA021415,GALDERMA LABS LP,CREAM,TOPICAL,Discontinued
METYROSINE,METYROSINE,ANDA218620,DR REDDYS LABS SA,CAPSULE,ORAL,Prescription
MEVACOR,LOVASTATIN,NDA019643,MERCK,TABLET,ORAL,Discontinued
MEXATE,METHOTREXATE SODIUM,ANDA086358,BRISTOL,INJECTABLE,INJECTION,Discontinued
MEXATE-AQ,METHOTREXATE SODIUM,ANDA088760,BRISTOL MYERS,INJECTABLE,INJECTION,Discontinued
MEXATE-AQ PRESERVED,METHOTREXATE SODIUM,ANDA089887,BRISTOL MYERS SQUIBB,INJECTABLE,INJECTION,Discontinued
MEXILETINE HYDROCHLORIDE,MEXILETINE HYDROCHLORIDE,ANDA215315,RISING,CAPSULE,ORAL,Prescription
MEXITIL,MEXILETINE HYDROCHLORIDE,NDA018873,BOEHRINGER INGELHEIM,CAPSULE,ORAL,Discontinued
MEZLIN,MEZLOCILLIN SODIUM MONOHYDRATE,ANDA062697,BAYER PHARMS,INJECTABLE,INJECTION,Discontinued
MEZOFY,ARIPIPRAZOLE,NDA211448,CMG PHARM CO LTD,FILM,ORAL,Discontinued
MIACALCIN,CALCITONIN SALMON,NDA017808,MYLAN IRELAND LTD,INJECTABLE,INJECTION,Discontinued
MIBELAS 24 FE,ETHINYL ESTRADIOL; NORETHINDRONE ACETATE,ANDA206287,LUPIN,TABLET,ORAL,Prescription
MICAFUNGIN,MICAFUNGIN SODIUM,NDA212125,TEVA PHARMS USA INC,POWDER,INTRAVENOUS,Discontinued
MICAFUNGIN IN SODIUM CHLORIDE 0.9%,MICAFUNGIN SODIUM,NDA216142,BAXTER HLTHCARE CORP,SOLUTION,INTRAVENOUS,Prescription
MICAFUNGIN SODIUM,MICAFUNGIN SODIUM,ANDA208366,APOTEX,INJECTABLE,INTRAVENOUS,Discontinued
MICARDIS,TELMISARTAN,NDA020850,BOEHRINGER INGELHEIM,TABLET,ORAL,Discontinued
MICARDIS HCT,HYDROCHLOROTHIAZIDE; TELMISARTAN,NDA021162,BOEHRINGER INGELHEIM,TABLET,ORAL,Prescription
MICONAZOLE 3,MICONAZOLE NITRATE,ANDA076773,SUN PHARMA CANADA,CREAM,VAGINAL,Over-the-counter
MICONAZOLE 3 COMBINATION PACK,MICONAZOLE NITRATE,ANDA076357,PERRIGO,CREAM,"TOPICAL, VAGINAL",Over-the-counter
MICONAZOLE 7,MICONAZOLE NITRATE,ANDA074164,ENCUBE,CREAM,VAGINAL,Over-the-counter
MICONAZOLE 7 COMBINATION PACK,MICONAZOLE NITRATE,ANDA076585,COSETTE PHARMS NC,"CREAM, SUPPOSITORY","TOPICAL, VAGINAL",Discontinued
MICONAZOLE NITRATE,MICONAZOLE NITRATE,ANDA074366,COSETTE PHARMS NC,CREAM,VAGINAL,Discontinued
MICONAZOLE NITRATE COMBINATION PACK,MICONAZOLE NITRATE,ANDA075329,L PERRIGO CO,"CREAM, SUPPOSITORY","TOPICAL, VAGINAL",Over-the-counter
MICORT-HC,HYDROCORTISONE ACETATE,ANDA040396,LEGACY,CREAM,TOPICAL,Prescription
MICRAININ,ASPIRIN; MEPROBAMATE,ANDA084978,MEDPOINTE PHARM HLC,TABLET,ORAL,Discontinued
MICRO-K,POTASSIUM CHLORIDE,NDA018238,NESHER PHARMS,"CAPSULE, EXTENDED RELEASE",ORAL,Discontinued
MICRO-K 10,POTASSIUM CHLORIDE,NDA018238,NESHER PHARMS,"CAPSULE, EXTENDED RELEASE",ORAL,Discontinued
MICRO-K LS,POTASSIUM CHLORIDE,NDA019561,KV PHARM,"FOR SUSPENSION, EXTENDED RELEASE",ORAL,Discontinued
MICRODERM,CHLORHEXIDINE GLUCONATE,ANDA072255,J AND J,SOLUTION,TOPICAL,Discontinued
MICROGESTIN 1.5/30,ETHINYL ESTRADIOL; NORETHINDRONE ACETATE,ANDA075548,DR REDDYS LABS SA,TABLET,ORAL-21,Discontinued
MICROGESTIN 1/20,ETHINYL ESTRADIOL; NORETHINDRONE ACETATE,ANDA075647,DR REDDYS LABS SA,TABLET,ORAL-21,Discontinued
MICROGESTIN FE 1.5/30,ETHINYL ESTRADIOL; NORETHINDRONE ACETATE,ANDA075548,DR REDDYS LABS SA,TABLET,ORAL-28,Discontinued
MICROGESTIN FE 1/20,ETHINYL ESTRADIOL; NORETHINDRONE ACETATE,ANDA075647,DR REDDYS LABS SA,TABLET,ORAL-28,Discontinued
MICROLITE,TECHNETIUM TC-99M ALBUMIN COLLOID KIT,BLA018263,PHARMALUCENCE,INJECTABLE,INJECTION,Discontinued
MICRONASE,GLYBURIDE,NDA017498,PFIZER,TABLET,ORAL,Discontinued
MICRONOR,NORETHINDRONE,NDA016954,JANSSEN PHARMS,TABLET,ORAL-28,Discontinued
MICROSUL,SULFAMETHIZOLE,ANDA086012,FOREST PHARMS,TABLET,ORAL,Discontinued
MICROZIDE,HYDROCHLOROTHIAZIDE,NDA020504,TEVA BRANDED PHARM,CAPSULE,ORAL,Prescription
MIDAMOR,AMILORIDE HYDROCHLORIDE,NDA018200,PADAGIS US,TABLET,ORAL,Prescription
MIDAZOLAM,MIDAZOLAM,ANDA216048,CIPLA LTD,SPRAY,NASAL,None (Tentative Approval)
MIDAZOLAM HYDROCHLORIDE,MIDAZOLAM HYDROCHLORIDE,ANDA076379,PADAGIS US,SYRUP,ORAL,Prescription
MIDAZOLAM HYDROCHLORIDE (AUTOINJECTOR),MIDAZOLAM HYDROCHLORIDE,NDA216359,RAFA LABS LTD,SOLUTION,INTRAMUSCULAR,Prescription
MIDAZOLAM HYDROCHLORIDE PRESERVATIVE FREE,MIDAZOLAM HYDROCHLORIDE,ANDA090315,ONESOURCE SPECIALTY,INJECTABLE,INJECTION,Prescription
MIDAZOLAM IN 0.8% SODIUM CHLORIDE,MIDAZOLAM,ANDA218454,B BRAUN MEDICAL,SOLUTION,INTRAVENOUS,Prescription
MIDAZOLAM IN 0.9% SODIUM CHLORIDE,MIDAZOLAM,ANDA216159,HIKMA,SOLUTION,INTRAVENOUS,Prescription
MIDODRINE HYDROCHLORIDE,MIDODRINE HYDROCHLORIDE,ANDA207613,UNIQUE,TABLET,ORAL,Prescription
MIDOL,IBUPROFEN,ANDA070626,BAYER,CAPSULE,ORAL,Discontinued
MIDOL LIQUID GELS,IBUPROFEN,NDA021472,BIONPHARMA,CAPSULE,ORAL,Over-the-counter
MIDOSTAURIN,MIDOSTAURIN,ANDA216015,LUPIN,CAPSULE,ORAL,Prescription
MIDOZALAM HYDROCHLORIDE,MIDAZOLAM HYDROCHLORIDE,ANDA090316,ONESOURCE SPECIALTY,INJECTABLE,INJECTION,Prescription
MIEBO,PERFLUOROHEXYLOCTANE,NDA216675,BAUSCH AND LOMB INC,SOLUTION/DROPS,OPHTHALMIC,Prescription
MIFEPREX,MIFEPRISTONE,NDA020687,DANCO LABS LLC,TABLET,ORAL,Prescription
MIFEPRISTONE,MIFEPRISTONE,ANDA216616,EVITA SOLUTIONS,TABLET,ORAL,Prescription
MIGERGOT,CAFFEINE; ERGOTAMINE TARTRATE,ANDA086557,COSETTE,SUPPOSITORY,RECTAL,Prescription
MIGLITOL,MIGLITOL,ANDA203965,ORIENT PHARMA,TABLET,ORAL,Prescription
MIGLUSTAT,MIGLUSTAT,ANDA208342,ANI PHARMS,CAPSULE,ORAL,Prescription
MIGRANAL,DIHYDROERGOTAMINE MESYLATE,NDA020148,BAUSCH,"SPRAY, METERED",NASAL,Prescription
MILI,ETHINYL ESTRADIOL; NORGESTIMATE,ANDA205449,AUROBINDO PHARMA LTD,TABLET,ORAL-28,Prescription
MILNACIPRAN HYDROCHLORIDE,MILNACIPRAN HYDROCHLORIDE,ANDA205147,HETERO LABS LTD V,TABLET,ORAL,Prescription
MILONTIN,PHENSUXIMIDE,NDA008855,PARKE DAVIS,CAPSULE,ORAL,Discontinued
MILOPHENE,CLOMIPHENE CITRATE,ANDA072196,GRANATA BIO CORP,TABLET,ORAL,Prescription
MILPREM-200,"ESTROGENS, CONJUGATED; MEPROBAMATE",NDA011045,MEDPOINTE PHARM HLC,TABLET,ORAL,Discontinued
MILPREM-400,"ESTROGENS, CONJUGATED; MEPROBAMATE",NDA011045,MEDPOINTE PHARM HLC,TABLET,ORAL,Discontinued
MILPROSA,PROGESTERONE,NDA201110,FERRING PHARMS INC,SYSTEM,VAGINAL,Discontinued
MILRINONE LACTATE,MILRINONE LACTATE,ANDA214380,CAPLIN,INJECTABLE,INJECTION,Prescription
MILRINONE LACTATE IN DEXTROSE 5%,MILRINONE LACTATE,ANDA219170,CAPLIN,INJECTABLE,INJECTION,Prescription
MILRINONE LACTATE IN DEXTROSE 5% IN PLASTIC CONTAINER,MILRINONE LACTATE,ANDA078113,HIKMA,INJECTABLE,INJECTION,Prescription
MILRINONE LACTATE IN PLASTIC CONTAINER,MILRINONE LACTATE,ANDA090038,HIKMA FARMACEUTICA,INJECTABLE,INJECTION,Prescription
MILTOWN,MEPROBAMATE,NDA009698,MEDPOINTE PHARM HLC,TABLET,ORAL,Discontinued
MINASTRIN 24 FE,ETHINYL ESTRADIOL; NORETHINDRONE ACETATE,NDA203667,APIL,TABLET,ORAL,Discontinued
MINIPRESS,PRAZOSIN HYDROCHLORIDE,NDA017442,PFIZER,CAPSULE,ORAL,Prescription
MINIPRESS XL,PRAZOSIN HYDROCHLORIDE,NDA019775,PFIZER,"TABLET, EXTENDED RELEASE",ORAL,Discontinued
MINIRIN,DESMOPRESSIN ACETATE,NDA021333,FERRING,"SPRAY, METERED",NASAL,Discontinued
MINITEC,TECHNETIUM TC-99M SODIUM PERTECHNETATE GENERATOR,NDA017339,BRACCO,SOLUTION,"INJECTION, ORAL",Discontinued
MINITRAN,NITROGLYCERIN,ANDA089774,VALEANT PHARMS,"FILM, EXTENDED RELEASE",TRANSDERMAL,Discontinued
MINIVELLE,ESTRADIOL,NDA203752,NOVEN,"FILM, EXTENDED RELEASE",TRANSDERMAL,Prescription
MINIZIDE,POLYTHIAZIDE; PRAZOSIN HYDROCHLORIDE,NDA017986,PFIZER,CAPSULE,ORAL,Discontinued
MINOCIN,MINOCYCLINE HYDROCHLORIDE,NDA050444,REMPEX,INJECTABLE,INJECTION,Prescription
MINOCYCLINE HYDROCHLORIDE,MINOCYCLINE HYDROCHLORIDE,ANDA090422,SANDOZ,"Tablet, Extended Release",Oral,None (Tentative Approval)
MINODYL,MINOXIDIL,ANDA071534,QUANTUM PHARMICS,TABLET,ORAL,Discontinued
MINOLIRA,MINOCYCLINE HYDROCHLORIDE,NDA209269,EPI HLTH,"TABLET, EXTENDED RELEASE",ORAL,Discontinued
MINOXIDIL,MINOXIDIL,ANDA071826,PH HEALTH,TABLET,ORAL,Prescription
MINOXIDIL (FOR MEN),MINOXIDIL,ANDA074589,TEVA,SOLUTION,TOPICAL,Discontinued
MINOXIDIL (FOR WOMEN),MINOXIDIL,ANDA074743,SIGHT PHARMS,SOLUTION,TOPICAL,Discontinued
MINOXIDIL EXTRA STRENGTH (FOR MEN),MINOXIDIL,ANDA075518,P AND L,SOLUTION,TOPICAL,Over-the-counter
MINTEZOL,THIABENDAZOLE,NDA016096,MERCK SHARP DOHME,"TABLET, CHEWABLE",ORAL,Discontinued
MINZOYA,ETHINYL ESTRADIOL; LEVONORGESTREL,ANDA217087,LUPIN,TABLET,ORAL,Prescription
MIOCHOL,ACETYLCHOLINE CHLORIDE,NDA016211,NOVARTIS,FOR SOLUTION,OPHTHALMIC,Discontinued
MIOCHOL-E,ACETYLCHOLINE CHLORIDE,NDA020213,BAUSCH AND LOMB,FOR SOLUTION,OPHTHALMIC,Prescription
MIOSTAT,CARBACHOL,NDA016968,ALCON,SOLUTION,INTRAOCULAR,Prescription
MIPLYFFA,ARIMOCLOMOL CITRATE,NDA214927,ZEVRA DENMARK,CAPSULE,ORAL,Prescription
MIRABEGRON,MIRABEGRON,ANDA209446,SAWAI USA,"TABLET, EXTENDED RELEASE",ORAL,Discontinued
MIRADON,ANISINDIONE,NDA010909,SCHERING,TABLET,ORAL,Discontinued
MIRALAX,POLYETHYLENE GLYCOL 3350,NDA020698,BRAINTREE,FOR SOLUTION,ORAL,Discontinued
MIRALUMA,TECHNETIUM TC-99M SESTAMIBI KIT,NDA019785,SHINE,INJECTABLE,INJECTION,Discontinued
MIRAPEX,PRAMIPEXOLE DIHYDROCHLORIDE,NDA020667,BOEHRINGER INGELHEIM,TABLET,ORAL,Discontinued
MIRAPEX ER,PRAMIPEXOLE DIHYDROCHLORIDE,NDA022514,BOEHRINGER INGELHEIM,"TABLET, EXTENDED RELEASE",ORAL,Prescription
MIRCERA,METHOXY POLYETHYLENE GLYCOL-EPOETIN BETA,BLA125164,HOFFMAN-LA ROCHE,SOLUTION,INJECTION,Prescription
MIRCETTE,DESOGESTREL; ETHINYL ESTRADIOL,NDA020713,TEVA BRANDED PHARM,TABLET,ORAL-28,Discontinued
MIRENA,LEVONORGESTREL,NDA021225,BAYER HLTHCARE,SYSTEM,INTRAUTERINE,Prescription
MIRTAZAPINE,MIRTAZAPINE,ANDA076241,ACTAVIS ELIZABETH,TABLET,ORAL,Discontinued
MIRVASO,BRIMONIDINE TARTRATE,NDA204708,GALDERMA LABS LP,GEL,TOPICAL,Prescription
MISOPROSTOL,MISOPROSTOL,ANDA216872,MICRO LABS,TABLET,ORAL,Discontinued
MITHRACIN,PLICAMYCIN,NDA050109,PFIZER,INJECTABLE,INJECTION,Discontinued
MITIGARE,COLCHICINE,NDA204820,HIKMA INTL PHARMS,CAPSULE,ORAL,Prescription
MITIGO,MORPHINE SULFATE,ANDA204393,PIRAMAL CRITICAL,INJECTABLE,INJECTION,Prescription
MITOMYCIN,MITOMYCIN,ANDA064106,HOSPIRA,INJECTABLE,INJECTION,Discontinued
MITOSOL,MITOMYCIN,NDA022572,GLAUKOS,FOR SOLUTION,TOPICAL,Prescription
MITOXANTRONE HYDROCHLORIDE,MITOXANTRONE HYDROCHLORIDE,ANDA076611,HIKMA,INJECTABLE,INJECTION,Prescription
MITOZYTREX,MITOMYCIN,NDA050763,SUPERGEN,INJECTABLE,INJECTION,Discontinued
MIUDELLA,COPPER,NDA218201,SEBELA WOMENS HLTH,SYSTEM,INTRAUTERINE,Prescription
MIVACRON,MIVACURIUM CHLORIDE,NDA020098,ABBVIE,SOLUTION,INTRAVENOUS,Discontinued
MIVACRON IN DEXTROSE 5% IN PLASTIC CONTAINER,MIVACURIUM CHLORIDE,NDA020098,ABBVIE,INJECTABLE,INJECTION,Discontinued
MIVACURIUM CHLORIDE,MIVACURIUM CHLORIDE,ANDA209708,WOODWARD,SOLUTION,INTRAVENOUS,Discontinued
MOBAN,MOLINDONE HYDROCHLORIDE,NDA017938,ENDO PHARMS,CONCENTRATE,ORAL,Discontinued
MOBIC,MELOXICAM,NDA020938,BOEHRINGER INGELHEIM,TABLET,ORAL,Discontinued
MOCTANIN,MONOCTANOIN,NDA019368,ETHITEK,LIQUID,"PERFUSION, BILIARY",Discontinued
MODAFINIL,MODAFINIL,ANDA207196,APPCO,TABLET,ORAL,Prescription
MODERIL,RESCINNAMINE,NDA010686,PFIZER,TABLET,ORAL,Discontinued
MODEYSO,DORDAVIPRONE HYDROCHLORIDE,NDA219876,CHIMERIX,CAPSULE,ORAL,Prescription
MODICON 21,ETHINYL ESTRADIOL; NORETHINDRONE,NDA017488,ORTHO MCNEIL PHARM,TABLET,ORAL-21,Discontinued
MODICON 28,ETHINYL ESTRADIOL; NORETHINDRONE,NDA017735,JANSSEN PHARMS,TABLET,ORAL-28,Discontinued
MODRASTANE,TRILOSTANE,NDA018719,BIOENVISION,CAPSULE,ORAL,Discontinued
MODURETIC 5-50,AMILORIDE HYDROCHLORIDE; HYDROCHLOROTHIAZIDE,NDA018201,MERCK,TABLET,ORAL,Discontinued
MOEXIPRIL HYDROCHLORIDE,MOEXIPRIL HYDROCHLORIDE,ANDA077536,CHARTWELL RX,TABLET,ORAL,Prescription
MOEXIPRIL HYDROCHLORIDE AND HYDROCHLOROTHIAZIDE,HYDROCHLOROTHIAZIDE; MOEXIPRIL HYDROCHLORIDE,ANDA202150,HERITAGE,TABLET,ORAL,Discontinued
MOLINDONE HYDROCHLORIDE,MOLINDONE HYDROCHLORIDE,ANDA090453,EPIC PHARMA LLC,TABLET,ORAL,Prescription
MOMETASONE FUROATE,MOMETASONE FUROATE,ANDA076499,ENCUBE,LOTION,TOPICAL,Prescription
MONISTAT,MICONAZOLE,NDA018040,JANSSEN PHARMA,INJECTABLE,INJECTION,Discontinued
MONISTAT 1 COMBINATION PACK,MICONAZOLE NITRATE,NDA021308,MEDTECH PRODUCTS,"CREAM, INSERT","TOPICAL, VAGINAL",Over-the-counter
MONISTAT 3,MICONAZOLE NITRATE,NDA020827,MEDTECH PRODUCTS,CREAM,VAGINAL,Over-the-counter
MONISTAT 3 COMBINATION PACK,MICONAZOLE NITRATE,NDA021261,MEDTECH PRODUCTS,CREAM,"TOPICAL, VAGINAL",Over-the-counter
MONISTAT 3 COMBINATION PACK (PREFILLED),MICONAZOLE NITRATE,NDA021261,MEDTECH PRODUCTS,CREAM,"TOPICAL, VAGINAL",Over-the-counter
MONISTAT 5,MICONAZOLE NITRATE,NDA018592,PERSONAL PRODS,TAMPON,VAGINAL,Discontinued
MONISTAT 7,MICONAZOLE NITRATE,NDA018520,MEDTECH PRODUCTS,SUPPOSITORY,VAGINAL,Over-the-counter
MONISTAT 7 COMBINATION PACK,MICONAZOLE NITRATE,NDA020288,MEDTECH PRODUCTS,"CREAM, SUPPOSITORY","TOPICAL, VAGINAL",Over-the-counter
MONISTAT DUAL- PAK,MICONAZOLE NITRATE,NDA020968,PERSONAL PRODS,"CREAM, SUPPOSITORY","TOPICAL, VAGINAL",Discontinued
MONISTAT-DERM,MICONAZOLE NITRATE,NDA017739,INSIGHT PHARMS,LOTION,TOPICAL,Discontinued
MONJUVI,TAFASITAMAB-CXIX,BLA761163,MORPHOSYS US INC,SOLUTION,INTRAVENOUS,Prescription
MONO-LINYAH,ETHINYL ESTRADIOL; NORGESTIMATE,ANDA090523,NOVAST LABS LTD,TABLET,ORAL-28,Prescription
MONOBASIC SODIUM PHOSPHATE AND DIBASIC SODIUM PHOSPHATE,"SODIUM PHOSPHATE, DIBASIC, ANHYDROUS; SODIUM PHOSPHATE, MONOBASIC, MONOHYDRATE",ANDA079247,NOVEL LABS INC,TABLET,ORAL,Prescription
MONOCID,CEFONICID SODIUM,ANDA063295,GLAXOSMITHKLINE,INJECTABLE,INJECTION,Discontinued
MONODOX,DOXYCYCLINE,NDA050641,CHARTWELL RX,CAPSULE,ORAL,Prescription
MONOFERRIC,FERRIC DERISOMALTOSE,NDA208171,PHARMACOSMOS,SOLUTION,INTRAVENOUS,Prescription
MONOKET,ISOSORBIDE MONONITRATE,NDA020215,OMNIVIUM PHARMS,TABLET,ORAL,Prescription
MONOPRIL,FOSINOPRIL SODIUM,NDA019915,BRISTOL MYERS SQUIBB,TABLET,ORAL,Discontinued
MONOPRIL-HCT,FOSINOPRIL SODIUM; HYDROCHLOROTHIAZIDE,NDA020286,BRISTOL MYERS SQUIBB,TABLET,ORAL,Discontinued
MONTELUKAST SODIUM,MONTELUKAST SODIUM,ANDA079142,NATCO PHARMA,"TABLET, CHEWABLE",ORAL,Discontinued
MONUROL,FOSFOMYCIN TROMETHAMINE,NDA050717,ZAMBON SPA,FOR SOLUTION,ORAL,Discontinued
MORPHABOND ER,MORPHINE SULFATE,NDA206544,OHEMO LIFE,"TABLET, EXTENDED RELEASE",ORAL,Discontinued
MORPHINE SULFATE,MORPHINE SULFATE,ANDA076412,SPECGX LLC,"TABLET, EXTENDED RELEASE",ORAL,Prescription
MORPHINE SULFATE (AUTOINJECTOR),MORPHINE SULFATE,NDA019999,MERIDIAN MEDCL TECHN,SOLUTION,INTRAMUSCULAR,Discontinued
MOTEGRITY,PRUCALOPRIDE SUCCINATE,NDA210166,TAKEDA PHARMS USA,TABLET,ORAL,Prescription
MOTOFEN,ATROPINE SULFATE; DIFENOXIN HYDROCHLORIDE,NDA017744,LEGACY,TABLET,ORAL,Prescription
MOTOFEN HALF-STRENGTH,ATROPINE SULFATE; DIFENOXIN HYDROCHLORIDE,NDA017744,LEGACY,TABLET,ORAL,Discontinued
MOTPOLY XR,LACOSAMIDE,NDA216185,AUCTA,"CAPSULE, EXTENDED RELEASE",ORAL,Prescription
MOTRIN,IBUPROFEN,NDA019842,MCNEIL CONSUMER,SUSPENSION,ORAL,Discontinued
MOTRIN IB,IBUPROFEN,NDA020516,KENVUE BRANDS,SUSPENSION,ORAL,Over-the-counter
MOTRIN MIGRAINE PAIN,IBUPROFEN,NDA019012,KENVUE BRANDS,TABLET,ORAL,Discontinued
MOUNJARO,TIRZEPATIDE,NDA215866,ELI LILLY AND CO,SOLUTION,SUBCUTANEOUS,Prescription
MOUNJARO (AUTOINJECTOR),TIRZEPATIDE,NDA215866,ELI LILLY AND CO,SOLUTION,SUBCUTANEOUS,Prescription
MOUNJARO KWIKPEN,TIRZEPATIDE,NDA215866,ELI LILLY AND CO,SOLUTION,SUBCUTANEOUS,Prescription
MOVANTIK,NALOXEGOL OXALATE,NDA204760,AVERITAS,TABLET,ORAL,Prescription
MOVIPREP,ASCORBIC ACID; POLYETHYLENE GLYCOL 3350; POTASSIUM CHLORIDE; SODIUM ASCORBATE; SODIUM CHLORIDE; SODIUM SULFATE,NDA021881,SALIX PHARMS,FOR SOLUTION,ORAL,Prescription
MOXAM,MOXALACTAM DISODIUM,NDA050550,LILLY,INJECTABLE,INJECTION,Discontinued
MOXATAG,AMOXICILLIN,NDA050813,PRAGMA,"TABLET, EXTENDED RELEASE",ORAL,Discontinued
MOXEZA,MOXIFLOXACIN HYDROCHLORIDE,NDA022428,HARROW EYE,SOLUTION/DROPS,OPHTHALMIC,Discontinued
MOXIDECTIN,MOXIDECTIN,NDA210867,MDGH,TABLET,ORAL,Prescription
MOXIFLOXACIN HYDROCHLORIDE,MOXIFLOXACIN HYDROCHLORIDE,ANDA202916,EPIC PHARMA LLC,SOLUTION/DROPS,OPHTHALMIC,Discontinued
MOXIFLOXACIN HYDROCHLORIDE IN SODIUM CHLORIDE 0.8% IN PLASTIC CONTAINER,MOXIFLOXACIN HYDROCHLORIDE,ANDA205833,MYLAN LABS LTD,SOLUTION,INTRAVENOUS,Prescription
MOZOBIL,PLERIXAFOR,NDA022311,GENZYME,SOLUTION,SUBCUTANEOUS,Prescription
MPI DMSA KIDNEY REAGENT,TECHNETIUM TC-99M SUCCIMER KIT,NDA017944,GE HEALTHCARE,INJECTABLE,INJECTION,Discontinued
MPI DTPA KIT - CHELATE,TECHNETIUM TC-99M PENTETATE KIT,NDA017255,GE HEALTHCARE,INJECTABLE,INJECTION,Discontinued
MPI INDIUM DTPA IN 111,INDIUM IN-111 PENTETATE DISODIUM,NDA017707,GE HEALTHCARE,INJECTABLE,INTRATHECAL,Prescription
MPI KRYPTON 81M GENERATOR,"KRYPTON, KR-81M",NDA018088,GE HEALTHCARE,GAS,INHALATION,Discontinued
MPI STANNOUS DIPHOSPHONATE,TECHNETIUM TC-99M ETIDRONATE KIT,NDA017667,GE HEALTHCARE,INJECTABLE,INJECTION,Discontinued
MS CONTIN,MORPHINE SULFATE,NDA019516,KNOA PHARMA,"TABLET, EXTENDED RELEASE",ORAL,Prescription
MUCINEX,GUAIFENESIN,NDA021282,RECKITT BENCKISER,"TABLET, EXTENDED RELEASE",ORAL,Over-the-counter
MUCINEX 12HR COLD & FEVER MULTI-SYMPTOM,DEXTROMETHORPHAN HYDROBROMIDE; GUAIFENESIN; NAPROXEN SODIUM,NDA217338,RECKITT BENCKISER,"TABLET, EXTENDED RELEASE",ORAL,Over-the-counter
MUCINEX D,GUAIFENESIN; PSEUDOEPHEDRINE HYDROCHLORIDE,NDA021585,RECKITT BENCKISER,"TABLET, EXTENDED RELEASE",ORAL,Over-the-counter
MUCINEX DM,DEXTROMETHORPHAN HYDROBROMIDE; GUAIFENESIN,NDA021620,RECKITT BENCKISER,"TABLET, EXTENDED RELEASE",ORAL,Over-the-counter
MUCOMYST,ACETYLCYSTEINE,NDA013601,APOTHECON,SOLUTION,"INHALATION, ORAL",Discontinued
MUCOMYST W/ ISOPROTERENOL,ACETYLCYSTEINE; ISOPROTERENOL HYDROCHLORIDE,NDA017366,MEAD JOHNSON,SOLUTION,INHALATION,Discontinued
MUCOSIL-10,ACETYLCYSTEINE,ANDA070575,DEY,SOLUTION,"INHALATION, ORAL",Discontinued
MUCOSIL-20,ACETYLCYSTEINE,ANDA070576,DEY,SOLUTION,"INHALATION, ORAL",Discontinued
MULPLETA,LUSUTROMBOPAG,NDA210923,VANCOCIN ITALIA,TABLET,ORAL,Prescription
MULTAQ,DRONEDARONE HYDROCHLORIDE,NDA022425,SANOFI AVENTIS US,TABLET,ORAL,Prescription
MULTIFUGE,PIPERAZINE CITRATE,NDA009452,BLULINE,SYRUP,ORAL,Discontinued
MULTIHANCE,GADOBENATE DIMEGLUMINE,NDA021357,BRACCO,INJECTABLE,INTRAVENOUS,Prescription
MULTIHANCE MULTIPACK,GADOBENATE DIMEGLUMINE,NDA021358,BRACCO,INJECTABLE,INTRAVENOUS,Prescription
MULTIPLE ELECTROLYTES INJECTION TYPE 1 USP PH 5.5,MAGNESIUM CHLORIDE; POTASSIUM CHLORIDE; SODIUM ACETATE; SODIUM CHLORIDE; SODIUM GLUCONATE,ANDA215370,FRESENIUS KABI USA,INJECTABLE,INJECTION,Discontinued
MULTIPLE ELECTROLYTES INJECTION TYPE 1 USP PH 7.4,MAGNESIUM CHLORIDE; POTASSIUM CHLORIDE; SODIUM ACETATE; SODIUM CHLORIDE; SODIUM GLUCONATE,ANDA215371,FRESENIUS KABI USA,INJECTABLE,INJECTION,Prescription
MULTIPLE VITAMINS INJECTION ADULT,ALPHA-TOCOPHEROL ACETATE; ASCORBIC ACID; BIOTIN; CHOLECALCIFEROL; CYANOCOBALAMIN; DEXPANTHENOL; FOLIC ACID; NIACINAMIDE; PYRIDOXINE HYDROCHLORIDE; RIBOFLAVIN 5'-PHOSPHATE SODIUM; THIAMINE HYDROCHLORIDE; VITAMIN A PALMITATE; VITAMIN K,ANDA210672,APOTEX,SOLUTION,INTRAVENOUS,Prescription
MULTIPLE VITAMINS INJECTION PEDIATRIC,ASCORBIC ACID; BIOTIN; CHOLECALCIFEROL; CYANOCOBALAMIN; DEXPANTHENOL; FOLIC ACID; NIACINAMIDE; PYRIDOXINE; RIBOFLAVIN; THIAMINE; TOCOPHEROL ACETATE; VITAMIN A; VITAMIN K,ANDA210671,APOTEX,INJECTABLE,INTRAVENOUS,Prescription
MULTIPLE VITAMINS INJECTION PEDIATRIC (PHARMACY BULK PACKAGE),ASCORBIC ACID; BIOTIN; CHOLECALCIFEROL; CYANOCOBALAMIN; DEXPANTHENOL; FOLIC ACID; NIACINAMIDE; PYRIDOXINE; RIBOFLAVIN; THIAMINE; TOCOPHEROL ACETATE; VITAMIN A; VITAMIN K,ANDA210456,APOTEX,INJECTABLE,INTRAVENOUS,Prescription
MULTRYS,CUPRIC SULFATE; MANGANESE SULFATE; SELENIOUS ACID; ZINC SULFATE,NDA209376,AM REGENT,SOLUTION,INTRAVENOUS,Prescription
MUPIROCIN,MUPIROCIN,ANDA090480,GLENMARK PHARMS,OINTMENT,TOPICAL,Prescription
MUPIROCIN,MUPIROCIN CALCIUM,ANDA212465,PADAGIS ISRAEL,CREAM,TOPICAL,Discontinued
MUSE,ALPROSTADIL,NDA020700,VIATRIS,SUPPOSITORY,URETHRAL,Discontinued
MUSTARGEN,MECHLORETHAMINE HYDROCHLORIDE,NDA006695,RECORDATI RARE,INJECTABLE,INJECTION,Discontinued
MUTAMYCIN,MITOMYCIN,NDA050450,BRISTOL,INJECTABLE,INJECTION,Discontinued
MVASI,BEVACIZUMAB-AWWB,BLA761028,AMGEN INC,INJECTABLE,INJECTION,Prescription
MVC PLUS,ASCORBIC ACID; BIOTIN; CYANOCOBALAMIN; DEXPANTHENOL; ERGOCALCIFEROL; FOLIC ACID; NIACINAMIDE; PYRIDOXINE HYDROCHLORIDE; RIBOFLAVIN 5'-PHOSPHATE SODIUM; THIAMINE HYDROCHLORIDE; VITAMIN A; VITAMIN E,NDA018439,WATSON LABS,INJECTABLE,INJECTION,Discontinued
MYALEPT,METRELEPTIN,BLA125390,CHIESI FARMACEUTICI SPA,INJECTABLE,INJECTION,Prescription
MYAMBUTOL,ETHAMBUTOL HYDROCHLORIDE,NDA016320,KANCHAN HLTHCARE,TABLET,ORAL,Discontinued
MYCAMINE,MICAFUNGIN SODIUM,NDA021754,FUJISAWA HLTHCARE,INJECTABLE,INJECTION,Prescription
MYCAPSSA,OCTREOTIDE ACETATE,NDA208232,CHIESI,"CAPSULE, DELAYED RELEASE",ORAL,Prescription
MYCELEX,CLOTRIMAZOLE,NDA018183,BAYER HEALTHCARE LLC,CREAM,TOPICAL,Discontinued
MYCELEX-7,CLOTRIMAZOLE,NDA018230,BAYER HEALTHCARE LLC,CREAM,VAGINAL,Discontinued
MYCELEX-7 COMBINATION PACK,CLOTRIMAZOLE,NDA020389,BAYER HEALTHCARE LLC,"CREAM, TABLET","TOPICAL, VAGINAL",Discontinued
MYCELEX-G,CLOTRIMAZOLE,NDA019069,BAYER PHARMS,TABLET,VAGINAL,Discontinued
MYCHEL,CHLORAMPHENICOL,ANDA060851,ARMENPHARM,CAPSULE,ORAL,Discontinued
MYCHEL-S,CHLORAMPHENICOL SODIUM SUCCINATE,ANDA060132,ANGUS,INJECTABLE,INJECTION,Discontinued
MYCIFRADIN,NEOMYCIN SULFATE,NDA050285,PHARMACIA AND UPJOHN,SOLUTION,ORAL,Discontinued
MYCITRACIN,BACITRACIN; NEOMYCIN SULFATE; POLYMYXIN B SULFATE,ANDA061048,PHARMACIA AND UPJOHN,OINTMENT,OPHTHALMIC,Discontinued
MYCO-TRIACET II,NYSTATIN; TRIAMCINOLONE ACETONIDE,ANDA061954,TEVA,CREAM,TOPICAL,Discontinued
MYCOBUTIN,RIFABUTIN,NDA050689,PFIZER,CAPSULE,ORAL,Prescription
MYCOLOG-II,NYSTATIN; TRIAMCINOLONE ACETONIDE,ANDA060576,DELCOR ASSET CORP,CREAM,TOPICAL,Discontinued
MYCOPHENOLATE MOFETIL,MYCOPHENOLATE MOFETIL,ANDA090055,STRIDES PHARMA,CAPSULE,ORAL,Prescription
MYCOPHENOLATE MOFETIL HYDROCHLORIDE,MYCOPHENOLATE MOFETIL HYDROCHLORIDE,ANDA203859,MYLAN LABS LTD,INJECTABLE,INJECTION,Prescription
MYCOPHENOLATE SODIUM,MYCOPHENOLATE SODIUM,ANDA091248,RK PHARMA,"TABLET, DELAYED RELEASE",ORAL,Discontinued
MYCOSTATIN,NYSTATIN,ANDA060578,DELCOR ASSET CORP,POWDER,TOPICAL,Discontinued
MYDAYIS,AMPHETAMINE ASPARTATE; AMPHETAMINE SULFATE; DEXTROAMPHETAMINE SACCHARATE; DEXTROAMPHETAMINE SULFATE,NDA022063,TAKEDA PHARMS USA,"CAPSULE, EXTENDED RELEASE",ORAL,Prescription
MYDCOMBI,PHENYLEPHRINE HYDROCHLORIDE; TROPICAMIDE,NDA215352,EYENOVIA,"SPRAY, METERED",OPHTHALMIC,Discontinued
MYDRIACYL,TROPICAMIDE,ANDA084306,ALCON LABS INC,SOLUTION/DROPS,OPHTHALMIC,Prescription
MYDRIAFAIR,TROPICAMIDE,ANDA088230,PHARMAFAIR,SOLUTION/DROPS,OPHTHALMIC,Discontinued
MYFED,PSEUDOEPHEDRINE HYDROCHLORIDE; TRIPROLIDINE HYDROCHLORIDE,ANDA088116,USL PHARMA,SYRUP,ORAL,Discontinued
MYFEMBREE,ESTRADIOL; NORETHINDRONE ACETATE; RELUGOLIX,NDA214846,SUMITOMO PHARMA AM,TABLET,ORAL,Prescription
MYFORTIC,MYCOPHENOLATE SODIUM,NDA050791,NOVARTIS,"TABLET, DELAYED RELEASE",ORAL,Prescription
MYHIBBIN,MYCOPHENOLATE MOFETIL,NDA216482,AZURITY,SUSPENSION,ORAL,Prescription
MYIDYL,TRIPROLIDINE HYDROCHLORIDE,ANDA087963,USL PHARMA,SYRUP,ORAL,Discontinued
MYKACET,NYSTATIN; TRIAMCINOLONE ACETONIDE,ANDA062733,COSETTE PHARMS NC,OINTMENT,TOPICAL,Discontinued
MYKINAC,NYSTATIN,ANDA062387,ALPHARMA US PHARMS,CREAM,TOPICAL,Discontinued
MYKROX,METOLAZONE,NDA019532,CHARTWELL MOLECULAR,TABLET,ORAL,Discontinued
MYLAXEN,HEXAFLUORENIUM BROMIDE,NDA009789,MEDPOINTE PHARM HLC,INJECTABLE,INJECTION,Discontinued
MYLERAN,BUSULFAN,NDA009386,WAYLIS THERAP,TABLET,ORAL,Prescription
MYLOTARG,GEMTUZUMAB OZOGAMICIN,BLA761060,WYETH PHARMS INC,VIAL,SINGLE-DOSE,Prescription
MYMETHAZINE FORTIS,PROMETHAZINE HYDROCHLORIDE,ANDA087996,USL PHARMA,SYRUP,ORAL,Discontinued
MYOBLOC,Botulinum Toxin Type B,BLA103846,ELAN PHARM,VIAL,,Prescription
MYORISAN,ISOTRETINOIN,ANDA076485,UPSHER SMITH LABS,CAPSULE,ORAL,Prescription
MYOSCINT,IMCIROMAB PENTETATE,BLA103634,CENTOCOR INC,VIAL,,Discontinued
MYOTONACHOL,BETHANECHOL CHLORIDE,ANDA084188,GLENWOOD,TABLET,ORAL,Discontinued
MYOVIEW,TECHNETIUM TC-99M TETROFOSMIN KIT,NDA020372,MEDI-PHYSICS,INJECTABLE,INJECTION,Prescription
MYOVIEW 30ML,TECHNETIUM TC-99M TETROFOSMIN KIT,NDA020372,MEDI-PHYSICS,INJECTABLE,INJECTION,Prescription
MYOZYME,ALGLUCOSIDASE ALFA,BLA125141,GENZYME,INJECTABLE,IV (INFUSION),Prescription
MYQORZO,AFICAMTEN,NDA219083,CYTOKINETICS,TABLET,ORAL,Prescription
MYRBETRIQ,MIRABEGRON,NDA202611,APGDI,"TABLET, EXTENDED RELEASE",ORAL,Prescription
MYRBETRIQ GRANULES,MIRABEGRON,NDA213801,APGDI,"FOR SUSPENSION, EXTENDED RELEASE",ORAL,Prescription
MYSOLINE,PRIMIDONE,NDA009170,VALEANT,TABLET,ORAL,Prescription
MYTELASE,AMBENONIUM CHLORIDE,NDA010155,SANOFI AVENTIS US,TABLET,ORAL,Discontinued
MYTESI,CROFELEMER,NDA202292,NAPO PHARMS INC,"TABLET, DELAYED RELEASE",ORAL,Prescription
MYTREX A,NEOMYCIN SULFATE; TRIAMCINOLONE ACETONIDE,ANDA062598,SAVAGE LABS,CREAM,TOPICAL,Discontinued
MYTREX F,NYSTATIN; TRIAMCINOLONE ACETONIDE,ANDA062601,SAVAGE LABS,OINTMENT,TOPICAL,Discontinued
MYXREDLIN,INSULIN HUMAN,BLA208157,BAXTER HLTHCARE CORP,SOLUTION,INTRAVENOUS,Prescription
MYZILRA,ETHINYL ESTRADIOL; LEVONORGESTREL,ANDA077502,PH HEALTH,TABLET,ORAL-28,Discontinued
N.E.E. 1/35 21,ETHINYL ESTRADIOL; NORETHINDRONE,ANDA071541,LPI,TABLET,ORAL-21,Discontinued
N.E.E. 1/35 28,ETHINYL ESTRADIOL; NORETHINDRONE,ANDA071542,LPI,TABLET,ORAL-28,Discontinued
NABUMETONE,NABUMETONE,ANDA090516,AUROBINDO PHARMA USA,TABLET,ORAL,Discontinued
NADOLOL,NADOLOL,ANDA203455,INVAGEN PHARMS,TABLET,ORAL,Prescription
NADOLOL AND BENDROFLUMETHIAZIDE,BENDROFLUMETHIAZIDE; NADOLOL,ANDA078688,NATCO PHARMA,TABLET,ORAL,Discontinued
NAFAZAIR,NAPHAZOLINE HYDROCHLORIDE,ANDA088101,PHARMAFAIR,SOLUTION/DROPS,OPHTHALMIC,Discontinued
NAFCILLIN SODIUM,NAFCILLIN SODIUM,ANDA090002,ISTITUTO BIO ITA SPA,INJECTABLE,INJECTION,Prescription
NAFTIFINE HYDROCHLORIDE,NAFTIFINE HYDROCHLORIDE,ANDA206165,AMNEAL,GEL,TOPICAL,Discontinued
NAFTIN,NAFTIFINE HYDROCHLORIDE,NDA019356,LEGACY,GEL,TOPICAL,Discontinued
NAGLAZYME,GALSULFASE,BLA125117,BIOMARIN,INJECTABLE,INJECTION,Prescription
NALBUPHINE,NALBUPHINE HYDROCHLORIDE,ANDA070751,ABRAXIS PHARM,SOLUTION,"INTRAMUSCULAR, INTRAVENOUS, SUBCUTANEOUS",Discontinued
NALBUPHINE HYDROCHLORIDE,NALBUPHINE HYDROCHLORIDE,ANDA070914,HOSPIRA,SOLUTION,"INTRAMUSCULAR, INTRAVENOUS, SUBCUTANEOUS",Prescription
NALFON,FENOPROFEN CALCIUM,NDA017710,DISTA,TABLET,ORAL,Discontinued
NALIDIXIC ACID,NALIDIXIC ACID,ANDA070271,SUN PHARM INDUSTRIES,TABLET,ORAL,Discontinued
NALLPEN,NAFCILLIN SODIUM,ANDA061999,GLAXOSMITHKLINE,INJECTABLE,INJECTION,Discontinued
NALLPEN IN PLASTIC CONTAINER,NAFCILLIN SODIUM,NDA050655,BAXTER HLTHCARE,INJECTABLE,INJECTION,Prescription
NALMEFENE HYDROCHLORIDE,NALMEFENE HYDROCHLORIDE,ANDA216007,CHENGDU SHUODE,SOLUTION,"INTRAMUSCULAR, INTRAVENOUS, SUBCUTANEOUS",Prescription
NALOXEGOL,NALOXEGOL,ANDA212625,MSN LABS PVT LTD,TABLET,ORAL,None (Tentative Approval)
NALOXONE,NALOXONE HYDROCHLORIDE,ANDA070189,WYETH AYERST,INJECTABLE,INJECTION,Discontinued
NALOXONE HCL,NALOXONE HYDROCHLORIDE,ANDA070678,QUAD PHARMS,Injectable,Injection,Discontinued
NALOXONE HYDROCHLORIDE,NALOXONE HYDROCHLORIDE,ANDA207634,SOMERSET THERAPS LLC,INJECTABLE,INJECTION,Prescription
NALOXONE HYDROCHLORIDE (AUTOINJECTOR),NALOXONE HYDROCHLORIDE,NDA215457,KALEO INC,SOLUTION,"INTRAMUSCULAR, SUBCUTANEOUS",Discontinued
NALOXONE HYDROCHLORIDE AND PENTAZOCINE HYDROCHLORIDE,NALOXONE HYDROCHLORIDE; PENTAZOCINE HYDROCHLORIDE,ANDA075735,LUPIN,TABLET,ORAL,Prescription
NALTREXONE,NALTREXONE,ANDA213195,TEVA PHARMS USA INC,"FOR SUSPENSION, EXTENDED RELEASE",INTRAMUSCULAR,Discontinued
NALTREXONE HYDROCHLORIDE,NALTREXONE HYDROCHLORIDE,ANDA076264,SPECGX LLC,TABLET,ORAL,Prescription
NALTREXONE HYDROCHLORIDE; BUPROPION HYDROCHLORIDE,BUPROPION HYDROCHLORIDE; NALTREXONE HYDROCHLORIDE,ANDA208043,ACTAVIS LABS FL INC,"TABLET, EXTENDED RELEASE",ORAL,None (Tentative Approval)
NAMENDA,MEMANTINE HYDROCHLORIDE,NDA021627,ALLERGAN,SOLUTION,ORAL,Discontinued
NAMENDA XR,MEMANTINE HYDROCHLORIDE,NDA022525,ABBVIE,"CAPSULE, EXTENDED RELEASE",ORAL,Discontinued
NAMZARIC,DONEPEZIL HYDROCHLORIDE; MEMANTINE HYDROCHLORIDE,NDA206439,ABBVIE,"CAPSULE, EXTENDED RELEASE",ORAL,Prescription
NANDROLONE DECANOATE,NANDROLONE DECANOATE,ANDA088128,WATSON LABS,INJECTABLE,INJECTION,Discontinued
NANDROLONE PHENPROPIONATE,NANDROLONE PHENPROPIONATE,ANDA087488,WATSON LABS,INJECTABLE,INJECTION,Discontinued
NAPHAZOLINE HYDROCHLORIDE,NAPHAZOLINE HYDROCHLORIDE,ANDA083590,RISING,SOLUTION/DROPS,OPHTHALMIC,Discontinued
NAPHAZOLINE HYDROCHLORIDE AND PHENIRAMINE MALEATE,NAPHAZOLINE HYDROCHLORIDE; PHENIRAMINE MALEATE,ANDA202795,RISING,SOLUTION/DROPS,OPHTHALMIC,Over-the-counter
NAPHCON FORTE,NAPHAZOLINE HYDROCHLORIDE,ANDA080229,ALCON,SOLUTION/DROPS,OPHTHALMIC,Discontinued
NAPHCON-A,NAPHAZOLINE HYDROCHLORIDE; PHENIRAMINE MALEATE,NDA020226,ALCON,SOLUTION/DROPS,OPHTHALMIC,Over-the-counter
NAPRELAN,NAPROXEN SODIUM,NDA020353,TWI PHARMS,"TABLET, EXTENDED RELEASE",ORAL,Prescription
NAPROSYN,NAPROXEN,NDA017581,ATNAHS PHARMA US,TABLET,ORAL,Prescription
NAPROXEN,NAPROXEN,ANDA078250,GLENMARK PHARMS LTD,TABLET,ORAL,Prescription
NAPROXEN AND ESOMEPRAZOLE MAGNESIUM,ESOMEPRAZOLE MAGNESIUM; NAPROXEN,ANDA202461,DR REDDYS LABS LTD,"TABLET, DELAYED RELEASE",ORAL,None (Tentative Approval)
NAPROXEN SODIUM,NAPROXEN SODIUM,ANDA078314,GLENMARK PHARMS LTD,TABLET,ORAL,Prescription
NAPROXEN SODIUM AND DIPHENHYDRAMINE HYDROCHLORIDE,DIPHENHYDRAMINE HYDROCHLORIDE; NAPROXEN SODIUM,ANDA209726,AMNEAL PHARMS CO,TABLET,ORAL,Discontinued
NAPROXEN SODIUM AND PSEUDOEPHEDRINE HYDROCHLORIDE,NAPROXEN SODIUM; PSEUDOEPHEDRINE HYDROCHLORIDE,ANDA076518,PERRIGO,"TABLET, EXTENDED RELEASE",ORAL,Over-the-counter
NAQUA,TRICHLORMETHIAZIDE,NDA012265,SCHERING,TABLET,ORAL,Discontinued
NAQUIVAL,RESERPINE; TRICHLORMETHIAZIDE,NDA012265,SCHERING,TABLET,ORAL,Discontinued
NARATRIPTAN,NARATRIPTAN HYDROCHLORIDE,ANDA200502,HERITAGE,TABLET,ORAL,Prescription
NARCAN,NALOXONE HYDROCHLORIDE,NDA208411,EMERGENT,"SPRAY, METERED",NASAL,Over-the-counter
NARDIL,PHENELZINE SULFATE,NDA011909,PARKE DAVIS,TABLET,ORAL,Prescription
NAROPIN,ROPIVACAINE HYDROCHLORIDE,NDA020533,FRESENIUS KABI USA,SOLUTION,INJECTION,Prescription
NASACORT,TRIAMCINOLONE ACETONIDE,NDA019798,CHATTEM SANOFI,"AEROSOL, METERED",NASAL,Discontinued
NASACORT ALLERGY 24 HOUR,TRIAMCINOLONE ACETONIDE,NDA020468,CHATTEM SANOFI,"SPRAY, METERED",NASAL,Over-the-counter
NASACORT HFA,TRIAMCINOLONE ACETONIDE,NDA020784,SANOFI AVENTIS US,"SPRAY, METERED",NASAL,Discontinued
NASALCROM,CROMOLYN SODIUM,NDA020463,BLACKSMITH BRANDS,"SPRAY, METERED",NASAL,Discontinued
NASALIDE,FLUNISOLIDE,NDA018148,IVAX RES,"SPRAY, METERED",NASAL,Discontinued
NASAREL,FLUNISOLIDE,NDA020409,TEVA BRANDED PHARM,"SPRAY, METERED",NASAL,Discontinued
NASCOBAL,CYANOCOBALAMIN,NDA019722,ENDO OPERATIONS,"GEL, METERED",NASAL,Discontinued
NASONEX,MOMETASONE FUROATE,NDA020762,ORGANON LLC,"SPRAY, METERED",NASAL,Discontinued
NASONEX 24HR ALLERGY,MOMETASONE FUROATE,NDA215712,PERRIGO PHARMA INTL,"SPRAY, METERED",NASAL,Over-the-counter
NATACYN,NATAMYCIN,NDA050514,HARROW EYE,SUSPENSION,OPHTHALMIC,Prescription
NATAZIA,DIENOGEST; ESTRADIOL VALERATE,NDA022252,BAYER HLTHCARE,TABLET,ORAL,Prescription
NATEGLINIDE,NATEGLINIDE,ANDA077461,DR REDDYS LABS LTD,TABLET,ORAL,Prescription
NATESTO,TESTOSTERONE,NDA205488,ACERUS,"GEL, METERED",NASAL,Prescription
NATPARA,PARATHYROID HORMONE,BLA125511,NPS PHARMS INC,INJECTABLE,INJECTION,Prescription
NATRECOR,NESIRITIDE,NDA020920,SCIOS LLC,FOR SOLUTION,INTRAVENOUS,Discontinued
NATROBA,SPINOSAD,NDA022408,CIPHER,SUSPENSION,TOPICAL,Prescription
NATURAL ESTROGENIC SUBSTANCE-ESTRONE,ESTRONE,ANDA085237,WATSON LABS,INJECTABLE,INJECTION,Discontinued
NATURETIN-10,BENDROFLUMETHIAZIDE,NDA012164,APOTHECON,TABLET,ORAL,Discontinued
NATURETIN-2.5,BENDROFLUMETHIAZIDE,NDA012164,APOTHECON,TABLET,ORAL,Discontinued
NATURETIN-5,BENDROFLUMETHIAZIDE,NDA012164,APOTHECON,TABLET,ORAL,Discontinued
NAVANE,THIOTHIXENE,NDA016584,PFIZER,CAPSULE,ORAL,Discontinued
NAVANE,THIOTHIXENE HYDROCHLORIDE,NDA016758,PFIZER,CONCENTRATE,ORAL,Discontinued
NAVELBINE,VINORELBINE TARTRATE,NDA020388,PIERRE FABRE,INJECTABLE,INJECTION,Discontinued
NAVITRUX,FOSAPREPITANT DIMEGLUMINE,NDA220436,AVYXA HOLDINGS,POWDER,INTRAVENOUS,Prescription
NAVSTEL,CALCIUM CHLORIDE; DEXTROSE; MAGNESIUM CHLORIDE; OXIGLUTATIONE; POTASSIUM CHLORIDE; SODIUM BICARBONATE; SODIUM CHLORIDE; SODIUM PHOSPHATE,NDA022193,ALCON PHARMS LTD,SOLUTION,IRRIGATION,Discontinued
NAYZILAM,MIDAZOLAM,NDA211321,UCB INC,SPRAY,NASAL,Prescription
NEBCIN,TOBRAMYCIN SULFATE,NDA050519,LILLY,INJECTABLE,INJECTION,Discontinued
NEBIVOLOL HYDROCHLORIDE,NEBIVOLOL HYDROCHLORIDE,ANDA203741,ALKEM LABS LTD,TABLET,ORAL,Discontinued
NEBUPENT,PENTAMIDINE ISETHIONATE,NDA019887,FRESENIUS KABI USA,FOR SOLUTION,INHALATION,Discontinued
NEDOCROMIL SODIUM,NEDOCROMIL SODIUM,ANDA090638,EPIC PHARMA LLC,SOLUTION/DROPS,OPHTHALMIC,Discontinued
NEFAZODONE HYDROCHLORIDE,NEFAZODONE HYDROCHLORIDE,ANDA076196,ROXANE,TABLET,ORAL,Discontinued
NEFFY,EPINEPHRINE,NDA214697,ARS PHARMS OPERATION,SPRAY,NASAL,Prescription
NEGGRAM,NALIDIXIC ACID,NDA014214,SANOFI AVENTIS US,TABLET,ORAL,Discontinued
NELARABINE,NELARABINE,ANDA212605,GLAND,INJECTABLE,INTRAVENOUS,Prescription
NEMBUTAL,PENTOBARBITAL,ANDA083244,SCIEGEN PHARMS,ELIXIR,ORAL,Discontinued
NEMBUTAL,PENTOBARBITAL SODIUM,ANDA083247,SCIEGEN PHARMS,SUPPOSITORY,RECTAL,Discontinued
NEMBUTAL SODIUM,PENTOBARBITAL SODIUM,ANDA083245,EPIC PHARMA LLC,CAPSULE,ORAL,Discontinued
NEMLUVIO,NEMOLIZUMAB-ILTO,BLA761390,GALDERMA LABS LP,INJECTABLE,INJECTION,Prescription
NEO TECT KIT,TECHNETIUM TC-99M DEPREOTIDE,NDA021012,CIS BIO INTL SA,INJECTABLE,INJECTION,Discontinued
NEO-CORT-DOME,"ACETIC ACID, GLACIAL; HYDROCORTISONE; NEOMYCIN SULFATE",NDA050238,BAYER PHARMS,SUSPENSION/DROPS,OTIC,Discontinued
NEO-CORT-DOME,HYDROCORTISONE; NEOMYCIN SULFATE,NDA050237,BAYER PHARMS,CREAM,TOPICAL,Discontinued
NEO-CORTEF,HYDROCORTISONE ACETATE; NEOMYCIN SULFATE,ANDA060612,PHARMACIA AND UPJOHN,SUSPENSION/DROPS,OPHTHALMIC,Discontinued
NEO-DELTA-CORTEF,NEOMYCIN SULFATE; PREDNISOLONE ACETATE,ANDA061037,PHARMACIA AND UPJOHN,SUSPENSION/DROPS,OPHTHALMIC,Discontinued
NEO-FRADIN,NEOMYCIN SULFATE,ANDA065010,X GEN PHARMS,SOLUTION,ORAL,Discontinued
NEO-HYDELTRASOL,NEOMYCIN SULFATE; PREDNISOLONE SODIUM PHOSPHATE,NDA050378,MERCK,OINTMENT,OPHTHALMIC,Discontinued
NEO-MEDROL,METHYLPREDNISOLONE; NEOMYCIN SULFATE,ANDA060645,PHARMACIA AND UPJOHN,OINTMENT,OPHTHALMIC,Discontinued
NEO-MEDROL ACETATE,METHYLPREDNISOLONE ACETATE; NEOMYCIN SULFATE,ANDA060611,PHARMACIA AND UPJOHN,CREAM,TOPICAL,Discontinued
NEO-POLYCIN,BACITRACIN ZINC; NEOMYCIN SULFATE; POLYMYXIN B SULFATE,ANDA060647,DOW PHARM,OINTMENT,OPHTHALMIC,Discontinued
NEO-POLYCIN,GRAMICIDIN; NEOMYCIN SULFATE; POLYMYXIN B SULFATE,ANDA060427,DOW PHARM,SOLUTION/DROPS,OPHTHALMIC,Discontinued
NEO-RX,NEOMYCIN SULFATE,ANDA061579,X GEN PHARMS,POWDER,FOR RX COMPOUNDING,Discontinued
NEO-SYNALAR,FLUOCINOLONE ACETONIDE; NEOMYCIN SULFATE,ANDA060700,EUROFARMA,CREAM,TOPICAL,Prescription
NEOBIOTIC,NEOMYCIN SULFATE,ANDA060475,PFIZER,TABLET,ORAL,Discontinued
NEODECADRON,DEXAMETHASONE SODIUM PHOSPHATE; NEOMYCIN SULFATE,NDA050324,MERCK,OINTMENT,OPHTHALMIC,Discontinued
NEOMYCIN & POLYMYXIN B SULFATES & BACITRACIN ZINC & HYDROCORTISONE,BACITRACIN ZINC; HYDROCORTISONE; NEOMYCIN SULFATE; POLYMYXIN B SULFATE,ANDA062381,PHARMAFAIR,OINTMENT,TOPICAL,Discontinued
NEOMYCIN AND POLYMYXIN B SULFATE,NEOMYCIN SULFATE; POLYMYXIN B SULFATE,ANDA065106,XGEN PHARMS,SOLUTION,IRRIGATION,Prescription
NEOMYCIN AND POLYMYXIN B SULFATES AND BACITRACIN ZINC,BACITRACIN ZINC; NEOMYCIN SULFATE; POLYMYXIN B SULFATE,ANDA060764,PADAGIS US,OINTMENT,OPHTHALMIC,Discontinued
NEOMYCIN AND POLYMYXIN B SULFATES AND DEXAMETHASONE,DEXAMETHASONE; NEOMYCIN SULFATE; POLYMYXIN B SULFATE,ANDA062938,PADAGIS US,OINTMENT,OPHTHALMIC,Discontinued
NEOMYCIN AND POLYMYXIN B SULFATES AND GRAMICIDIN,GRAMICIDIN; NEOMYCIN SULFATE; POLYMYXIN B SULFATE,ANDA062788,WATSON LABS,SOLUTION/DROPS,OPHTHALMIC,Discontinued
NEOMYCIN AND POLYMYXIN B SULFATES AND HYDROCORTISONE,HYDROCORTISONE; NEOMYCIN SULFATE; POLYMYXIN B SULFATE,ANDA217735,AMNEAL,SUSPENSION/DROPS,OTIC,Prescription
"NEOMYCIN AND POLYMYXIN B SULFATES, BACITRACIN ZINC AND HYDROCORTISONE",BACITRACIN ZINC; HYDROCORTISONE; NEOMYCIN SULFATE; POLYMYXIN B SULFATE,ANDA065213,SCIEGEN PHARMS,OINTMENT,OPHTHALMIC,Discontinued
NEOMYCIN SULFATE,NEOMYCIN SULFATE,ANDA204435,CHARTWELL MOLECULAR,TABLET,ORAL,Discontinued
NEOMYCIN SULFATE AND DEXAMETHASONE SODIUM PHOSPHATE,DEXAMETHASONE SODIUM PHOSPHATE; NEOMYCIN SULFATE,ANDA064055,BAUSCH AND LOMB,SOLUTION/DROPS,OPHTHALMIC,Discontinued
NEOMYCIN SULFATE AND POLYMYXIN B SULFATE GRAMICIDIN,GRAMICIDIN; NEOMYCIN SULFATE; POLYMYXIN B SULFATE,ANDA062383,PHARMAFAIR,SOLUTION/DROPS,OPHTHALMIC,Discontinued
"NEOMYCIN SULFATE, POLYMYXIN B SULFATE & HYDROCORTISONE",HYDROCORTISONE; NEOMYCIN SULFATE; POLYMYXIN B SULFATE,ANDA062617,PHARMAFAIR,SUSPENSION/DROPS,OTIC,Discontinued
NEOMYCIN SULFATE-DEXAMETHASONE SODIUM PHOSPHATE,DEXAMETHASONE SODIUM PHOSPHATE; NEOMYCIN SULFATE,ANDA062539,PHARMAFAIR,SOLUTION/DROPS,OPHTHALMIC,Discontinued
NEOMYCIN SULFATE-POLYMYXIN B SULFATE-HYDROCORTISONE,HYDROCORTISONE; NEOMYCIN SULFATE; POLYMYXIN B SULFATE,ANDA062394,PHARMAFAIR,SOLUTION/DROPS,OTIC,Discontinued
NEOMYCIN SULFATE-TRIAMCINOLONE ACETONIDE,NEOMYCIN SULFATE; TRIAMCINOLONE ACETONIDE,ANDA062600,FOUGERA,CREAM,TOPICAL,Discontinued
NEOPAP,ACETAMINOPHEN,NDA016401,POLYMEDICA,SUPPOSITORY,RECTAL,Discontinued
NEOPASALATE,AMINOSALICYLATE SODIUM; AMINOSALICYLIC ACID,ANDA080059,MEDPOINTE PHARM HLC,TABLET,ORAL,Discontinued
NEOPHAM 6.4%,AMINO ACIDS,NDA018792,HOSPIRA,INJECTABLE,INJECTION,Discontinued
NEOPROFEN,IBUPROFEN LYSINE,NDA021903,RECORDATI RARE,INJECTABLE,INTRAVENOUS,Prescription
NEORAL,CYCLOSPORINE,NDA050716,NOVARTIS,SOLUTION,ORAL,Prescription
NEOSAR,CYCLOPHOSPHAMIDE,ANDA040015,TEVA PARENTERAL,INJECTABLE,INJECTION,Discontinued
NEOSCAN,GALLIUM CITRATE GA-67,NDA017655,GE HEALTHCARE,INJECTABLE,INJECTION,Discontinued
NEOSPORIN,GRAMICIDIN; NEOMYCIN SULFATE; POLYMYXIN B SULFATE,ANDA060582,MONARCH PHARMS,SOLUTION/DROPS,OPHTHALMIC,Discontinued
NEOSPORIN,NEOMYCIN SULFATE; POLYMYXIN B SULFATE,NDA050176,GLAXOSMITHKLINE,CREAM,TOPICAL,Discontinued
NEOSPORIN G.U. IRRIGANT,NEOMYCIN SULFATE; POLYMYXIN B SULFATE,ANDA060707,MONARCH PHARMS,SOLUTION,IRRIGATION,Discontinued
NEOSTIGMINE METHYLSULFATE,NEOSTIGMINE METHYLSULFATE,ANDA209182,AM REGENT,SOLUTION,INTRAVENOUS,Discontinued
NEOTHYLLINE,DYPHYLLINE,NDA007794,TEVA,ELIXIR,ORAL,Discontinued
NEOTRIZINE,SULFAMERAZINE; SULFAMETHAZINE); TRISULFAPYRIMIDINES (SULFADIAZINE,NDA006317,LILLY,TABLET,ORAL,Discontinued
NEPHRAMINE 5.4%,AMINO ACIDS,NDA017766,B BRAUN,INJECTABLE,INJECTION,Discontinued
NEPHROFLOW,IODOHIPPURATE SODIUM I-123,NDA018289,GE HEALTHCARE,INJECTABLE,INJECTION,Discontinued
NEPHROSCAN,TECHNETIUM TC-99M SUCCIMER,NDA214993,THERAGNOSTICS,POWDER,INTRAVENOUS,Prescription
NEPTAZANE,METHAZOLAMIDE,NDA011721,LEDERLE,TABLET,ORAL,Discontinued
NERATINIB MALEATE,NERATINIB MALEATE,ANDA216236,SANDOZ INC,TABLET,ORAL,None (Tentative Approval)
NEREUS,TRADIPITANT,NDA220152,VANDA PHARMS INC,CAPSULE,ORAL,Prescription
NERLYNX,NERATINIB MALEATE,NDA208051,PUMA BIOTECH,TABLET,ORAL,Prescription
NESACAINE,CHLOROPROCAINE HYDROCHLORIDE,NDA009435,FRESENIUS KABI USA,INJECTABLE,INJECTION,Discontinued
NESACAINE-MPF,CHLOROPROCAINE HYDROCHLORIDE,NDA009435,FRESENIUS KABI USA,INJECTABLE,INJECTION,Prescription
NESINA,ALOGLIPTIN BENZOATE,NDA022271,TAKEDA PHARMS USA,TABLET,ORAL,Prescription
NETARSUDIL MESYLATE,NETARSUDIL,ANDA216855,GLAND PHARMA LTD,SOLUTION,DROPS,Prescription
NETROMYCIN,NETILMICIN SULFATE,NDA050544,SCHERING,INJECTABLE,INJECTION,Discontinued
NETSPOT,GALLIUM DOTATATE GA-68,NDA208547,NOVARTIS,POWDER,INTRAVENOUS,Prescription
NEULASTA,PEGFILGRASTIM,BLA125031,AMGEN,SYRINGE,,Prescription
NEUPOGEN,FILGRASTIM,BLA103353,AMGEN,SYRINGE,,Prescription
NEUPRO,ROTIGOTINE,NDA021829,UCB INC,"FILM, EXTENDED RELEASE",TRANSDERMAL,Prescription
NEURACEQ,FLORBETABEN F-18,NDA204677,LANTHEUS,SOLUTION,INTRAVENOUS,Prescription
NEURAMATE,MEPROBAMATE,NDA014359,HALSEY,TABLET,ORAL,Discontinued
NEUROLITE,TECHNETIUM TC-99M BICISATE KIT,NDA020256,SHINE,INJECTABLE,INJECTION,Prescription
NEURONTIN,GABAPENTIN,NDA020235,VIATRIS,CAPSULE,ORAL,Prescription
NEUTREXIN,TRIMETREXATE GLUCURONATE,NDA020326,MEDIMMUNE ONCOLOGY,INJECTABLE,INJECTION,Discontinued
NEVANAC,NEPAFENAC,NDA021862,HARROW EYE,SUSPENSION/DROPS,OPHTHALMIC,Prescription
NEVIRAPINE,NEVIRAPINE,ANDA206448,CIPLA,"TABLET, EXTENDED RELEASE",ORAL,Discontinued
NEVIRAPINE TABLETS FOR ORAL SUSPENSION,NEVIRAPINE,NDA022299,AUROBINDO PHARMA LTD,TABLET,ORAL,None (Tentative Approval)
NEXAVAR,SORAFENIB TOSYLATE,NDA021923,BAYER HLTHCARE,TABLET,ORAL,Prescription
NEXCEDE,KETOPROFEN,NDA022470,NOVARTIS,FILM,ORAL,Discontinued
NEXESTA FE,ETHINYL ESTRADIOL; NORETHINDRONE,ANDA207535,AUROBINDO PHARMA,TABLET,ORAL,Prescription
NEXICLON XR,CLONIDINE,NDA022500,ROSEMONT,"TABLET, EXTENDED RELEASE",ORAL,Prescription
NEXIUM,ESOMEPRAZOLE MAGNESIUM,NDA021957,ASTRAZENECA,"FOR SUSPENSION, DELAYED RELEASE",ORAL,Prescription
NEXIUM 24HR,ESOMEPRAZOLE MAGNESIUM,NDA204655,ASTRAZENECA LP,"CAPSULE, DELAYED RELEASE",ORAL,Over-the-counter
NEXIUM IV,ESOMEPRAZOLE SODIUM,NDA021689,ASTRAZENECA,INJECTABLE,INTRAVENOUS,Discontinued
NEXLETOL,BEMPEDOIC ACID,NDA211616,ESPERION THERAPS INC,TABLET,ORAL,Prescription
NEXLIZET,BEMPEDOIC ACID; EZETIMIBE,NDA211617,ESPERION THERAPS INC,TABLET,ORAL,Prescription
NEXOBRID,ANACAULASE-BCDB,BLA761192,"MEDIWOUND, LTD",GEL,TOPICAL,Prescription
NEXPLANON,ETONOGESTREL,NDA021529,ORGANON,IMPLANT,IMPLANTATION,Prescription
NEXTERONE,AMIODARONE HYDROCHLORIDE,NDA022325,BAXTER HLTHCARE,INJECTABLE,INJECTION,Prescription
NEXTSTELLIS,DROSPIRENONE; ESTETROL,NDA214154,MAYNE PHARMA,TABLET,ORAL,Prescription
NEXVIAZYME,AVALGLUCOSIDASE ALFA-NGPT,BLA761194,GENZYME CORP,INJECTABLE,INJECTION,Prescription
NGENLA,SOMATROGON-GHLA,BLA761184,PFIZER IRELAND PHARMACEUTICALS,INJECTABLE,INJECTION,Prescription
NIACIN,NIACIN,ANDA076378,BARR,"TABLET, EXTENDED RELEASE",ORAL,Prescription
NIACOR,NIACIN,ANDA040378,AVONDALE PHARMS,TABLET,ORAL,Prescription
NIASPAN,NIACIN,NDA020381,ABBVIE,"TABLET, EXTENDED RELEASE",ORAL,Discontinued
NIASPAN TITRATION STARTER PACK,NIACIN,NDA020381,ABBVIE,"TABLET, EXTENDED RELEASE",ORAL,Discontinued
NICARDIPINE HYDROCHLORIDE,NICARDIPINE HYDROCHLORIDE,ANDA216420,MICRO LABS,INJECTABLE,INJECTION,Prescription
NICARDIPINE HYDROCHLORIDE IN 0.83% SODIUM CHLORIDE,NICARDIPINE HYDROCHLORIDE,ANDA203978,INFORLIFE,INJECTABLE,INTRAVENOUS,Prescription
NICARDIPINE HYDROCHLORIDE IN 0.86% SODIUM CHLORIDE,NICARDIPINE HYDROCHLORIDE,ANDA203978,INFORLIFE,INJECTABLE,INTRAVENOUS,Prescription
NICARDIPINE HYDROCHLORIDE IN 0.9% SODIUM CHLORIDE,NICARDIPINE HYDROCHLORIDE,NDA022276,HIKMA INTL PHARMS,INJECTABLE,INTRAVENOUS,Prescription
NICLOCIDE,NICLOSAMIDE,NDA018669,BAYER PHARMS,"TABLET, CHEWABLE",ORAL,Discontinued
NICODERM CQ,NICOTINE,NDA020165,CHATTEM SANOFI,"FILM, EXTENDED RELEASE",TRANSDERMAL,Over-the-counter
NICOLAR,NIACIN,ANDA083823,SANOFI AVENTIS US,TABLET,ORAL,Discontinued
NICORETTE,NICOTINE POLACRILEX,NDA021330,HALEON US HOLDINGS,TROCHE/LOZENGE,ORAL,Over-the-counter
NICORETTE (MINT),NICOTINE POLACRILEX,NDA020066,HALEON US HOLDINGS,"GUM, CHEWING",BUCCAL,Over-the-counter
NICOTINE,NICOTINE,ANDA074612,DIFGEN PHARMS,"FILM, EXTENDED RELEASE",TRANSDERMAL,Over-the-counter
NICOTINE POLACRILEX,NICOTINE POLACRILEX,ANDA076569,P AND L,"GUM, CHEWING",BUCCAL,Over-the-counter
NICOTROL,NICOTINE,NDA020536,MCNEIL CONS,"FILM, EXTENDED RELEASE",TRANSDERMAL,Discontinued
NIFEDIPINE,NIFEDIPINE,ANDA210614,NOVAST LABS,"TABLET, EXTENDED RELEASE",ORAL,Prescription
NIKITA,PITAVASTATIN SODIUM,NDA209875,LUPIN,TABLET,ORAL,Discontinued
NIKKI,DROSPIRENONE; ETHINYL ESTRADIOL,ANDA201661,LUPIN,TABLET,ORAL,Prescription
NIKTIMVO,axatilimab-csfr,BLA761411,INCYTE CORP,INJECTABLE,INTRAVENOUS,Prescription
NILANDRON,NILUTAMIDE,NDA020169,ADVANZ PHARMA,TABLET,ORAL,Discontinued
NILOTINIB,NILOTINIB,ANDA218532,TORRENT,CAPSULE,,None (Tentative Approval)
NILOTINIB D-TARTRATE,NILOTINIB D-TARTRATE,NDA218922,CIPLA,CAPSULE,ORAL,Discontinued
NILOTINIB HYDROCHLORIDE,NILOTINIB HYDROCHLORIDE,ANDA219134,TEVA PHARMS INC,CAPSULE,ORAL,Prescription
NILOTINIB HYDROCHLORIDE DIHYDRATE,NILOTINIB HYDROCHLORIDE DIHYDRATE,ANDA209651,HETERO LABS LTD V,CAPSULE,,None (Tentative Approval)
NILSTAT,NYSTATIN,ANDA061325,LEDERLE,TABLET,VAGINAL,Discontinued
NILUTAMIDE,NILUTAMIDE,ANDA207631,ANI PHARMS,TABLET,ORAL,Prescription
NIMBEX,CISATRACURIUM BESYLATE,NDA020551,ABBVIE,INJECTABLE,INJECTION,Discontinued
NIMBEX PRESERVATIVE FREE,CISATRACURIUM BESYLATE,NDA020551,ABBVIE,INJECTABLE,INJECTION,Discontinued
NIMODIPINE,NIMODIPINE,ANDA077811,HERITAGE,CAPSULE,ORAL,Prescription
NIMOTOP,NIMODIPINE,NDA018869,BAYER PHARMS,CAPSULE,ORAL,Discontinued
NINLARO,IXAZOMIB CITRATE,NDA208462,TAKEDA PHARMS USA,CAPSULE,ORAL,Prescription
NINTEDANIB,NINTEDANIB,ANDA219371,TEVA PHARMACEUTICALS DEVELOPMENT INC,CAPSULE,,None (Tentative Approval)
NINTEDANIB ESYLATE,NINTEDANIB ESYLATE,ANDA219227,APOTEX,CAPSULE,ORAL,Prescription
NIPENT,PENTOSTATIN,NDA020122,HOSPIRA INC,INJECTABLE,INJECTION,Prescription
NIPRIDE,SODIUM NITROPRUSSIDE,NDA017546,ROCHE,INJECTABLE,INJECTION,Discontinued
NIPRIDE RTU IN SODIUM CHLORIDE 0.9%,SODIUM NITROPRUSSIDE,NDA209387,EXELA PHARMA,SOLUTION,INTRAVENOUS,Prescription
NIRAVAM,ALPRAZOLAM,NDA021726,UCB INC,"TABLET, ORALLY DISINTEGRATING",ORAL,Discontinued
NISOLDIPINE,NISOLDIPINE,ANDA091001,MYLAN,"TABLET, EXTENDED RELEASE",ORAL,Discontinued
NITAZOXANIDE,NITAZOXANIDE,ANDA213820,RISING,TABLET,ORAL,Prescription
NITHIODOTE,SODIUM NITRITE; SODIUM THIOSULFATE,NDA201444,HOPE PHARMS,"SOLUTION, SOLUTION","INTRAVENOUS, INTRAVENOUS",Prescription
NITISINONE,NITISINONE,ANDA215908,TORRENT,CAPSULE,ORAL,Discontinued
NITRO IV,NITROGLYCERIN,NDA018672,POHL BOSKAMP,INJECTABLE,INJECTION,Discontinued
NITRO-BID,NITROGLYCERIN,NDA018621,SANOFI AVENTIS US,INJECTABLE,INJECTION,Discontinued
NITRO-DUR,NITROGLYCERIN,NDA020145,USPHARMA,"FILM, EXTENDED RELEASE",TRANSDERMAL,Prescription
NITROFURANTOIN,NITROFURANTOIN,ANDA080078,IVAX SUB TEVA PHARMS,TABLET,ORAL,Discontinued
NITROFURANTOIN,"NITROFURANTOIN, MACROCRYSTALLINE",ANDA211935,ALEMBIC,CAPSULE,ORAL,Prescription
NITROFURANTOIN (MONOHYDRATE/MACROCRYSTALS),"NITROFURANTOIN; NITROFURANTOIN, MACROCRYSTALLINE",ANDA211013,INVENTIA,CAPSULE,ORAL,Prescription
NITROFURANTOIN MACROCRYSTALLINE,"NITROFURANTOIN, MACROCRYSTALLINE",ANDA070248,WATSON LABS,CAPSULE,ORAL,Discontinued
NITROFURAZONE,NITROFURAZONE,ANDA087081,WENDT,SOLUTION,TOPICAL,Discontinued
"NITROGEN, NF",NITROGEN,NDA205829,AIR LIQUIDE AMERICA LP,GAS,INHALATION,Prescription
"NITROGEN, NF","NITROGEN, NF",NDA212315,"UNIVERSAL INDUSTRIAL GASES, INC",GAS,INHALATION,Prescription
NITROGLYCERIN,NITROGLYCERIN,ANDA207745,SIGMAPHARM LABS LLC,TABLET,SUBLINGUAL,Discontinued
NITROGLYCERIN IN DEXTROSE 5%,NITROGLYCERIN,ANDA071848,HOSPIRA,INJECTABLE,INJECTION,Discontinued
NITROL,NITROGLYCERIN,NDA018774,RORER,INJECTABLE,INJECTION,Discontinued
NITROLINGUAL,NITROGLYCERIN,NDA018705,POHL BOSKAMP,AEROSOL,SUBLINGUAL,Discontinued
NITROLINGUAL PUMPSPRAY,NITROGLYCERIN,NDA018705,POHL BOSKAMP,"SPRAY, METERED",SUBLINGUAL,Prescription
NITROMIST,NITROGLYCERIN,NDA021780,EVUS,"AEROSOL, METERED",SUBLINGUAL,Prescription
NITRONAL,NITROGLYCERIN,NDA018672,POHL BOSKAMP,INJECTABLE,INJECTION,Discontinued
NITROPRESS,SODIUM NITROPRUSSIDE,NDA018450,ABBVIE,INJECTABLE,INJECTION,Discontinued
NITROSTAT,NITROGLYCERIN,ANDA070863,PARKE DAVIS,INJECTABLE,INJECTION,Discontinued
"NITROUS OXIDE, USP",NITROUS OXIDE,NDA210235,PRAXAIR DISTRIBUTION INC,GAS,INHALATION,Prescription
NITYR,NITISINONE,NDA209449,CYCLE,TABLET,ORAL,Prescription
NIVESTYM,FILGRASTIM-AAFI,BLA761080,HOSPIRA INC,INJECTABLE,INJECTION,Prescription
NIX,PERMETHRIN,NDA019918,MEDTECH PRODUCTS,LOTION,TOPICAL,Over-the-counter
NIZATIDINE,NIZATIDINE,ANDA075616,WATSON LABS,CAPSULE,ORAL,Prescription
NIZORAL,KETOCONAZOLE,NDA019084,JANSSEN PHARMA,CREAM,TOPICAL,Discontinued
NIZORAL ANTI-DANDRUFF,KETOCONAZOLE,NDA020310,KRAMER,SHAMPOO,TOPICAL,Over-the-counter
NOCDURNA,DESMOPRESSIN ACETATE,NDA022517,FERRING PHARMS INC,TABLET,SUBLINGUAL,Discontinued
NOCTIVA,DESMOPRESSIN ACETATE,NDA201656,ACERUS PHARMS,"SPRAY, METERED",NASAL,Discontinued
NOGENIC HC,HYDROCORTISONE,ANDA087427,IVAX PHARMS,CREAM,TOPICAL,Discontinued
NOLUDAR,METHYPRYLON,NDA009660,ROCHE,ELIXIR,ORAL,Discontinued
NOLVADEX,TAMOXIFEN CITRATE,NDA017970,ASTRAZENECA,TABLET,ORAL,Discontinued
NOR-QD,NORETHINDRONE,NDA017060,TEVA BRANDED PHARM,TABLET,ORAL-28,Prescription
NORCEPT-E 1/35 21,ETHINYL ESTRADIOL; NORETHINDRONE,ANDA071545,ORTHO MCNEIL PHARM,TABLET,ORAL-21,Discontinued
NORCEPT-E 1/35 28,ETHINYL ESTRADIOL; NORETHINDRONE,ANDA071546,ORTHO MCNEIL PHARM,TABLET,ORAL-28,Discontinued
NORCET,ACETAMINOPHEN; HYDROCODONE BITARTRATE,ANDA088871,ABANA,TABLET,ORAL,Discontinued
NORCO,ACETAMINOPHEN; HYDROCODONE BITARTRATE,ANDA040148,APIL,TABLET,ORAL,Discontinued
NORCURON,VECURONIUM BROMIDE,NDA018776,ORGANON USA INC,INJECTABLE,INJECTION,Discontinued
NORDETTE-21,ETHINYL ESTRADIOL; LEVONORGESTREL,NDA018668,TEVA BRANDED PHARM,TABLET,ORAL-21,Discontinued
NORDETTE-28,ETHINYL ESTRADIOL; LEVONORGESTREL,NDA018782,TEVA BRANDED PHARM,TABLET,ORAL-28,Discontinued
NORDITROPIN,SOMATROPIN,BLA021148,NOVO NORDISK INC,INJECTABLE,INJECTION,Discontinued
NORDITROPIN FLEXPRO,SOMATROPIN,BLA021148,NOVO NORDISK INC,INJECTABLE,INJECTION,Prescription
NORDITROPIN NORDIFLEX,SOMATROPIN,BLA021148,NOVO NORDISK INC,INJECTABLE,INJECTION,Discontinued
NOREPINEPHRINE BITARTRATE,NOREPINEPHRINE BITARTRATE,ANDA219443,BIOCON PHARMA,INJECTABLE,INJECTION,Prescription
NOREPINEPHRINE BITARTRATE IN 0.9% SODIUM CHLORIDE,NOREPINEPHRINE BITARTRATE,NDA214628,LONG GROVE PHARMS,SOLUTION,INTRAVENOUS,Prescription
NOREPINEPHRINE BITARTRATE IN 5% DEXTROSE,NOREPINEPHRINE BITARTRATE,ANDA220483,SAGENT,SOLUTION,INTRAVENOUS,Prescription
NORETHIN 1/35E-21,ETHINYL ESTRADIOL; NORETHINDRONE,ANDA071480,WATSON PHARMS TEVA,TABLET,ORAL-21,Discontinued
NORETHIN 1/35E-28,ETHINYL ESTRADIOL; NORETHINDRONE,ANDA071481,WATSON LABS,TABLET,ORAL-28,Discontinued
NORETHIN 1/50M-21,MESTRANOL; NORETHINDRONE,ANDA071539,HERITAGE PHARMA,TABLET,ORAL-21,Discontinued
NORETHIN 1/50M-28,MESTRANOL; NORETHINDRONE,ANDA071540,HERITAGE PHARMA,TABLET,ORAL-28,Discontinued
NORETHINDRONE,NORETHINDRONE,ANDA202014,NOVAST LABS,TABLET,ORAL-28,Prescription
NORETHINDRONE ACETATE,NORETHINDRONE ACETATE,ANDA200275,AMNEAL PHARMS,TABLET,ORAL,Prescription
NORETHINDRONE ACETATE AND ETHINYL ESTRADIOL,ETHINYL ESTRADIOL; NORETHINDRONE ACETATE,ANDA203038,GLENMARK PHARMS LTD,TABLET,ORAL,Prescription
NORETHINDRONE ACETATE AND ETHINYL ESTRADIOL AND ETHINYL ESTRADIOL AND FERROUS FUMARATE,ETHINYL ESTRADIOL; NORETHINDRONE ACETATE,ANDA205049,XIROMED,TABLET,ORAL,Discontinued
NORETHINDRONE ACETATE AND ETHINYL ESTRADIOL AND FERROUS FUMARATE,ETHINYL ESTRADIOL; NORETHINDRONE ACETATE,ANDA202742,XIROMED,TABLET,ORAL,Discontinued
NORETHINDRONE ACETATE; ETHINYL ESTRADIOL; ETHINYL ESTRADIOL; FERROUS FUMARATE,ETHINYL ESTRADIOL; FERROUS FUMARATE; NORETHINDRONE ACETATE,ANDA208097,GLENMARK PHARMS LTD,TABLET,ORAL,None (Tentative Approval)
NORETHINDRONE AND ETHINYL ESTRADIOL,ETHINYL ESTRADIOL; NORETHINDRONE,ANDA200488,MYLAN LABS LTD,TABLET,ORAL-28,Discontinued
NORETHINDRONE AND ETHINYL ESTRADIOL (10/11),ETHINYL ESTRADIOL; NORETHINDRONE,ANDA071044,WATSON LABS TEVA,TABLET,ORAL-28,Prescription
NORETHINDRONE AND ETHINYL ESTRADIOL (7/14),ETHINYL ESTRADIOL; NORETHINDRONE,ANDA071041,WATSON LABS TEVA,TABLET,ORAL-21,Discontinued
NORETHINDRONE AND ETHINYL ESTRADIOL AND FERROUS FUMARATE,ETHINYL ESTRADIOL; NORETHINDRONE,ANDA078892,AMNEAL PHARMS,TABLET,ORAL,Prescription
NORETHINDRONE AND MESTRANOL,MESTRANOL; NORETHINDRONE,ANDA070759,WATSON LABS,TABLET,ORAL-28,Discontinued
NORFLEX,ORPHENADRINE CITRATE,NDA013055,PAI HOLDINGS PHARM,INJECTABLE,INJECTION,Discontinued
NORGESIC,ASPIRIN; CAFFEINE; ORPHENADRINE CITRATE,NDA013416,BAUSCH,TABLET,ORAL,Discontinued
NORGESIC FORTE,ASPIRIN; CAFFEINE; ORPHENADRINE CITRATE,NDA013416,BAUSCH,TABLET,ORAL,Discontinued
NORGESTIMATE AND ETHINYL ESTRADIOL,ETHINYL ESTRADIOL; NORGESTIMATE,ANDA200494,GLENMARK PHARMS LTD,TABLET,ORAL-28,Prescription
NORGESTIMATE; ETHINYL ESTRADIOL,ETHINYL ESTRADIOL; NORGESTIMATE,ANDA200494,GLENMARK PHARMS LTD,TABLET,ORAL,Prescription
NORGESTREL AND ETHINYL ESTRADIOL,ETHINYL ESTRADIOL; NORGESTREL,ANDA201828,MYLAN LABS LTD,TABLET,ORAL-28,Discontinued
NORINYL,MESTRANOL; NORETHINDRONE,NDA013625,ACTAVIS LABS UT INC,TABLET,ORAL-20,Discontinued
NORINYL 1+35 21-DAY,ETHINYL ESTRADIOL; NORETHINDRONE,NDA017565,ALLERGAN,TABLET,ORAL-21,Discontinued
NORINYL 1+35 28-DAY,ETHINYL ESTRADIOL; NORETHINDRONE,NDA017565,ALLERGAN,TABLET,ORAL-28,Discontinued
NORINYL 1+50 21-DAY,MESTRANOL; NORETHINDRONE,NDA013625,ACTAVIS LABS UT INC,TABLET,ORAL-21,Discontinued
NORINYL 1+50 28-DAY,MESTRANOL; NORETHINDRONE,NDA016659,ACTAVIS LABS UT INC,TABLET,ORAL-28,Discontinued
NORINYL 1+80 21-DAY,MESTRANOL; NORETHINDRONE,NDA016724,GD SEARLE LLC,TABLET,ORAL-21,Discontinued
NORINYL 1+80 28-DAY,MESTRANOL; NORETHINDRONE,NDA016725,GD SEARLE LLC,TABLET,ORAL-28,Discontinued
NORISODRINE,ISOPROTERENOL SULFATE,NDA006905,ABBVIE,POWDER,INHALATION,Discontinued
NORISODRINE AEROTROL,ISOPROTERENOL HYDROCHLORIDE,NDA016814,ABBOTT,DISC,INHALATION,Discontinued
NORITATE,METRONIDAZOLE,NDA020743,BAUSCH,CREAM,TOPICAL,Prescription
NORLESTRIN 21 1/50,ETHINYL ESTRADIOL; NORETHINDRONE ACETATE,NDA016749,PARKE DAVIS,TABLET,ORAL-21,Discontinued
NORLESTRIN 21 2.5/50,ETHINYL ESTRADIOL; NORETHINDRONE ACETATE,NDA016852,PARKE DAVIS,TABLET,ORAL-21,Discontinued
NORLESTRIN 28 1/50,ETHINYL ESTRADIOL; NORETHINDRONE ACETATE,NDA016723,PARKE DAVIS,TABLET,ORAL-28,Discontinued
NORLESTRIN FE 1/50,ETHINYL ESTRADIOL; FERROUS FUMARATE; NORETHINDRONE ACETATE,NDA016766,PARKE DAVIS,TABLET,ORAL-28,Discontinued
NORLESTRIN FE 2.5/50,ETHINYL ESTRADIOL; FERROUS FUMARATE; NORETHINDRONE ACETATE,NDA016854,PARKE DAVIS,TABLET,ORAL-28,Discontinued
NORLIQVA,AMLODIPINE BESYLATE,NDA214439,CMP DEV LLC,SOLUTION,ORAL,Prescription
NORLUTATE,NORETHINDRONE ACETATE,NDA012184,PARKE DAVIS,TABLET,ORAL,Discontinued
NORLUTIN,NORETHINDRONE,NDA010895,PARKE DAVIS,TABLET,ORAL,Discontinued
NORMIFLO,ARDEPARIN SODIUM,NDA020227,PHARMACIA AND UPJOHN,INJECTABLE,INJECTION,Discontinued
NORMINEST FE,ETHINYL ESTRADIOL; FERROUS FUMARATE; NORETHINDRONE,NDA017948,GD SEARLE LLC,TABLET,ORAL,Prescription
NORMOCARB HF 25,MAGNESIUM CHLORIDE; SODIUM BICARBONATE; SODIUM CHLORIDE,NDA021910,DIALYSIS SUPS,SOLUTION,INJECTION,Prescription
NORMOCARB HF 35,MAGNESIUM CHLORIDE; SODIUM BICARBONATE; SODIUM CHLORIDE,NDA021910,DIALYSIS SUPS,SOLUTION,INJECTION,Prescription
NORMODYNE,LABETALOL HYDROCHLORIDE,NDA018686,SCHERING,INJECTABLE,INJECTION,Discontinued
NORMOSOL-M AND DEXTROSE 5% IN PLASTIC CONTAINER,DEXTROSE; MAGNESIUM ACETATE; POTASSIUM ACETATE; SODIUM CHLORIDE,NDA017610,OTSUKA ICU MEDCL,INJECTABLE,INJECTION,Prescription
NORMOSOL-R AND DEXTROSE 5% IN PLASTIC CONTAINER,DEXTROSE; MAGNESIUM CHLORIDE; POTASSIUM CHLORIDE; SODIUM ACETATE; SODIUM CHLORIDE; SODIUM GLUCONATE,NDA017609,OTSUKA ICU MEDCL,INJECTABLE,INJECTION,Prescription
NORMOSOL-R IN PLASTIC CONTAINER,MAGNESIUM CHLORIDE; POTASSIUM CHLORIDE; SODIUM ACETATE; SODIUM CHLORIDE; SODIUM GLUCONATE,NDA017586,OTSUKA ICU MEDCL,INJECTABLE,INJECTION,Prescription
NORMOZIDE,HYDROCHLOROTHIAZIDE; LABETALOL HYDROCHLORIDE,NDA019046,SCHERING,TABLET,ORAL,Discontinued
NOROXIN,NORFLOXACIN,NDA019384,MERCK,TABLET,ORAL,Discontinued
NORPACE,DISOPYRAMIDE PHOSPHATE,NDA017447,PFIZER,CAPSULE,ORAL,Prescription
NORPACE CR,DISOPYRAMIDE PHOSPHATE,NDA018655,PFIZER,"CAPSULE, EXTENDED RELEASE",ORAL,Prescription
NORPLANT,LEVONORGESTREL,NDA019897,POPULATION COUNCIL,IMPLANT,IMPLANTATION,Discontinued
NORPLANT SYSTEM IN PLASTIC CONTAINER,LEVONORGESTREL,NDA020088,WYETH PHARMS INC,IMPLANT,IMPLANTATION,Discontinued
NORPRAMIN,DESIPRAMINE HYDROCHLORIDE,NDA014399,VALIDUS PHARMS,TABLET,ORAL,Discontinued
NORQUEST FE,ETHINYL ESTRADIOL; FERROUS FUMARATE; NORETHINDRONE,NDA018926,PFIZER,TABLET,ORAL-28,Discontinued
NORTHERA,DROXIDOPA,NDA203202,LUNDBECK NA LTD,CAPSULE,ORAL,Prescription
NORTREL 0.5/35-21,ETHINYL ESTRADIOL; NORETHINDRONE,ANDA072692,BARR,TABLET,ORAL-21,Discontinued
NORTREL 0.5/35-28,ETHINYL ESTRADIOL; NORETHINDRONE,ANDA072695,BARR LABS,TABLET,ORAL-28,Prescription
NORTREL 1/35-21,ETHINYL ESTRADIOL; NORETHINDRONE,ANDA072693,BARR,TABLET,ORAL-21,Prescription
NORTREL 1/35-28,ETHINYL ESTRADIOL; NORETHINDRONE,ANDA072696,BARR LABS,TABLET,ORAL-28,Prescription
NORTREL 7/7/7,ETHINYL ESTRADIOL; NORETHINDRONE,ANDA075478,BARR,TABLET,ORAL-28,Prescription
NORTRIPTYLINE HYDROCHLORIDE,NORTRIPTYLINE HYDROCHLORIDE,ANDA077965,TARO,SOLUTION,ORAL,Discontinued
NORVASC,AMLODIPINE BESYLATE,NDA019787,VIATRIS,TABLET,ORAL,Prescription
NORVIR,RITONAVIR,NDA020680,ABBOTT,CAPSULE,ORAL,Discontinued
NOURESS,CYSTEINE HYDROCHLORIDE,NDA212535,BAXTER HLTHCARE CORP,SOLUTION,INTRAVENOUS,Discontinued
NOURIANZ,ISTRADEFYLLINE,NDA022075,KYOWA KIRIN,TABLET,ORAL,Prescription
NOVAFED,PSEUDOEPHEDRINE HYDROCHLORIDE,NDA017603,SANOFI AVENTIS US,"CAPSULE, EXTENDED RELEASE",ORAL,Discontinued
NOVAMINE 11.4%,AMINO ACIDS,NDA017957,HOSPIRA INC,INJECTABLE,INJECTION,Discontinued
NOVAMINE 15%,AMINO ACIDS,NDA017957,HOSPIRA INC,INJECTABLE,INJECTION,Discontinued
NOVAMINE 15% SULFITE FREE IN PLASTIC CONTAINER,AMINO ACIDS,NDA020107,BAXTER HLTHCARE,INJECTABLE,INJECTION,Discontinued
NOVAMINE 8.5%,AMINO ACIDS,NDA017957,HOSPIRA INC,INJECTABLE,INJECTION,Discontinued
NOVANTRONE,MITOXANTRONE HYDROCHLORIDE,NDA019297,EMD SERONO,INJECTABLE,INJECTION,Discontinued
NOVOCAIN,PROCAINE HYDROCHLORIDE,ANDA086797,HOSPIRA,INJECTABLE,INJECTION,Discontinued
NOVOLIN 70/30,INSULIN RECOMBINANT HUMAN; INSULIN SUSP ISOPHANE RECOMBINANT HUMAN,BLA019991,NOVO NORDISK INC,INJECTABLE,INJECTION,Over-the-counter
NOVOLIN N,INSULIN SUSP ISOPHANE RECOMBINANT HUMAN,BLA019959,NOVO NORDISK INC,INJECTABLE,INJECTION,Over-the-counter
NOVOLIN R,INSULIN RECOMBINANT HUMAN,BLA019938,NOVO NORDISK INC,INJECTABLE,INJECTION,Over-the-counter
NOVOLOG,INSULIN ASPART RECOMBINANT,BLA020986,NOVO NORDISK INC,INJECTABLE,SUBCUTANEOUS,Prescription
NOVOLOG FLEXPEN,INSULIN ASPART RECOMBINANT,BLA020986,NOVO NORDISK INC,INJECTABLE,SUBCUTANEOUS,Prescription
NOVOLOG FLEXTOUCH,INSULIN ASPART RECOMBINANT,BLA020986,NOVO NORDISK INC,INJECTABLE,SUBCUTANEOUS,Discontinued
NOVOLOG INNOLET,INSULIN ASPART RECOMBINANT,BLA020986,NOVO NORDISK INC,INJECTABLE,SUBCUTANEOUS,Discontinued
NOVOLOG MIX 50/50,INSULIN ASPART PROTAMINE RECOMBINANT; INSULIN ASPART RECOMBINANT,BLA021810,NOVO NORDISK INC,INJECTABLE,SUBCUTANEOUS,Discontinued
NOVOLOG MIX 70/30,INSULIN ASPART PROTAMINE RECOMBINANT; INSULIN ASPART RECOMBINANT,BLA021172,NOVO NORDISK INC,INJECTABLE,SUBCUTANEOUS,Prescription
NOVOLOG MIX 70/30 FLEXPEN,INSULIN ASPART PROTAMINE RECOMBINANT; INSULIN ASPART RECOMBINANT,BLA021172,NOVO NORDISK INC,INJECTABLE,SUBCUTANEOUS,Prescription
NOVOLOG MIX 70/30 PENFILL,INSULIN ASPART PROTAMINE RECOMBINANT; INSULIN ASPART RECOMBINANT,BLA021172,NOVO NORDISK INC,INJECTABLE,SUBCUTANEOUS,Discontinued
NOVOLOG PENFILL,INSULIN ASPART RECOMBINANT,BLA020986,NOVO NORDISK INC,INJECTABLE,SUBCUTANEOUS,Prescription
NOVRAD,LEVOPROPOXYPHENE NAPSYLATE ANHYDROUS,NDA012928,LILLY,CAPSULE,ORAL,Discontinued
NOXAFIL,POSACONAZOLE,NDA205596,MERCK SHARP DOHME,SOLUTION,INTRAVENOUS,Discontinued
NOXAFIL POWDERMIX KIT,POSACONAZOLE,NDA214770,MSD MERCK CO,"FOR SUSPENSION, DELAYED RELEASE",ORAL,Prescription
NOXIVENT,NITRIC OXIDE,ANDA207141,VERO BIOTECH INC,GAS,INHALATION,Discontinued
NPLATE,ROMIPLOSTIM,BLA125268,AMGEN,INJECTABLE,SUBCUTANEOUS,Prescription
NUBAIN,NALBUPHINE HYDROCHLORIDE,NDA018024,PH HEALTH,SOLUTION,"INTRAMUSCULAR, INTRAVENOUS, SUBCUTANEOUS",Discontinued
NUBEQA,DAROLUTAMIDE,NDA212099,BAYER HEALTHCARE,TABLET,ORAL,Prescription
NUCALA,MEPOLIZUMAB,BLA761122,GLAXOSMITHKLINE,INJECTABLE,SUBCUTANEOUS,Prescription
NUCYNTA,TAPENTADOL HYDROCHLORIDE,NDA203794,COLLEGIUM PHARM INC,SOLUTION,ORAL,Discontinued
NUCYNTA ER,TAPENTADOL HYDROCHLORIDE,NDA200533,COLLEGIUM PHARM INC,"TABLET, EXTENDED RELEASE",ORAL,Prescription
NUEDEXTA,DEXTROMETHORPHAN HYDROBROMIDE; QUINIDINE SULFATE,NDA021879,OTSUKA AMERICA PHARM,CAPSULE,ORAL,Prescription
NUFYMCO,RANIBIZUMAB-LEYK,BLA761473,FORMYCON AG,INJECTION,,Prescription
NULIBRY,FOSDENOPTERIN HYDROBROMIDE,NDA214018,SENTYNL THERAPS INC,POWDER,INTRAVENOUS,Prescription
NULOJIX,BELATACEPT,BLA125288,BRISTOL MYERS SQUIBB,INJECTABLE,INJECTION,Prescription
NULYTELY,POLYETHYLENE GLYCOL 3350; POTASSIUM CHLORIDE; SODIUM BICARBONATE; SODIUM CHLORIDE,NDA019797,AZURITY,FOR SOLUTION,ORAL,Prescription
NULYTELY-FLAVORED,POLYETHYLENE GLYCOL 3350; POTASSIUM CHLORIDE; SODIUM BICARBONATE; SODIUM CHLORIDE,NDA019797,AZURITY,FOR SOLUTION,ORAL,Prescription
NUMBRINO,COCAINE HYDROCHLORIDE,NDA209575,OMNIVIUM PHARMS,SOLUTION,NASAL,Prescription
NUMORPHAN,OXYMORPHONE HYDROCHLORIDE,NDA011738,ENDO PHARMS,SUPPOSITORY,RECTAL,Discontinued
NUPLAZID,PIMAVANSERIN TARTRATE,NDA207318,ACADIA PHARMS INC,TABLET,ORAL,Discontinued
NUPRIN,IBUPROFEN,ANDA072035,BRISTOL MYERS,TABLET,ORAL,Discontinued
NUROMAX,DOXACURIUM CHLORIDE,NDA019946,ABBVIE,INJECTABLE,INJECTION,Discontinued
NURTEC ODT,RIMEGEPANT SULFATE,NDA212728,PFIZER,"TABLET, ORALLY DISINTEGRATING",ORAL,Prescription
NUTRACORT,HYDROCORTISONE,ANDA080442,BAUSCH,CREAM,TOPICAL,Discontinued
NUTRESTORE,L-GLUTAMINE,NDA021667,EMMAUS MEDCL,FOR SOLUTION,ORAL,Discontinued
NUTRILIPID 10%,SOYBEAN OIL,NDA019531,B BRAUN,INJECTABLE,INJECTION,Discontinued
NUTRILIPID 20%,SOYBEAN OIL,NDA019531,B BRAUN,INJECTABLE,INJECTION,Prescription
NUTROPIN,SOMATROPIN,BLA020168,GENENTECH,INJECTABLE,INJECTION,Discontinued
NUTROPIN,SOMATROPIN [rDNA origin],BLA019676,GENENTECH,Injectable,Injection,Prescription
NUTROPIN AQ,SOMATROPIN,BLA020522,GENENTECH,INJECTABLE,INJECTION,Discontinued
NUTROPIN AQ NUSPIN,SOMATROPIN,BLA020522,GENENTECH,INJECTABLE,INJECTION,Prescription
NUTROPIN AQ PEN,SOMATROPIN,BLA020522,GENENTECH,INJECTABLE,INJECTION,Discontinued
NUVARING,ETHINYL ESTRADIOL; ETONOGESTREL,NDA021187,ORGANON USA ORGANON,RING,VAGINAL,Prescription
NUVESSA,METRONIDAZOLE,NDA205223,ALEMBIC THERAP,GEL,VAGINAL,Prescription
NUVIGIL,ARMODAFINIL,NDA021875,NUVO PHARMS,TABLET,ORAL,Prescription
NUZOLVENCE,ZOLIFLODACIN,NDA219491,ENTASIS THERAP,FOR SUSPENSION,ORAL,Prescription
NUZYRA,OMADACYCLINE TOSYLATE,NDA209817,PARATEK PHARMS,POWDER,INTRAVENOUS,Prescription
NYDRAZID,ISONIAZID,NDA008662,SANDOZ,INJECTABLE,INJECTION,Discontinued
NYLIA 1/35,ETHINYL ESTRADIOL; NORETHINDRONE,ANDA207056,AUROBINDO PHARMA,TABLET,ORAL-28,Prescription
NYLIA 7/7/7,ETHINYL ESTRADIOL; NORETHINDRONE,ANDA207054,AUROBINDO PHARMA,TABLET,ORAL-28,Prescription
NYMALIZE,NIMODIPINE,NDA203340,AZURITY,SOLUTION,ORAL,Discontinued
NYPOZI,FILGRASTIM-TXID,BLA761126,TANVEX BIOPHARMA USA INC,INJECTABLE,INJECTION,Prescription
NYSERT,NYSTATIN,NDA050478,WARNER CHILCOTT,SUPPOSITORY,VAGINAL,Discontinued
NYSTAFORM,CLIOQUINOL; NYSTATIN,NDA050235,BAYER PHARMS,OINTMENT,TOPICAL,Discontinued
NYSTATIN,NYSTATIN,ANDA212557,TORRENT,CREAM,TOPICAL,Prescription
NYSTATIN AND TRIAMCINOLONE ACETONIDE,NYSTATIN; TRIAMCINOLONE ACETONIDE,ANDA207217,EPIC PHARMA LLC,OINTMENT,TOPICAL,Prescription
NYSTATIN TRIAMCINOLONE ACETONIDE,NYSTATIN; TRIAMCINOLONE ACETONIDE,ANDA062596,PHARMADERM,CREAM,TOPICAL,Discontinued
NYSTATIN-TRIAMCINOLONE ACETONIDE,NYSTATIN; TRIAMCINOLONE ACETONIDE,ANDA062603,PHARMADERM,OINTMENT,TOPICAL,Discontinued
NYSTEX,NYSTATIN,ANDA062519,SAVAGE LABS,SUSPENSION,ORAL,Discontinued
NYSTOP,NYSTATIN,ANDA064118,PADAGIS US,POWDER,TOPICAL,Prescription
NYVEPRIA,PEGFILGRASTIM-APGF,BLA761111,HOSPIRA INC,INJECTABLE,INJECTION,Prescription
"Nitrogen, NF",Nitrogen,NDA214858,AIR LIQUIDE CANADA INC,GAS,INHALATION,Prescription
OBESTIN-30,PHENTERMINE HYDROCHLORIDE,ANDA087144,FERNDALE LABS,CAPSULE,ORAL,Discontinued
OBETICHOLIC ACID,OBETICHOLIC ACID,ANDA214980,LUPIN,TABLET,ORAL,Discontinued
OBREDON,GUAIFENESIN; HYDROCODONE BITARTRATE,NDA205474,SOVEREIGN PHARMS,SOLUTION,ORAL,Discontinued
OBY-TRIM,PHENTERMINE HYDROCHLORIDE,ANDA087764,SHIRE RICHWOOD,CAPSULE,ORAL,Discontinued
OCALIVA,OBETICHOLIC ACID,NDA207999,INTERCEPT,TABLET,ORAL,Discontinued
OCL,POLYETHYLENE GLYCOL 3350; POTASSIUM CHLORIDE; SODIUM BICARBONATE; SODIUM CHLORIDE; SODIUM SULFATE,NDA019284,HOSPIRA,SOLUTION,ORAL,Discontinued
OCREVUS,OCRELIZUMAB,BLA761053,GENENTECH INC,INJECTABLE,INJECTION,Prescription
OCREVUS ZUNOVO,OCRELIZUMAB AND HYALURONIDASE-OCSQ,BLA761371,GENENTECH INC,INJECTABLE,INJECTION,Prescription
OCTOCAINE,EPINEPHRINE; LIDOCAINE HYDROCHLORIDE,ANDA084048,SEPTODONT,INJECTABLE,INJECTION,Discontinued
OCTREOSCAN,INDIUM IN-111 PENTETREOTIDE KIT,NDA020314,CURIUM,INJECTABLE,INJECTION,Prescription
OCTREOTIDE ACETATE,OCTREOTIDE ACETATE,ANDA076330,WEST-WARD PHARMS INT,INJECTABLE,INJECTION,Prescription
OCTREOTIDE ACETATE (PRESERVATIVE FREE),OCTREOTIDE ACETATE,ANDA076313,WEST-WARD PHARMS INT,INJECTABLE,INJECTION,Prescription
OCTREOTIDE ACETATE PRESERVATIVE FREE,OCTREOTIDE ACETATE,ANDA090985,WOCKHARDT USA,INJECTABLE,INJECTION,Discontinued
OCUCLEAR,OXYMETAZOLINE HYDROCHLORIDE,NDA018471,BAYER HEALTHCARE LLC,SOLUTION/DROPS,OPHTHALMIC,Discontinued
OCUFEN,FLURBIPROFEN SODIUM,NDA019404,ALLERGAN,SOLUTION/DROPS,OPHTHALMIC,Discontinued
OCUFLOX,OFLOXACIN,NDA019921,ALLERGAN,SOLUTION/DROPS,OPHTHALMIC,Prescription
OCUMYCIN,BACITRACIN ZINC; POLYMYXIN B SULFATE,ANDA062430,PHARMAFAIR,OINTMENT,OPHTHALMIC,Discontinued
OCUPRESS,CARTEOLOL HYDROCHLORIDE,NDA019972,NOVARTIS,SOLUTION/DROPS,OPHTHALMIC,Discontinued
OCUSERT PILO-20,PILOCARPINE,NDA017431,EPIC PHARMA LLC,"INSERT, EXTENDED RELEASE",OPHTHALMIC,Discontinued
OCUSERT PILO-40,PILOCARPINE,NDA017548,EPIC PHARMA LLC,"INSERT, EXTENDED RELEASE",OPHTHALMIC,Discontinued
OCUSULF-10,SULFACETAMIDE SODIUM,ANDA080660,MIZA PHARMS USA,SOLUTION/DROPS,OPHTHALMIC,Discontinued
OCUSULF-30,SULFACETAMIDE SODIUM,ANDA080660,MIZA PHARMS USA,SOLUTION/DROPS,OPHTHALMIC,Discontinued
ODEFSEY,EMTRICITABINE; RILPIVIRINE HYDROCHLORIDE; TENOFOVIR ALAFENAMIDE FUMARATE,NDA208351,GILEAD SCIENCES INC,TABLET,ORAL,Prescription
ODOMZO,SONIDEGIB PHOSPHATE,NDA205266,SUN PHARM,CAPSULE,ORAL,Prescription
OFEV,NINTEDANIB ESYLATE,NDA205832,BOEHRINGER INGELHEIM,CAPSULE,ORAL,Prescription
OFIRMEV,ACETAMINOPHEN,NDA022450,MALLINCKRODT HOSP,SOLUTION,INTRAVENOUS,Discontinued
OFLOXACIN,OFLOXACIN,ANDA076513,APOTEX INC,SOLUTION/DROPS,OPHTHALMIC,Prescription
OFORTA,FLUDARABINE PHOSPHATE,NDA022273,SANOFI AVENTIS US,TABLET,ORAL,Discontinued
OGEN,ESTROPIPATE,ANDA084710,PHARMACIA AND UPJOHN,CREAM,VAGINAL,Discontinued
OGEN .625,ESTROPIPATE,ANDA083220,PFIZER,TABLET,ORAL,Discontinued
OGEN 1.25,ESTROPIPATE,ANDA083220,PFIZER,TABLET,ORAL,Discontinued
OGEN 2.5,ESTROPIPATE,ANDA083220,PFIZER,TABLET,ORAL,Discontinued
OGEN 5,ESTROPIPATE,ANDA083220,PFIZER,TABLET,ORAL,Prescription
OGESTREL 0.5/50-21,ETHINYL ESTRADIOL; NORGESTREL,ANDA075406,WATSON LABS,TABLET,ORAL-21,Discontinued
OGESTREL 0.5/50-28,ETHINYL ESTRADIOL; NORGESTREL,ANDA075406,WATSON LABS,TABLET,ORAL-28,Discontinued
OGIVRI,TRASTUZUMAB-DKST,BLA761074,MYLAN GMBH,INJECTABLE,INJECTION,Prescription
OGSIVEO,NIROGACESTAT HYDROBROMIDE,NDA217677,SPRINGWORKS,TABLET,ORAL,Prescription
OHTUVAYRE,ENSIFENTRINE,NDA217389,MSD,SUSPENSION,INHALATION,Prescription
OJEMDA,TOVORAFENIB,NDA217700,DAY ONE BIOPHARMS,TABLET,ORAL,Prescription
OJJAARA,MOMELOTINIB DIHYDROCHLORIDE,NDA216873,GLAXOSMITHKLINE,TABLET,ORAL,Prescription
OLANZAPINE,OLANZAPINE,ANDA077301,IVAX PHARMS INC,TABLET,ORAL,Discontinued
OLANZAPINE AND FLUOXETINE HYDROCHLORIDE,FLUOXETINE HYDROCHLORIDE; OLANZAPINE,ANDA078901,EPIC PHARMA LLC,CAPSULE,ORAL,Prescription
OLAPARIB,OLAPARIB,ANDA219893,ZYDUS PHARMS USA INC,TABLET,,None (Tentative Approval)
OLEPTRO,TRAZODONE HYDROCHLORIDE,NDA022411,ANGELINI PHARMA,"TABLET, EXTENDED RELEASE",ORAL,Discontinued
OLINVYK,OLICERIDINE,NDA210730,TREVENA,SOLUTION,INTRAVENOUS,Discontinued
OLMESARTAN MEDOXOMIL,OLMESARTAN MEDOXOMIL,ANDA207662,ACCORD HLTHCARE,TABLET,ORAL,Prescription
OLMESARTAN MEDOXOMIL AND HYDROCHLOROTHIAZIDE,HYDROCHLOROTHIAZIDE; OLMESARTAN MEDOXOMIL,ANDA207037,ALKEM LABS LTD,TABLET,ORAL,Prescription
"OLMESARTAN MEDOXOMIL, AMLODIPINE AND HYDROCHLOROTHIAZIDE",AMLODIPINE BESYLATE; HYDROCHLOROTHIAZIDE; OLMESARTAN MEDOXOMIL,ANDA206137,PH HEALTH,TABLET,ORAL,Prescription
OLOPATADINE HYDROCHLORIDE,OLOPATADINE HYDROCHLORIDE,ANDA217051,FDC LTD,SOLUTION/DROPS,OPHTHALMIC,Discontinued
OLPRUVA,SODIUM PHENYLBUTYRATE,NDA214860,ACER,FOR SUSPENSION,ORAL,Prescription
OLUMIANT,BARICITINIB,ANDA217585,MSN,TABLET,ORAL,Prescription
OLUX,CLOBETASOL PROPIONATE,NDA021142,QUAGEN,"AEROSOL, FOAM",TOPICAL,Discontinued
OLUX E,CLOBETASOL PROPIONATE,NDA022013,QUAGEN,"AEROSOL, FOAM",TOPICAL,Discontinued
OLYSIO,SIMEPREVIR SODIUM,NDA205123,JANSSEN PRODS,CAPSULE,ORAL,Discontinued
OMACOR,OMEGA-3ACID ETHYL ESTERS,NDA021853,RELIANT PHARMS,CAPSULE,ORAL,Prescription
OMECLAMOX-PAK,AMOXICILLIN; CLARITHROMYCIN; OMEPRAZOLE,NDA050824,CUMBERLAND,"CAPSULE, TABLET, CAPSULE, DELAYED RELEASE",ORAL,Discontinued
OMEGA-3-ACID ETHYL ESTERS,OMEGA-3-ACID ETHYL ESTERS,ANDA091028,GLW,CAPSULE,ORAL,Prescription
OMEGAVEN,FISH OIL TRIGLYCERIDES,NDA210589,FRESENIUS KABI USA,EMULSION,INTRAVENOUS,Prescription
OMEPRAZOLE,OMEPRAZOLE,ANDA203481,BRECKENRIDGE,"CAPSULE, DELAYED REL PELLETS",ORAL,Prescription
OMEPRAZOLE AND SODIUM BICARBONATE,OMEPRAZOLE; SODIUM BICARBONATE,ANDA219161,NOVITIUM PHARMA,FOR SUSPENSION,ORAL,Prescription
OMEPRAZOLE MAGNESIUM,OMEPRAZOLE MAGNESIUM,ANDA206877,AUROBINDO PHARMA,"TABLET, DELAYED RELEASE",ORAL,Over-the-counter
OMIDRIA,KETOROLAC TROMETHAMINE; PHENYLEPHRINE HYDROCHLORIDE,NDA205388,RAYNER SURGICAL,SOLUTION,IRRIGATION,Prescription
OMLONTI,OMIDENEPAG ISOPROPYL,NDA215092,OCUVEX THERAP,SOLUTION,OPHTHALMIC,Prescription
OMLYCLO,OMALIZUMAB-IGEC,BLA761399,CELLTRION INC,INJECTABLE,INJECTION,Prescription
OMNARIS,CICLESONIDE,NDA022124,NYCOMED US INC,SPRAY,NASAL,Prescription
OMNICEF,CEFDINIR,NDA050749,ABBVIE,FOR SUSPENSION,ORAL,Discontinued
OMNIPAQUE 12,IOHEXOL,NDA018956,GE HEALTHCARE,SOLUTION,ORAL,Prescription
OMNIPAQUE 140,IOHEXOL,NDA018956,GE HEALTHCARE,INJECTABLE,INJECTION,Prescription
OMNIPAQUE 180,IOHEXOL,NDA018956,GE HEALTHCARE,SOLUTION,"INJECTION, ORAL, RECTAL",Prescription
OMNIPAQUE 210,IOHEXOL,NDA018956,GE HEALTHCARE,INJECTABLE,INJECTION,Discontinued
OMNIPAQUE 240,IOHEXOL,NDA018956,GE HEALTHCARE,SOLUTION,"INJECTION, ORAL, RECTAL",Prescription
OMNIPAQUE 300,IOHEXOL,NDA018956,GE HEALTHCARE,SOLUTION,"INJECTION, ORAL, RECTAL",Prescription
OMNIPAQUE 350,IOHEXOL,NDA018956,GE HEALTHCARE,SOLUTION,"INJECTION, ORAL",Prescription
OMNIPAQUE 70,IOHEXOL,NDA018956,GE HEALTHCARE,SOLUTION,URETHRAL,Discontinued
OMNIPAQUE 9,IOHEXOL,NDA018956,GE HEALTHCARE,SOLUTION,ORAL,Prescription
OMNIPEN (AMPICILLIN),AMPICILLIN/AMPICILLIN TRIHYDRATE,ANDA060624,WYETH AYERST,CAPSULE,ORAL,Discontinued
OMNIPEN-N,AMPICILLIN SODIUM,ANDA060626,WYETH AYERST,INJECTABLE,INJECTION,Discontinued
OMNIPRED,PREDNISOLONE ACETATE,NDA017469,SANDOZ,SUSPENSION/DROPS,OPHTHALMIC,Prescription
OMNISCAN,GADODIAMIDE,NDA022066,GE HEALTHCARE,INJECTABLE,INJECTION,Discontinued
OMNITROPE,SOMATROPIN,BLA021426,SANDOZ,INJECTABLE,INJECTION,Prescription
OMONTYS,PEGINESATIDE ACETATE,NDA202799,TAKEDA PHARMS USA,SOLUTION,"INTRAVENOUS, SUBCUTANEOUS",Discontinued
OMONTYS PRESERVATIVE FREE,PEGINESATIDE ACETATE,NDA202799,TAKEDA PHARMS USA,SOLUTION,"INTRAVENOUS, SUBCUTANEOUS",Discontinued
OMTRYG,OMEGA-3-ACID ETHYL ESTERS TYPE A,NDA204977,OSMOTICA PHARM US,CAPSULE,ORAL,Discontinued
OMVOH,MIRIKIZUMAB-MRKZ,BLA761279,ELI LILLY AND CO,INJECTABLE,SUBCUTANEOUS,Prescription
ONA-MAST,PHENTERMINE HYDROCHLORIDE,ANDA086511,MAST MM,CAPSULE,ORAL,Discontinued
ONAPGO,APOMORPHINE HYDROCHLORIDE,NDA214056,MDD US,SOLUTION,SUBCUTANEOUS,Prescription
ONCASPAR,PEGASPARGASE,BLA103411,SIGMA TAU,VIAL,,Prescription
ONCOVIN,VINCRISTINE SULFATE,NDA014103,LILLY,INJECTABLE,INJECTION,Discontinued
ONDANSETRON,ONDANSETRON,ANDA077406,CHARTWELL MOLECULES,"TABLET, ORALLY DISINTEGRATING",ORAL,Prescription
ONDANSETRON HYDROCHLORIDE,ONDANSETRON HYDROCHLORIDE,ANDA077050,SUN PHARM INDS (IN),TABLET,ORAL,Discontinued
ONDANSETRON HYDROCHLORIDE AND DEXTROSE IN PLASTIC CONTAINER,ONDANSETRON HYDROCHLORIDE,ANDA076978,HOSPIRA,INJECTABLE,INJECTION,Discontinued
ONDANSETRON HYDROCHLORIDE PRESERVATIVE FREE,ONDANSETRON HYDROCHLORIDE,ANDA078244,ONESOURCE SPECIALTY,INJECTABLE,INJECTION,Discontinued
ONEXTON,BENZOYL PEROXIDE; CLINDAMYCIN PHOSPHATE,NDA050819,BAUSCH,GEL,TOPICAL,Prescription
ONFI,CLOBAZAM,NDA202067,LUNDBECK PHARMS LLC,TABLET,ORAL,Prescription
ONGENTYS,OPICAPONE,NDA212489,AMNEAL,CAPSULE,ORAL,Prescription
ONGLYZA,SAXAGLIPTIN HYDROCHLORIDE,NDA022350,ASTRAZENECA AB,TABLET,ORAL,Discontinued
ONIVYDE,IRINOTECAN HYDROCHLORIDE,NDA207793,IPSEN,"INJECTABLE, LIPOSOMAL",INTRAVENOUS,Prescription
ONMEL,ITRACONAZOLE,NDA022484,SEBELA IRELAND LTD,TABLET,ORAL,Discontinued
ONPATTRO,PATISIRAN SODIUM,NDA210922,ALNYLAM PHARMS INC,SOLUTION,INTRAVENOUS,Prescription
ONSOLIS,FENTANYL CITRATE,NDA022266,ADALVO,FILM,BUCCAL,Discontinued
ONSURA,ETHINYL ESTRADIOL; NORELGESTROMIN,ANDA213977,TEVA PHARMS USA,"FILM, EXTENDED RELEASE",TRANSDERMAL,Prescription
ONTAK,DENILEUKIN DIFTITOX,BLA103767,EISAI INC,VIAL,,Prescription
ONTRALFY,TIZANIDINE HYDROCHLORIDE,NDA216190,FIDELITY BIOPHARMA,SOLUTION,ORAL,Prescription
ONTRUZANT,TRASTUZUMAB-DTTB,BLA761100,SAMSUNG BIOEPIS CO LTD,POWDER,IV (INFUSION),Prescription
ONUREG,AZACITIDINE,NDA214120,BRISTOL,TABLET,ORAL,Prescription
ONYDA XR,CLONIDINE HYDROCHLORIDE,NDA217645,TRIS PHARMA INC,"SUSPENSION, EXTENDED RELEASE",ORAL,Prescription
ONZETRA XSAIL,SUMATRIPTAN SUCCINATE,NDA206099,AZURITY,POWDER,NASAL,Prescription
OPANA,OXYMORPHONE HYDROCHLORIDE,NDA021611,ENDO PHARMS,TABLET,ORAL,Discontinued
OPANA ER,OXYMORPHONE HYDROCHLORIDE,NDA201655,ENDO PHARMS,"TABLET, EXTENDED RELEASE",ORAL,Discontinued
OPCICON ONE-STEP,LEVONORGESTREL,ANDA202635,SUN PHARM,TABLET,ORAL,Over-the-counter
OPCON,NAPHAZOLINE HYDROCHLORIDE,ANDA087506,BAUSCH AND LOMB,SOLUTION/DROPS,OPHTHALMIC,Discontinued
OPCON-A,NAPHAZOLINE HYDROCHLORIDE; PHENIRAMINE MALEATE,NDA020065,BAUSCH AND LOMB,SOLUTION/DROPS,OPHTHALMIC,Over-the-counter
OPDIVO,NIVOLUMAB,BLA125527,BRISTOL MYERS SQUIBB,INJECTABLE,INJECTION,Prescription
OPDIVO QVANTIG,HYALURONIDASE-NVHY; NIVOLUMAB,BLA761429,BRISTOL-MYERS SQUIBB,INJECTABLE,INJECTION,Prescription
OPDUALAG,NIVOLUMAB; RELATLIMAB-RMBW,BLA761234,BRISTOL MYERS SQUIBB,SOLUTION,INTRAVENOUS,Prescription
OPFOLDA,MIGLUSTAT,NDA215211,AMICUS THERAP US,CAPSULE,ORAL,Prescription
OPHTHAINE,PROPARACAINE HYDROCHLORIDE,NDA008883,APOTHECON,SOLUTION/DROPS,OPHTHALMIC,Discontinued
OPHTHETIC,PROPARACAINE HYDROCHLORIDE,NDA012583,ALLERGAN,SOLUTION/DROPS,OPHTHALMIC,Discontinued
OPHTHOCHLOR,CHLORAMPHENICOL,ANDA061220,PARKEDALE,SOLUTION/DROPS,OPHTHALMIC,Discontinued
OPHTHOCORT,CHLORAMPHENICOL; HYDROCORTISONE ACETATE; POLYMYXIN B SULFATE,NDA050201,PARKEDALE,OINTMENT,OPHTHALMIC,Discontinued
OPILL,NORGESTREL,NDA017031,LABORATOIRE HRA,TABLET,ORAL,Over-the-counter
OPIPZA,ARIPIPRAZOLE,NDA216655,XIAMEN LP PHARM CO,FILM,ORAL,Prescription
OPSUMIT,MACITENTAN,NDA204410,ACTELION,TABLET,ORAL,Prescription
OPSYNVI,MACITENTAN; TADALAFIL,NDA218490,ACTELION,TABLET,ORAL,Prescription
OPTICROM,CROMOLYN SODIUM,NDA018155,ALLERGAN,SOLUTION/DROPS,OPHTHALMIC,Discontinued
OPTIMARK,GADOVERSETAMIDE,NDA020937,LIEBEL-FLARSHEIM,INJECTABLE,INJECTION,Discontinued
OPTIMARK IN PLASTIC CONTAINER,GADOVERSETAMIDE,NDA020976,LIEBEL-FLARSHEIM,INJECTABLE,INJECTION,Discontinued
OPTIMINE,AZATADINE MALEATE,NDA017601,SCHERING,TABLET,ORAL,Discontinued
OPTIPRANOLOL,METIPRANOLOL HYDROCHLORIDE,NDA019907,BAUSCH AND LOMB,SOLUTION/DROPS,OPHTHALMIC,Discontinued
OPTIRAY 160,IOVERSOL,NDA019710,LIEBEL-FLARSHEIM,INJECTABLE,INJECTION,Discontinued
OPTIRAY 240,IOVERSOL,NDA020923,LIEBEL-FLARSHEIM,INJECTABLE,INJECTION,Discontinued
OPTIRAY 300,IOVERSOL,NDA020923,LIEBEL-FLARSHEIM,INJECTABLE,INJECTION,Discontinued
OPTIRAY 320,IOVERSOL,NDA020923,LIEBEL-FLARSHEIM,INJECTABLE,INJECTION,Prescription
OPTIRAY 350,IOVERSOL,NDA020923,LIEBEL-FLARSHEIM,INJECTABLE,INJECTION,Prescription
OPTISON,ALBUMIN HUMAN,NDA020899,GE HEALTHCARE,INJECTABLE,INJECTION,Prescription
OPTIVAR,AZELASTINE HYDROCHLORIDE,NDA021127,RISING,SOLUTION/DROPS,OPHTHALMIC,Discontinued
OPTOMYCIN,CHLORAMPHENICOL,ANDA062171,OPTOPICS,SOLUTION/DROPS,OPHTHALMIC,Discontinued
OPUVIZ,AFLIBERCEPT-YSZY,BLA761350,SAMSUNG BIOEPIS CO LTD,INJECTABLE,INJECTION,Prescription
OPVEE,NALMEFENE HYDROCHLORIDE,NDA217470,INDIVIOR,SPRAY,NASAL,Prescription
OPZELURA,RUXOLITINIB PHOSPHATE,NDA215309,INCYTE CORP,CREAM,TOPICAL,Prescription
ORA-TESTRYL,FLUOXYMESTERONE,NDA011359,BRISTOL MYERS SQUIBB,TABLET,ORAL,Discontinued
ORABASE HCA,HYDROCORTISONE ACETATE,ANDA083205,COLGATE,PASTE,TOPICAL,Discontinued
ORABLOC,ARTICAINE HYDROCHLORIDE; EPINEPHRINE BITARTRATE,NDA022466,PIERREL,INJECTABLE,INJECTION,Prescription
ORACEA,DOXYCYCLINE,NDA050805,GALDERMA LABS LP,CAPSULE,ORAL,Prescription
ORAGRAFIN CALCIUM,IPODATE CALCIUM,NDA012968,BRACCO,GRANULE,ORAL,Discontinued
ORAGRAFIN SODIUM,IPODATE SODIUM,NDA012967,BRACCO,CAPSULE,ORAL,Discontinued
ORALONE,TRIAMCINOLONE ACETONIDE,ANDA071383,SUN PHARMA CANADA,PASTE,DENTAL,Discontinued
ORALTAG,IOHEXOL,NDA205383,INTERPHARMA PRAHA AS,FOR SOLUTION,ORAL,Discontinued
ORAMORPH SR,MORPHINE SULFATE,NDA019977,XANODYNE PHARMS INC,"TABLET, EXTENDED RELEASE",ORAL,Discontinued
ORAP,PIMOZIDE,NDA017473,TEVA,TABLET,ORAL,Discontinued
ORAPRED,PREDNISOLONE SODIUM PHOSPHATE,ANDA075117,CONCORDIA PHARMS INC,SOLUTION,ORAL,Discontinued
ORAPRED ODT,PREDNISOLONE SODIUM PHOSPHATE,NDA021959,ADVANZ PHARMA,"TABLET, ORALLY DISINTEGRATING",ORAL,Prescription
ORAQIX,LIDOCAINE; PRILOCAINE,NDA021451,DENTSPLY PHARM,GEL,PERIODONTAL,Prescription
ORASONE,PREDNISONE,ANDA083009,SOLVAY,TABLET,ORAL,Discontinued
ORAVERSE,PHENTOLAMINE MESYLATE,NDA022159,SEPTODONT HOLDING,INJECTABLE,INJECTION,Prescription
ORAVIG,MICONAZOLE,NDA022404,GALT PHARMS,TABLET,BUCCAL,Prescription
ORBACTIV,ORITAVANCIN DIPHOSPHATE,NDA206334,MELINTA THERAP,POWDER,INTRAVENOUS,Prescription
ORENCIA,ABATACEPT,BLA125118,BRISTOL MYERS SQUIBB,INJECTABLE,IV (INFUSION),Prescription
ORENITRAM,TREPROSTINIL DIOLAMINE,NDA203496,UNITED THERAP,"TABLET, EXTENDED RELEASE",ORAL,Prescription
ORETIC,HYDROCHLOROTHIAZIDE,NDA011971,ABBVIE,TABLET,ORAL,Discontinued
ORETICYL 25,DESERPIDINE; HYDROCHLOROTHIAZIDE,NDA012148,ABBVIE,TABLET,ORAL,Discontinued
ORETICYL 50,DESERPIDINE; HYDROCHLOROTHIAZIDE,NDA012148,ABBVIE,TABLET,ORAL,Discontinued
ORETICYL FORTE,DESERPIDINE; HYDROCHLOROTHIAZIDE,NDA012148,ABBVIE,TABLET,ORAL,Discontinued
ORETON,METHYLTESTOSTERONE,ANDA080281,SCHERING,TABLET,BUCCAL,Discontinued
ORETON METHYL,METHYLTESTOSTERONE,NDA003158,SCHERING,TABLET,ORAL,Discontinued
ORFADIN,NITISINONE,NDA206356,SWEDISH ORPHAN,SUSPENSION,ORAL,Prescription
ORGARAN,DANAPAROID SODIUM,NDA020430,ASPEN GLOBAL INC,INJECTABLE,INJECTION,Discontinued
ORGATRAX,HYDROXYZINE HYDROCHLORIDE,ANDA087014,ORGANON USA INC,INJECTABLE,INJECTION,Discontinued
ORGOVYX,RELUGOLIX,NDA214621,SUMITOMO PHARMA AM,TABLET,ORAL,Prescription
ORIAHNN (COPACKAGED),"ELAGOLIX SODIUM; ELAGOLIX SODIUM,ESTRADIOL,NORETHINDRONE ACETATE",NDA213388,ABBVIE,CAPSULE,ORAL,Prescription
ORILISSA,ELAGOLIX SODIUM,NDA210450,ABBVIE,TABLET,ORAL,Prescription
ORINASE,TOLBUTAMIDE,NDA010670,PHARMACIA AND UPJOHN,TABLET,ORAL,Discontinued
ORINASE DIAGNOSTIC,TOLBUTAMIDE SODIUM,NDA012095,PHARMACIA AND UPJOHN,INJECTABLE,INJECTION,Discontinued
ORKAMBI,IVACAFTOR; LUMACAFTOR,NDA206038,VERTEX PHARMS INC,TABLET,ORAL,Prescription
ORLAAM,LEVOMETHADYL ACETATE HYDROCHLORIDE,NDA020315,ROXANE,CONCENTRATE,ORAL,Discontinued
ORLADEYO,BEROTRALSTAT DIHYDROCHLORIDE,NDA219776,BIOCRYST,PELLETS,ORAL,Prescription
ORLEX,"ACETIC ACID, GLACIAL",ANDA086845,WARNER CHILCOTT,SOLUTION/DROPS,OTIC,Discontinued
ORLEX HC,"ACETIC ACID, GLACIAL; HYDROCORTISONE",ANDA086844,WARNER CHILCOTT,SOLUTION/DROPS,OTIC,Discontinued
ORLYNVAH,PROBENECID; SULOPENEM ETZADROXIL,NDA213972,ITERUM THERAP,TABLET,ORAL,Prescription
ORMALVI,DICHLORPHENAMIDE,ANDA215924,TORRENT,TABLET,ORAL,Prescription
ORNIDYL,EFLORNITHINE HYDROCHLORIDE,NDA019879,SANOFI AVENTIS US,INJECTABLE,INJECTION,Discontinued
ORPHENADRINE CITRATE,ORPHENADRINE CITRATE,ANDA088067,ASCOT,"TABLET, EXTENDED RELEASE",ORAL,Discontinued
"ORPHENADRINE CITRATE, ASPIRIN, AND CAFFEINE",ASPIRIN; CAFFEINE; ORPHENADRINE CITRATE,ANDA074654,SANDOZ,TABLET,ORAL,Discontinued
ORPHENGESIC,ASPIRIN; CAFFEINE; ORPHENADRINE CITRATE,ANDA075141,GALT PHARMS,TABLET,ORAL,Prescription
ORPHENGESIC FORTE,ASPIRIN; CAFFEINE; ORPHENADRINE CITRATE,ANDA075141,GALT PHARMS,TABLET,ORAL,Prescription
ORSERDU,ELACESTRANT HYDROCHLORIDE,NDA217639,STEMLINE THERAP,TABLET,ORAL,Prescription
ORSYTHIA,ETHINYL ESTRADIOL; LEVONORGESTREL,ANDA077099,PH HEALTH,TABLET,ORAL-28,Discontinued
ORTHO CYCLEN-21,ETHINYL ESTRADIOL; NORGESTIMATE,NDA019653,JANSSEN PHARMS,TABLET,ORAL-21,Discontinued
ORTHO CYCLEN-28,ETHINYL ESTRADIOL; NORGESTIMATE,NDA019653,JANSSEN PHARMS,TABLET,ORAL-28,Discontinued
ORTHO EVRA,ETHINYL ESTRADIOL; NORELGESTROMIN,NDA021180,JANSSEN PHARMS,"FILM, EXTENDED RELEASE",TRANSDERMAL,Discontinued
ORTHO TRI-CYCLEN,ETHINYL ESTRADIOL; NORGESTIMATE,NDA019697,JANSSEN PHARMS,TABLET,ORAL-28,Discontinued
ORTHO TRI-CYCLEN 21,ETHINYL ESTRADIOL; NORGESTIMATE,NDA021690,ORTHO MCNEIL PHARM,TABLET,ORAL-21,Prescription
ORTHO TRI-CYCLEN 28,ETHINYL ESTRADIOL; NORGESTIMATE,NDA021690,ORTHO MCNEIL PHARM,TABLET,ORAL-28,Prescription
ORTHO TRI-CYCLEN LO,ETHINYL ESTRADIOL; NORGESTIMATE,NDA021241,JANSSEN PHARMS,TABLET,ORAL-28,Discontinued
ORTHO-CEPT,DESOGESTREL; ETHINYL ESTRADIOL,NDA020301,JANSSEN PHARMS,TABLET,ORAL-28,Discontinued
ORTHO-EST,ESTROPIPATE,ANDA089582,SUN PHARM INDS INC,TABLET,ORAL,Discontinued
ORTHO-NOVUM 1/35-21,ETHINYL ESTRADIOL; NORETHINDRONE,NDA017489,ORTHO MCNEIL PHARM,TABLET,ORAL-21,Discontinued
ORTHO-NOVUM 1/35-28,ETHINYL ESTRADIOL; NORETHINDRONE,NDA017919,JANSSEN PHARMS,TABLET,ORAL-28,Discontinued
ORTHO-NOVUM 1/50 21,MESTRANOL; NORETHINDRONE,NDA012728,ORTHO MCNEIL PHARM,TABLET,ORAL-21,Discontinued
ORTHO-NOVUM 1/50 28,MESTRANOL; NORETHINDRONE,NDA016709,ORTHO MCNEIL JANSSEN,TABLET,ORAL-28,Discontinued
ORTHO-NOVUM 1/80 21,MESTRANOL; NORETHINDRONE,NDA016715,ORTHO MCNEIL PHARM,TABLET,ORAL-21,Discontinued
ORTHO-NOVUM 1/80 28,MESTRANOL; NORETHINDRONE,NDA016715,ORTHO MCNEIL PHARM,TABLET,ORAL-28,Discontinued
ORTHO-NOVUM 10-21,MESTRANOL; NORETHINDRONE,NDA012728,ORTHO MCNEIL PHARM,TABLET,ORAL-21,Discontinued
ORTHO-NOVUM 10/11-21,ETHINYL ESTRADIOL; NORETHINDRONE,NDA018354,ORTHO MCNEIL JANSSEN,TABLET,ORAL-21,Discontinued
ORTHO-NOVUM 10/11-28,ETHINYL ESTRADIOL; NORETHINDRONE,NDA018354,ORTHO MCNEIL JANSSEN,TABLET,ORAL-28,Discontinued
ORTHO-NOVUM 2-21,MESTRANOL; NORETHINDRONE,NDA012728,ORTHO MCNEIL PHARM,TABLET,ORAL-21,Discontinued
ORTHO-NOVUM 7/14-21,ETHINYL ESTRADIOL; NORETHINDRONE,NDA019004,ORTHO MCNEIL PHARM,TABLET,ORAL-21,Discontinued
ORTHO-NOVUM 7/14-28,ETHINYL ESTRADIOL; NORETHINDRONE,NDA019004,ORTHO MCNEIL PHARM,TABLET,ORAL-28,Discontinued
ORTHO-NOVUM 7/7/7-21,ETHINYL ESTRADIOL; NORETHINDRONE,NDA018985,JANSSEN PHARMS,TABLET,ORAL-21,Discontinued
ORTHO-NOVUM 7/7/7-28,ETHINYL ESTRADIOL; NORETHINDRONE,NDA018985,JANSSEN PHARMS,TABLET,ORAL-28,Discontinued
ORTIKOS,BUDESONIDE,NDA211929,SUN PHARM INDS INC,"CAPSULE, DELAYED RELEASE",ORAL,Discontinued
ORUDIS,KETOPROFEN,NDA018754,WYETH AYERST,CAPSULE,ORAL,Discontinued
ORUDIS KT,KETOPROFEN,NDA020429,WYETH CONS,TABLET,ORAL,Discontinued
ORUVAIL,KETOPROFEN,NDA019816,WYETH PHARMS INC,"CAPSULE, EXTENDED RELEASE",ORAL,Discontinued
ORVATEN,MIDODRINE HYDROCHLORIDE,ANDA076725,BEIJING YILING,TABLET,ORAL,Prescription
ORZEYFUL,OVEPOREXTON,NDA220860,TAKEDA PHARMS USA,TABLET,ORAL,Prescription
OSELTAMIVIR PHOSPHATE,OSELTAMIVIR PHOSPHATE,ANDA209421,STRIDES PHARMA,CAPSULE,ORAL,Prescription
OSENI,ALOGLIPTIN BENZOATE; PIOGLITAZONE HYDROCHLORIDE,NDA022426,TAKEDA PHARMS USA,TABLET,ORAL,Discontinued
OSENVELT,DENOSUMAB-BMWO,BLA761404,CELLTRION INC,INJECTABLE,INJECTION,Prescription
OSHIH,ETHINYL ESTRADIOL; NORETHINDRONE ACETATE,ANDA216558,AUROBINDO PHARMA,TABLET,ORAL,Discontinued
OSIMERTINIB MESYLATE,OSIMERTINIB MESYLATE,ANDA214263,ZYDUS PHARMS USA INC,TABLET,ORAL,None (Tentative Approval)
OSMITROL 10% IN WATER,MANNITOL,NDA013684,BAXTER HLTHCARE,INJECTABLE,INJECTION,Prescription
OSMITROL 10% IN WATER IN PLASTIC CONTAINER,MANNITOL,NDA013684,BAXTER HLTHCARE,INJECTABLE,INJECTION,Prescription
OSMITROL 15% IN WATER,MANNITOL,NDA013684,BAXTER HLTHCARE,INJECTABLE,INJECTION,Prescription
OSMITROL 15% IN WATER IN PLASTIC CONTAINER,MANNITOL,NDA013684,BAXTER HLTHCARE,INJECTABLE,INJECTION,Prescription
OSMITROL 20% IN WATER,MANNITOL,NDA013684,BAXTER HLTHCARE,INJECTABLE,INJECTION,Prescription
OSMITROL 20% IN WATER IN PLASTIC CONTAINER,MANNITOL,NDA013684,BAXTER HLTHCARE,INJECTABLE,INJECTION,Prescription
OSMITROL 5% IN WATER,MANNITOL,NDA013684,BAXTER HLTHCARE,INJECTABLE,INJECTION,Prescription
OSMITROL 5% IN WATER IN PLASTIC CONTAINER,MANNITOL,NDA013684,BAXTER HLTHCARE,INJECTABLE,INJECTION,Prescription
OSMOLEX ER,AMANTADINE HYDROCHLORIDE,NDA209410,SUPERNUS PHARMS,"TABLET, EXTENDED RELEASE",ORAL,Discontinued
OSMOPREP,"SODIUM PHOSPHATE, DIBASIC, ANHYDROUS; SODIUM PHOSPHATE, MONOBASIC, MONOHYDRATE",NDA021892,SALIX PHARMS,TABLET,ORAL,Discontinued
OSMOVIST 190,IOTROLAN,NDA019580,BAYER HLTHCARE,INJECTABLE,INTRATHECAL,Discontinued
OSMOVIST 240,IOTROLAN,NDA019580,BAYER HLTHCARE,INJECTABLE,INTRATHECAL,Discontinued
OSPEMIFENE,OSPEMIFENE,ANDA215574,HETERO LABS LTD V,TABLET,ORAL,Discontinued
OSPHENA,OSPEMIFENE,NDA203505,DUCHESNAY,TABLET,ORAL,Prescription
OSPOMYV,DENOSUMAB-DSSB,BLA761392,SAMSUNG BIOEPIS CO LTD,INJECTABLE,SUBCUTANEOUS,Prescription
OSTEOLITE,TECHNETIUM TC-99M MEDRONATE KIT,NDA017972,SUN PHARM INDS INC,INJECTABLE,INJECTION,Discontinued
OSTEOSCAN,TECHNETIUM TC-99M ETIDRONATE KIT,NDA017454,MALLINCKRODT,INJECTABLE,INJECTION,Discontinued
OSVYRTI,denosumab-desu,BLA761424,ACCORD BIOPHARMA INC.,INJECTABLE,SUBCUTANEOUS,Prescription
OTEZLA,APREMILAST,NDA210745,AMGEN INC,TABLET,ORAL,Prescription
OTEZLA XR,APREMILAST,NDA210745,AMGEN INC,"TABLET, EXTENDED RELEASE",ORAL,Prescription
OTICAIR,HYDROCORTISONE; NEOMYCIN SULFATE; POLYMYXIN B SULFATE,ANDA062399,PHARMAFAIR,SUSPENSION/DROPS,OTIC,Discontinued
OTIPRIO,CIPROFLOXACIN,NDA207986,ALK ABELLO,"INJECTABLE, SUSPENSION",OTIC,Discontinued
OTOBIONE,HYDROCORTISONE; NEOMYCIN SULFATE; POLYMYXIN B SULFATE,ANDA061816,SCHERING,SUSPENSION/DROPS,OTIC,Discontinued
OTOBIOTIC,HYDROCORTISONE; POLYMYXIN B SULFATE,ANDA062302,SCHERING,SOLUTION/DROPS,OTIC,Discontinued
OTOCORT,HYDROCORTISONE; NEOMYCIN SULFATE; POLYMYXIN B SULFATE,ANDA062521,WATSON LABS,SUSPENSION/DROPS,OTIC,Discontinued
OTOVEL,CIPROFLOXACIN HYDROCHLORIDE; FLUOCINOLONE ACETONIDE,NDA208251,LAB SALVAT,SOLUTION/DROPS,OTIC,Prescription
OTREXUP,METHOTREXATE,NDA204824,COSETTE,SOLUTION,SUBCUTANEOUS,Discontinued
OTREXUP PFS,METHOTREXATE,NDA204824,COSETTE,SOLUTION,SUBCUTANEOUS,Discontinued
OTULFI,USTEKINUMAB-AAUZ,BLA761379,FRESENIUS KABI USA,INJECTABLE,INJECTION,Prescription
OVCON-35,ETHINYL ESTRADIOL; NORETHINDRONE,NDA017716,WARNER CHILCOTT LLC,TABLET,ORAL-28,Discontinued
OVCON-50,ETHINYL ESTRADIOL; NORETHINDRONE,NDA017576,WARNER CHILCOTT LLC,TABLET,ORAL-28,Discontinued
OVIDE,MALATHION,NDA018613,TARO,LOTION,TOPICAL,Discontinued
OVIDREL,CHORIOGONADOTROPIN ALFA,BLA021149,EMD SERONO,INJECTABLE,INJECTION,Discontinued
OVRAL,ETHINYL ESTRADIOL; NORGESTREL,NDA016672,WYETH PHARMS,TABLET,ORAL-21,Discontinued
OVRAL-28,ETHINYL ESTRADIOL; NORGESTREL,NDA016806,WYETH PHARMS,TABLET,ORAL-28,Discontinued
OVULEN,ETHYNODIOL DIACETATE; MESTRANOL,NDA016029,GD SEARLE LLC,TABLET,ORAL-20,Discontinued
OVULEN-21,ETHYNODIOL DIACETATE; MESTRANOL,NDA016029,GD SEARLE LLC,TABLET,ORAL-21,Discontinued
OVULEN-28,ETHYNODIOL DIACETATE; MESTRANOL,NDA016705,GD SEARLE LLC,TABLET,ORAL-28,Discontinued
OXACILLIN SODIUM,OXACILLIN SODIUM,ANDA062737,SANDOZ,POWDER,INTRAVENOUS,Discontinued
OXALIPLATIN,OXALIPLATIN,ANDA078813,HOSPIRA WORLDWIDE,INJECTABLE,INTRAVENOUS,Prescription
OXANDROLONE,OXANDROLONE,ANDA076761,UPSHER SMITH LABS,TABLET,ORAL,Discontinued
OXAPROZIN,OXAPROZIN,ANDA208633,AMNEAL PHARMS CO,TABLET,ORAL,Prescription
OXAYDO,OXYCODONE HYDROCHLORIDE,NDA202080,ZYLA,TABLET,ORAL,Discontinued
OXAZEPAM,OXAZEPAM,ANDA070943,IVAX SUB TEVA PHARMS,CAPSULE,ORAL,Discontinued
OXBRYTA,VOXELOTOR,NDA213137,GLOBAL BLOOD THERAPS,TABLET,ORAL,Discontinued
OXCARBAZEPINE,OXCARBAZEPINE,ANDA078069,BRECKENRIDGE PHARM,TABLET,ORAL,Prescription
OXCARBAZEPINE EXTENDED RELEASE TABLETS,OXCARBAZEPINE,ANDA219404,LUPIN LIMITED,TABLET,EXTENDED RELEASE,None (Tentative Approval)
OXERVATE,CENEGERMIN-BKBJ,BLA761094,DOMPE FARMACEUTICI,SOLUTION,OPHTHALMIC,Prescription
OXICONAZOLE NITRATE,OXICONAZOLE NITRATE,ANDA205076,SUN PHARMA CANADA,CREAM,TOPICAL,Prescription
OXILAN-300,IOXILAN,NDA020316,GUERBET,INJECTABLE,INJECTION,Discontinued
OXILAN-350,IOXILAN,NDA020316,GUERBET,INJECTABLE,INJECTION,Discontinued
OXISTAT,OXICONAZOLE NITRATE,NDA019828,FOUGERA,CREAM,TOPICAL,Prescription
OXLUMO,LUMASIRAN SODIUM,NDA214103,ALNYLAM PHARMS INC,SOLUTION,SUBCUTANEOUS,Prescription
OXSORALEN,METHOXSALEN,NDA009048,VALEANT PHARM INTL,LOTION,TOPICAL,Discontinued
OXSORALEN-ULTRA,METHOXSALEN,NDA019600,BAUSCH,CAPSULE,ORAL,Prescription
OXTELLAR XR,OXCARBAZEPINE,NDA202810,SUPERNUS PHARMS,"TABLET, EXTENDED RELEASE",ORAL,Prescription
OXTRIPHYLLINE,OXTRIPHYLLINE,ANDA087835,WATSON LABS,"TABLET, DELAYED RELEASE",ORAL,Discontinued
OXTRIPHYLLINE PEDIATRIC,OXTRIPHYLLINE,ANDA088242,MORTON GROVE,SYRUP,ORAL,Discontinued
OXY-KESSO-TETRA,OXYTETRACYCLINE HYDROCHLORIDE,ANDA060179,FERRANTE,CAPSULE,ORAL,Discontinued
OXYBUTYNIN,OXYBUTYNIN,ANDA090526,BARR LABS DIV TEVA,"FILM, EXTENDED RELEASE",TRANSDERMAL,Discontinued
OXYBUTYNIN CHLORIDE,OXYBUTYNIN CHLORIDE,ANDA076702,PHARMOBEDIENT,"TABLET, EXTENDED RELEASE",ORAL,Discontinued
OXYCET,ACETAMINOPHEN; OXYCODONE HYDROCHLORIDE,ANDA087463,SPECGX LLC,TABLET,ORAL,Prescription
OXYCODONE 2.5/APAP 500,ACETAMINOPHEN; OXYCODONE HYDROCHLORIDE,ANDA085910,BRISTOL MYERS SQUIBB,TABLET,ORAL,Discontinued
OXYCODONE 5/APAP 500,ACETAMINOPHEN; OXYCODONE HYDROCHLORIDE,ANDA085911,BRISTOL MYERS SQUIBB,TABLET,ORAL,Discontinued
OXYCODONE AND ACETAMINOPHEN,ACETAMINOPHEN; OXYCODONE HYDROCHLORIDE,ANDA201278,RHODES PHARMS,TABLET,ORAL,Prescription
OXYCODONE AND ASPIRIN,ASPIRIN; OXYCODONE HYDROCHLORIDE,ANDA091670,DR REDDYS LABS SA,TABLET,ORAL,Discontinued
OXYCODONE AND ASPIRIN,ASPIRIN; OXYCODONE HYDROCHLORIDE; OXYCODONE TEREPHTHALATE,ANDA087794,SUN PHARM INDUSTRIES,TABLET,ORAL,Discontinued
OXYCODONE AND ASPIRIN (HALF-STRENGTH),ASPIRIN; OXYCODONE HYDROCHLORIDE; OXYCODONE TEREPHTHALATE,ANDA087742,ROXANE,TABLET,ORAL,Discontinued
OXYCODONE HYDROCHLORIDE,OXYCODONE HYDROCHLORIDE,NDA201194,VISTAPHARM LLC,SOLUTION,ORAL,Discontinued
OXYCODONE HYDROCHLORIDE AND ACETAMINOPHEN,ACETAMINOPHEN; OXYCODONE HYDROCHLORIDE,ANDA203573,PH HEALTH,SOLUTION,ORAL,Discontinued
OXYCODONE HYDROCHLORIDE AND IBUPROFEN,IBUPROFEN; OXYCODONE HYDROCHLORIDE,ANDA078769,ACTAVIS ELIZABETH,TABLET,ORAL,Discontinued
OXYCONTIN,OXYCODONE HYDROCHLORIDE,NDA022272,KNOA PHARMA,"TABLET, EXTENDED RELEASE",ORAL,Prescription
"OXYGEN, USP",OXYGEN,NDA205849,PRAXAIR INC,GAS,INHALATION,Prescription
OXYLONE,FLUOROMETHOLONE,NDA011748,PHARMACIA AND UPJOHN,CREAM,TOPICAL,Discontinued
OXYMETAZOLINE,OXYMETAZOLINE,ANDA211812,TEVA PHARMS USA INC,CREAM,TOPICAL,None (Tentative Approval)
OXYMETAZOLINE HYDROCHLORIDE,OXYMETAZOLINE HYDROCHLORIDE,ANDA213584,SUN PHARMA CANADA,CREAM,TOPICAL,Prescription
OXYMORPHONE HYDROCHLORIDE,OXYMORPHONE HYDROCHLORIDE,ANDA200792,PAR PHARM,"TABLET, EXTENDED RELEASE",ORAL,Discontinued
OXYPHENBUTAZONE,OXYPHENBUTAZONE,ANDA088399,WATSON LABS,TABLET,ORAL,Discontinued
OXYTETRACYCLINE HYDROCHLORIDE,OXYTETRACYCLINE HYDROCHLORIDE,ANDA060634,PUREPAC PHARM,CAPSULE,ORAL,Discontinued
OXYTOCIN,OXYTOCIN,ANDA077453,DR REDDYS,INJECTABLE,INJECTION,Discontinued
OXYTOCIN 10 USP UNITS IN DEXTROSE 5%,OXYTOCIN,NDA019185,ABBOTT,INJECTABLE,INJECTION,Discontinued
OXYTOCIN 20 USP UNITS IN DEXTROSE 5%,OXYTOCIN,NDA019185,ABBOTT,INJECTABLE,INJECTION,Discontinued
OXYTOCIN 5 USP UNITS IN DEXTROSE 5%,OXYTOCIN,NDA019185,ABBOTT,INJECTABLE,INJECTION,Discontinued
OXYTROL,OXYBUTYNIN,NDA021351,ALLERGAN,"FILM, EXTENDED RELEASE",TRANSDERMAL,Prescription
OXYTROL FOR WOMEN,OXYBUTYNIN,NDA202211,ABBVIE,"FILM, EXTENDED RELEASE",TRANSDERMAL,Over-the-counter
OZANIMOD,OZANIMOD,ANDA219450,APOTEX INC,CAPSULE,,None (Tentative Approval)
OZEMPIC,SEMAGLUTIDE,NDA213051,NOVO,TABLET,ORAL,Prescription
OZILTUS,DENOSUMAB-MOBZ,BLA761457,AMNEAL PHARMS LLC,INJECTABLE,SUBCUTANEOUS,Prescription
OZOBAX,BACLOFEN,NDA208193,METACEL PHARMS LLC,SOLUTION,ORAL,Discontinued
OZOBAX DS,BACLOFEN,NDA208193,METACEL PHARMS LLC,SOLUTION,ORAL,Prescription
OZURDEX,DEXAMETHASONE,NDA022315,ABBVIE,IMPLANT,INTRAVITREAL,Prescription
Oxybutynin Chloride,Oxybutynin Chloride,ANDA078293,MYLAN PHARMS INC,"TABLET, EXTENDED RELEASE",ORAL,Prescription
P.A.S. SODIUM,AMINOSALICYLATE SODIUM,ANDA080947,CENTURY PHARMS,POWDER,ORAL,Discontinued
PACERONE,AMIODARONE HYDROCHLORIDE,ANDA075135,UPSHER SMITH LABS,TABLET,ORAL,Prescription
PACLITAXEL,PACLITAXEL,ANDA075436,ACCORD HLTHCARE,INJECTABLE,INJECTION,Discontinued
PADCEV,ENFORTUMAB VEDOTIN-EJFV,BLA761137,ASTELLAS,INJECTABLE,INJECTION,Prescription
PAGITANE,CYCRIMINE HYDROCHLORIDE,NDA008951,LILLY,TABLET,ORAL,Discontinued
PALBOCICLIB,PALBOCICLIB,ANDA213091,DR REDDYS LABS LTD,CAPSULE,ORAL,None (Tentative Approval)
PALBOCICLIB CAPSULES,PALBOCICLIB,ANDA217365,"CHIA TAI TIANQING PHARMACEUTICAL GROUP CO., LTD.",CAPSULE,,None (Tentative Approval)
PALIPERIDONE,PALIPERIDONE,ANDA218330,ALEMBIC,"TABLET, EXTENDED RELEASE",ORAL,Prescription
PALIPERIDONE PALMITATE,PALIPERIDONE PALMITATE,ANDA210397,PHARMASCIENCE INC,SUSPENSION,EXTENDED RELEASE,None (Tentative Approval)
PALLADONE,HYDROMORPHONE HYDROCHLORIDE,NDA021044,PURDUE PHARMA LP,"CAPSULE, EXTENDED RELEASE",ORAL,Discontinued
PALONOSETRON HYDROCHLORIDE,PALONOSETRON HYDROCHLORIDE,ANDA090713,TEVA PHARMS USA,INJECTABLE,INTRAVENOUS,Discontinued
PALSONIFY,PALTUSOTINE HYDROCHLORIDE,NDA219070,CRINETICS,TABLET,ORAL,Prescription
PALYNZIQ,PEGVALIASE-PQPZ,BLA761079,BIOMARIN PHARM,INJECTABLE,INJECTION,Prescription
PAMELOR,NORTRIPTYLINE HYDROCHLORIDE,NDA018012,SPECGX LLC,SOLUTION,ORAL,Discontinued
PAMIDRONATE DISODIUM,PAMIDRONATE DISODIUM,ANDA078300,MN PHARMS,INJECTABLE,INJECTION,Discontinued
PAMINE,METHSCOPOLAMINE BROMIDE,NDA008848,FOUGERA,TABLET,ORAL,Discontinued
PAMINE FORTE,METHSCOPOLAMINE BROMIDE,NDA008848,FOUGERA,TABLET,ORAL,Discontinued
PANCREAZE,LIPASE; PANCRELIPASE (AMYLASE; PROTEASE),BLA022523,VIVUS INC,"CAPSULE, DELAYED RELEASE",ORAL,Prescription
PANCURONIUM BROMIDE,PANCURONIUM BROMIDE,ANDA072212,IGI LABS INC,INJECTABLE,INJECTION,Discontinued
PANDEL,HYDROCORTISONE PROBUTATE,NDA020453,ANI PHARMS,CREAM,TOPICAL,Discontinued
PANHEPRIN,HEPARIN SODIUM,NDA005264,HOSPIRA,INJECTABLE,INJECTION,Discontinued
PANIXINE DISPERDOSE,CEPHALEXIN,ANDA065100,RANBAXY LABS LTD,"TABLET, FOR SUSPENSION",ORAL,Discontinued
PANMYCIN,TETRACYCLINE HYDROCHLORIDE,ANDA061705,PHARMACIA AND UPJOHN,TABLET,ORAL,Discontinued
PANRETIN,ALITRETINOIN,NDA020886,ADVANZ PHARMA,GEL,TOPICAL,Prescription
PANTOPAQUE,IOPHENDYLATE,NDA005319,ALCON,INJECTABLE,INJECTION,Discontinued
PANTOPRAZOLE SODIUM,PANTOPRAZOLE SODIUM,ANDA079197,EPIC PHARMA LLC,INJECTABLE,INTRAVENOUS,Prescription
PANTOPRAZOLE SODIUM IN 0.9% SODIUM CHLORIDE,PANTOPRAZOLE SODIUM,NDA217512,BAXTER HLTHCARE CORP,SOLUTION,INTRAVENOUS,Prescription
PANWARFIN,WARFARIN SODIUM,NDA017020,ABBOTT,TABLET,ORAL,Discontinued
PAPA-DEINE #3,ACETAMINOPHEN; CODEINE PHOSPHATE,ANDA088037,VANGARD,TABLET,ORAL,Discontinued
PAPA-DEINE #4,ACETAMINOPHEN; CODEINE PHOSPHATE,ANDA088715,VANGARD,TABLET,ORAL,Discontinued
PARACAINE,PROPARACAINE HYDROCHLORIDE,ANDA087681,OPTOPICS,SOLUTION/DROPS,OPHTHALMIC,Discontinued
PARACORT,PREDNISONE,NDA010962,PARKE DAVIS,TABLET,ORAL,Discontinued
PARADIONE,PARAMETHADIONE,NDA006800,ABBVIE,SOLUTION,ORAL,Discontinued
PARAFLEX,CHLORZOXAZONE,NDA011300,ORTHO MCNEIL PHARM,TABLET,ORAL,Discontinued
PARAFON FORTE DSC,CHLORZOXAZONE,NDA011529,JANSSEN R AND D,TABLET,ORAL,Discontinued
PARAGARD T 380A,COPPER,NDA018680,COOPERSURGICAL,SYSTEM,INTRAUTERINE,Prescription
PARAPLATIN,CARBOPLATIN,NDA019880,CORDEN PHARMA,INJECTABLE,INJECTION,Discontinued
PARASAL,AMINOSALICYLIC ACID,NDA006811,PANRAY,TABLET,ORAL,Discontinued
PARASAL SODIUM,AMINOSALICYLATE SODIUM,NDA006811,PANRAY,TABLET,ORAL,Discontinued
PARATHAR,TERIPARATIDE ACETATE,NDA019498,SANOFI AVENTIS US,INJECTABLE,INJECTION,Discontinued
PARCOPA,CARBIDOPA; LEVODOPA,ANDA076699,UCB INC,"TABLET, ORALLY DISINTEGRATING",ORAL,Discontinued
PAREDRINE,HYDROXYAMPHETAMINE HYDROBROMIDE,NDA000004,PHARMICS,SOLUTION/DROPS,OPHTHALMIC,Discontinued
PAREMYD,HYDROXYAMPHETAMINE HYDROBROMIDE; TROPICAMIDE,NDA019261,EPIC PHARMA LLC,SOLUTION/DROPS,OPHTHALMIC,Discontinued
PARICALCITOL,PARICALCITOL,ANDA090829,TEVA PHARMS USA,CAPSULE,ORAL,Prescription
PARLODEL,BROMOCRIPTINE MESYLATE,NDA017962,ESJAY PHARMA,TABLET,ORAL,Prescription
PARNATE,TRANYLCYPROMINE SULFATE,NDA012342,ADVANZ PHARMA,TABLET,ORAL,Prescription
PAROEX,CHLORHEXIDINE GLUCONATE,ANDA076434,SUNSTAR AMERICAS,SOLUTION,DENTAL,Discontinued
PAROMOMYCIN SULFATE,PAROMOMYCIN SULFATE,ANDA064171,SUN PHARM INDS INC,CAPSULE,ORAL,Discontinued
PAROXETINE,PAROXETINE HYDROCHLORIDE,ANDA203854,PRINSTON INC,TABLET,ORAL,Prescription
PAROXETINE HYDROCHLORIDE,PAROXETINE HYDROCHLORIDE,ANDA076968,OXFORD PHARMS,TABLET,ORAL,Prescription
PAROXETINE MESYLATE,PAROXETINE MESYLATE,ANDA207188,PRINSTON INC,CAPSULE,ORAL,Prescription
PARSABIV,ETELCALCETIDE,NDA208325,KAI PHARMS INC,SOLUTION,INTRAVENOUS,Prescription
PARSIDOL,ETHOPROPAZINE HYDROCHLORIDE,NDA009078,PARKE DAVIS,TABLET,ORAL,Discontinued
PASATRU,GARETOSMAB,BLA761508,"REGENERON PHARMACEUTICALS, INC",LIQUID,,Prescription
PASER,AMINOSALICYLIC ACID,ANDA074346,ADAPTIS,"GRANULE, DELAYED RELEASE",ORAL,Prescription
PASKALIUM,POTASSIUM AMINOSALICYLATE,NDA009395,GLENWOOD,TABLET,ORAL,Discontinued
PATADAY ONCE DAILY RELIEF,OLOPATADINE HYDROCHLORIDE,NDA206276,ALCON LABS INC,SOLUTION/DROPS,OPHTHALMIC,Over-the-counter
PATADAY TWICE DAILY RELIEF,OLOPATADINE HYDROCHLORIDE,NDA020688,ALCON LABS INC,SOLUTION/DROPS,OPHTHALMIC,Over-the-counter
PATANASE,OLOPATADINE HYDROCHLORIDE,NDA021861,NOVARTIS,"SPRAY, METERED",NASAL,Discontinued
PATHILON,TRIDIHEXETHYL CHLORIDE,NDA009489,LEDERLE,TABLET,ORAL,Discontinued
PATHOCIL,DICLOXACILLIN SODIUM,NDA050092,WYETH AYERST,FOR SUSPENSION,ORAL,Discontinued
PAVBLU,AFLIBERCEPT-AYYH,BLA761298,AMGEN INC,INJECTABLE,INJECTION,Prescription
PAVULON,PANCURONIUM BROMIDE,NDA017015,ORGANON USA INC,INJECTABLE,INJECTION,Discontinued
PAXIL,PAROXETINE HYDROCHLORIDE,NDA020885,APOTEX,CAPSULE,ORAL,Discontinued
PAXIL CR,PAROXETINE HYDROCHLORIDE,NDA020936,APOTEX,"TABLET, EXTENDED RELEASE",ORAL,Prescription
PAXIPAM,HALAZEPAM,NDA017736,SCHERING,TABLET,ORAL,Discontinued
PAXLOVID (COPACKAGED),NIRMATRELVIR; RITONAVIR,NDA217188,PFIZER,TABLET,ORAL,Prescription
PAZOPANIB HYDROCHLORIDE,PAZOPANIB HYDROCHLORIDE,ANDA217713,APOTEX,TABLET,ORAL,Prescription
PBZ,TRIPELENNAMINE CITRATE,NDA005914,NOVARTIS,ELIXIR,ORAL,Discontinued
PBZ,TRIPELENNAMINE HYDROCHLORIDE,NDA005914,NOVARTIS,TABLET,ORAL,Discontinued
PBZ-SR,TRIPELENNAMINE HYDROCHLORIDE,NDA010533,NOVARTIS,"TABLET, EXTENDED RELEASE",ORAL,Discontinued
PCE,ERYTHROMYCIN,NDA050611,AZURITY,"TABLET, COATED PARTICLES",ORAL,Discontinued
PEDIAMYCIN,ERYTHROMYCIN ETHYLSUCCINATE,ANDA062305,ROSS LABS,GRANULE,ORAL,Discontinued
PEDIAMYCIN 400,ERYTHROMYCIN ETHYLSUCCINATE,ANDA062304,ARBOR PHARMS LLC,SUSPENSION,ORAL,Discontinued
PEDIAPRED,PREDNISOLONE SODIUM PHOSPHATE,NDA019157,PAI HOLDINGS,SOLUTION,ORAL,Prescription
PEDIATRIC ADVIL,IBUPROFEN,NDA020812,HALEON US HOLDINGS,SUSPENSION/DROPS,ORAL,Discontinued
PEDIATRIC LTA KIT,LIDOCAINE HYDROCHLORIDE,ANDA088572,ABBOTT,SOLUTION,TOPICAL,Discontinued
PEDIAZOLE,ERYTHROMYCIN ETHYLSUCCINATE; SULFISOXAZOLE ACETYL,NDA050529,ROSS LABS,GRANULE,ORAL,Discontinued
PEDIOTIC,HYDROCORTISONE; NEOMYCIN SULFATE; POLYMYXIN B SULFATE,ANDA062822,MONARCH PHARMS,SUSPENSION/DROPS,OTIC,Discontinued
PEDMARK,SODIUM THIOSULFATE,NDA212937,FENNEC PHARMS INC,SOLUTION,INTRAVENOUS,Prescription
PEG 3350 AND ELECTROLYTES,POLYETHYLENE GLYCOL 3350; POTASSIUM CHLORIDE; SODIUM BICARBONATE; SODIUM CHLORIDE; SODIUM SULFATE ANHYDROUS,ANDA090186,NOVEL LABS INC,FOR SOLUTION,ORAL,Prescription
"PEG-3350, POTASSIUM CHLORIDE, SODIUM BICARBONATE, SODIUM CHLORIDE",POLYETHYLENE GLYCOL 3350; POTASSIUM CHLORIDE; SODIUM BICARBONATE; SODIUM CHLORIDE,ANDA090019,NOVEL LABS INC,FOR SOLUTION,ORAL,Prescription
"PEG-3350, SODIUM CHLORIDE, SODIUM BICARBONATE, POTASSIUM CHLORIDE AND BISACODYL",BISACODYL; POLYETHYLENE GLYCOL 3350; POTASSIUM CHLORIDE; SODIUM BICARBONATE; SODIUM CHLORIDE,ANDA202217,NOVEL LABS INC,"FOR SOLUTION, TABLET, DELAYED RELEASE",ORAL,Discontinued
"PEG-3350, SODIUM SULFATE, SODIUM CHLORIDE, POTASSIUM CHLORIDE, SODIUM ASCORBATE AND ASCORBIC ACID",ASCORBIC ACID; POLYETHYLENE GLYCOL 3350; POTASSIUM CHLORIDE; SODIUM ASCORBATE; SODIUM CHLORIDE; SODIUM SULFATE,ANDA090145,NOVEL LABS INC,FOR SOLUTION,ORAL,Prescription
PEG-LYTE,POLYETHYLENE GLYCOL 3350; POTASSIUM CHLORIDE; SODIUM BICARBONATE; SODIUM CHLORIDE; SODIUM SULFATE ANHYDROUS,ANDA073098,SANDOZ,FOR SUSPENSION,ORAL,Discontinued
PEGANONE,ETHOTOIN,NDA010841,RECORDATI RARE,TABLET,ORAL,Discontinued
PEGASYS,PEGINTERFERON ALFA-2A,BLA103964,Pharmaand GmbH,SYRINGE,,Prescription
PEGINTRON,PEGINTERFERON ALFA-2B,BLA103949,SCHERING,SYRINGE,,Prescription
PEMAZYRE,PEMIGATINIB,NDA213736,INCYTE CORP,TABLET,ORAL,Prescription
PEMETREXED,PEMETREXED,ANDA208927,BIOCON LTD,INJECTABLE,INJECTION,None (Tentative Approval)
PEMETREXED,PEMETREXED DISODIUM,NDA215179,SHILPA,SOLUTION,INTRAVENOUS,Prescription
PEMETREXED,PEMETREXED SODIUM,ANDA090352,TEVA PHARMS USA,INJECTABLE,INJECTION,None (Tentative Approval)
PEMETREXED DISODIUM,PEMETREXED DISODIUM,ANDA203628,PHARMOBEDIENT,POWDER,INTRAVENOUS,Discontinued
PEMETREXED DITROMETHAMINE,PEMETREXED DITROMETHAMINE,NDA208746,HOSPIRA,POWDER,INTRAVENOUS,Discontinued
PEMETREXED FOR INJECTION,PEMETREXED,NDA208297,DR REDDYS LABS INC,INJECTABLE,INJECTION,Prescription
PEMFEXY,PEMETREXED,NDA209472,EAGLE PHARMS,SOLUTION,INTRAVENOUS,Prescription
PEMIGATINIB,PEMIGATINIB,ANDA219552,SANDOZ INC,TABLET,,None (Tentative Approval)
PEMOLINE,PEMOLINE,ANDA075555,TEVA PHARMS,"TABLET, CHEWABLE",ORAL,Discontinued
PEN-VEE K,PENICILLIN V POTASSIUM,ANDA060007,WYETH AYERST,FOR SOLUTION,ORAL,Discontinued
PENAPAR-VK,PENICILLIN V POTASSIUM,ANDA062001,PARKE DAVIS,TABLET,ORAL,Discontinued
PENBRITIN,AMPICILLIN/AMPICILLIN TRIHYDRATE,NDA050019,WYETH AYERST,FOR SUSPENSION,ORAL,Discontinued
PENBRITIN-S,AMPICILLIN SODIUM,NDA050072,WYETH AYERST,INJECTABLE,INJECTION,Discontinued
PENCICLOVIR,PENCICLOVIR,ANDA216981,TORRENT,CREAM,TOPICAL,Prescription
PENECORT,HYDROCORTISONE,ANDA088216,ALLERGAN HERBERT,CREAM,TOPICAL,Discontinued
PENETREX,ENOXACIN,NDA019616,SANOFI AVENTIS US,TABLET,ORAL,Discontinued
PENICILLAMINE,PENICILLAMINE,ANDA211196,PH HEALTH,TABLET,ORAL,Prescription
PENICILLIN,PENICILLIN G POTASSIUM,ANDA060307,TEVA,FOR SOLUTION,ORAL,Discontinued
PENICILLIN G POTASSIUM,PENICILLIN G POTASSIUM,ANDA205043,ACS DOBFAR SPA,INJECTABLE,INJECTION,Prescription
PENICILLIN G POTASSIUM IN PLASTIC CONTAINER,PENICILLIN G POTASSIUM,NDA050638,BAXTER HLTHCARE,INJECTABLE,INJECTION,Prescription
PENICILLIN G PROCAINE,PENICILLIN G PROCAINE,ANDA060099,PFIZER,INJECTABLE,INJECTION,Discontinued
PENICILLIN G SODIUM,PENICILLIN G SODIUM,ANDA063014,WATSON LABS INC,INJECTABLE,"INTRAMUSCULAR, INTRAVENOUS",Discontinued
PENICILLIN V POTASSIUM,PENICILLIN V POTASSIUM,ANDA061571,PUREPAC PHARM,TABLET,ORAL,Discontinued
PENICILLIN-2,PENICILLIN G POTASSIUM,ANDA060307,TEVA,FOR SOLUTION,ORAL,Discontinued
PENICILLIN-VK,PENICILLIN V POTASSIUM,ANDA060456,CHARTWELL RX,FOR SOLUTION,ORAL,Prescription
PENLAC,CICLOPIROX,NDA021022,VALEANT BERMUDA,SOLUTION,TOPICAL,Discontinued
PENNSAID,DICLOFENAC SODIUM,NDA204623,HORIZON,SOLUTION,TOPICAL,Discontinued
PENNTUSS,CHLORPHENIRAMINE POLISTIREX; CODEINE POLISTIREX,NDA018928,FISONS,"SUSPENSION, EXTENDED RELEASE",ORAL,Discontinued
PENPULIMAB-KCQX,PENPULIMAB-KCQX,BLA761258,AKESO BIOPHARMA,INJECTABLE,INTRAVENOUS,Prescription
PENTACARINAT,PENTAMIDINE ISETHIONATE,ANDA073447,ARMOUR PHARM,INJECTABLE,INJECTION,Discontinued
PENTACEF,CEFTAZIDIME,ANDA064008,GLAXOSMITHKLINE,INJECTABLE,INJECTION,Discontinued
PENTAM,PENTAMIDINE ISETHIONATE,NDA019264,FRESENIUS KABI USA,INJECTABLE,INJECTION,Prescription
PENTAMIDINE ISETHIONATE,PENTAMIDINE ISETHIONATE,ANDA206982,PHARMOBEDIENT,INJECTABLE,INJECTION,Discontinued
PENTASA,MESALAMINE,NDA020049,TAKEDA PHARMS USA,"CAPSULE, EXTENDED RELEASE",ORAL,Prescription
PENTETATE CALCIUM TRISODIUM,PENTETATE CALCIUM TRISODIUM,NDA021749,HAMELN,SOLUTION,"INHALATION, INTRAVENOUS",Discontinued
PENTETATE ZINC TRISODIUM,PENTETATE ZINC TRISODIUM,NDA021751,HAMELN PHARMA PLUS,SOLUTION,"INHALATION, INTRAVENOUS",Discontinued
PENTHRANE,METHOXYFLURANE,NDA013056,ABBOTT,LIQUID,INHALATION,Discontinued
PENTIDS '200',PENICILLIN G POTASSIUM,ANDA062155,APOTHECON,TABLET,ORAL,Discontinued
PENTIDS '250',PENICILLIN G POTASSIUM,ANDA062155,APOTHECON,TABLET,ORAL,Discontinued
PENTIDS '400',PENICILLIN G POTASSIUM,ANDA062155,APOTHECON,TABLET,ORAL,Discontinued
PENTIDS '800',PENICILLIN G POTASSIUM,ANDA062155,APOTHECON,TABLET,ORAL,Discontinued
PENTOBARBITAL SODIUM,PENTOBARBITAL SODIUM,ANDA083284,VITARINE,CAPSULE,ORAL,Discontinued
PENTOLAIR,CYCLOPENTOLATE HYDROCHLORIDE,ANDA088643,PHARMAFAIR,SOLUTION/DROPS,OPHTHALMIC,Discontinued
PENTOSTATIN,PENTOSTATIN,ANDA203554,RISING,INJECTABLE,INJECTION,Discontinued
PENTOTHAL,THIOPENTAL SODIUM,NDA011679,ABBOTT,SUSPENSION,RECTAL,Discontinued
PENTOXIFYLLINE,PENTOXIFYLLINE,ANDA074877,HERITAGE,"TABLET, EXTENDED RELEASE",ORAL,Discontinued
PENTOXIL,PENTOXIFYLLINE,ANDA074962,UPSHER SMITH LABS,"TABLET, EXTENDED RELEASE",ORAL,Discontinued
PEPCID,FAMOTIDINE,NDA019462,BAUSCH,TABLET,ORAL,Discontinued
PEPCID AC,FAMOTIDINE,NDA020325,KENVUE BRANDS,TABLET,ORAL,Over-the-counter
PEPCID COMPLETE,CALCIUM CARBONATE; FAMOTIDINE; MAGNESIUM HYDROXIDE,NDA020958,KENVUE BRANDS,"TABLET, CHEWABLE",ORAL,Over-the-counter
PEPCID PRESERVATIVE FREE,FAMOTIDINE,NDA019510,MERCK,INJECTABLE,INJECTION,Discontinued
PEPCID PRESERVATIVE FREE IN PLASTIC CONTAINER,FAMOTIDINE,NDA020249,MERCK SHARP DOHME,INJECTABLE,INJECTION,Discontinued
PEPCID RPD,FAMOTIDINE,NDA020752,MERCK,"TABLET, ORALLY DISINTEGRATING",ORAL,Discontinued
PEPTAVLON,PENTAGASTRIN,NDA017048,WYETH AYERST,INJECTABLE,INJECTION,Discontinued
PERAMPANEL,PERAMPANEL,ANDA218152,MSN,SUSPENSION,ORAL,Prescription
PERCHLORACAP,POTASSIUM PERCHLORATE,NDA017551,MALLINCKRODT,CAPSULE,ORAL,Discontinued
PERCOCET,ACETAMINOPHEN; OXYCODONE HYDROCHLORIDE,ANDA040341,VINTAGE PHARMS LLC,TABLET,ORAL,Discontinued
PERCODAN,ASPIRIN; OXYCODONE HYDROCHLORIDE,NDA007337,ENDO OPERATIONS,TABLET,ORAL,Discontinued
PERCODAN,ASPIRIN; OXYCODONE HYDROCHLORIDE; OXYCODONE TEREPHTHALATE,NDA007337,ENDO OPERATIONS,TABLET,ORAL,Discontinued
PERCODAN-DEMI,ASPIRIN; OXYCODONE HYDROCHLORIDE; OXYCODONE TEREPHTHALATE,NDA007337,ENDO OPERATIONS,TABLET,ORAL,Discontinued
PERCORTEN,DESOXYCORTICOSTERONE ACETATE,NDA005151,NOVARTIS,PELLET,IMPLANTATION,Discontinued
PERCORTEN,DESOXYCORTICOSTERONE PIVALATE,NDA008822,NOVARTIS,INJECTABLE,INJECTION,Discontinued
PERFOROMIST,FORMOTEROL FUMARATE,NDA022007,VIATRIS SPECIALTY,SOLUTION,INHALATION,Prescription
PERGOLIDE MESYLATE,PERGOLIDE MESYLATE,ANDA076061,STRIDES PHARMA,TABLET,ORAL,Discontinued
PERGONAL,LH); MENOTROPINS (FSH,BLA017646,SERONO,INJECTABLE,INJECTION,Discontinued
PERIACTIN,CYPROHEPTADINE HYDROCHLORIDE,NDA012649,MERCK,TABLET,ORAL,Discontinued
PERIDEX,CHLORHEXIDINE GLUCONATE,NDA019028,SOLVENTUM,SOLUTION,DENTAL,Prescription
PERIKABIVEN IN PLASTIC CONTAINER,AMINO ACIDS; CALCIUM CHLORIDE; DEXTROSE; MAGNESIUM SULFATE; POTASSIUM CHLORIDE; SODIUM ACETATE; SODIUM GLYCEROPHOSPHATE; SOYBEAN OIL,NDA200656,FRESENIUS KABI USA,EMULSION,INTRAVENOUS,Prescription
PERINDOPRIL ERBUMINE,PERINDOPRIL ERBUMINE,ANDA078138,ANI PHARMS,TABLET,ORAL,Discontinued
PERIOCHIP,CHLORHEXIDINE GLUCONATE,NDA020774,DEXCEL PHARMA,TABLET,DENTAL,Discontinued
PERIOGARD,CHLORHEXIDINE GLUCONATE,ANDA203212,COLGATE-PALMOLIVE CO,SOLUTION,DENTAL,Prescription
PERIOSTAT,DOXYCYCLINE HYCLATE,NDA050744,COLLAGENEX,CAPSULE,ORAL,Discontinued
PERJETA,PERTUZUMAB,BLA125409,GENENTECH,VIAL,SINGLE-USE,Prescription
PERMAPEN,PENICILLIN G BENZATHINE,NDA060014,CASPER PHARMA LLC,INJECTABLE,INJECTION,Discontinued
PERMAX,PERGOLIDE MESYLATE,NDA019385,VALEANT PHARM INTL,TABLET,ORAL,Discontinued
PERMETHRIN,PERMETHRIN,ANDA076369,PADAGIS ISRAEL,CREAM,TOPICAL,Prescription
PERMITIL,FLUPHENAZINE HYDROCHLORIDE,NDA016008,SCHERING,CONCENTRATE,ORAL,Discontinued
PERPHENAZINE,PERPHENAZINE,ANDA089686,SANDOZ,TABLET,ORAL,Prescription
PERPHENAZINE AND AMITRIPTYLINE HYDROCHLORIDE,AMITRIPTYLINE HYDROCHLORIDE; PERPHENAZINE,ANDA071077,SUN PHARM INDUSTRIES,TABLET,ORAL,Discontinued
PERSANTINE,DIPYRIDAMOLE,NDA012836,BOEHRINGER INGELHEIM,TABLET,ORAL,Discontinued
PERSERIS KIT,RISPERIDONE,NDA210655,INDIVIOR,"FOR SUSPENSION, EXTENDED RELEASE",SUBCUTANEOUS,Discontinued
PERTOFRANE,DESIPRAMINE HYDROCHLORIDE,NDA013621,SANOFI AVENTIS US,CAPSULE,ORAL,Discontinued
PERTZYE,LIPASE; PANCRELIPASE (AMYLASE; PROTEASE),BLA022175,DIGESTIVE CARE INC,"CAPSULE, DELAYED RELEASE",ORAL,Prescription
PEXEVA,PAROXETINE MESYLATE,NDA021299,SEBELA IRELAND LTD,TABLET,ORAL,Discontinued
PFIZER-E,ERYTHROMYCIN STEARATE,ANDA061791,PFIZER,TABLET,ORAL,Discontinued
PFIZERPEN,PENICILLIN G POTASSIUM,ANDA060657,PFIZER,INJECTABLE,INJECTION,Prescription
PFIZERPEN G,PENICILLIN G POTASSIUM,ANDA060075,PFIZER,TABLET,ORAL,Discontinued
PFIZERPEN VK,PENICILLIN V POTASSIUM,ANDA061815,PFIZER,FOR SOLUTION,ORAL,Discontinued
PFIZERPEN-A,AMPICILLIN/AMPICILLIN TRIHYDRATE,ANDA062049,PFIZER,FOR SUSPENSION,ORAL,Discontinued
PFIZERPEN-AS,PENICILLIN G PROCAINE,ANDA060286,PFIZER,INJECTABLE,INJECTION,Discontinued
PHARMASEAL SCRUB CARE,CHLORHEXIDINE GLUCONATE,NDA019793,CAREFUSION 2200,SPONGE,TOPICAL,Discontinued
PHEBURANE,SODIUM PHENYLBUTYRATE,NDA216513,MEDUNIK,PELLETS,ORAL,Prescription
PHENAPHEN W/ CODEINE NO. 2,ACETAMINOPHEN; CODEINE PHOSPHATE,ANDA084444,ROBINS AH,CAPSULE,ORAL,Discontinued
PHENAPHEN W/ CODEINE NO. 3,ACETAMINOPHEN; CODEINE PHOSPHATE,ANDA084445,ROBINS AH,CAPSULE,ORAL,Discontinued
PHENAPHEN W/ CODEINE NO. 4,ACETAMINOPHEN; CODEINE PHOSPHATE,ANDA084446,ROBINS AH,CAPSULE,ORAL,Discontinued
PHENAPHEN-650 W/ CODEINE,ACETAMINOPHEN; CODEINE PHOSPHATE,ANDA085856,ROBINS AH,TABLET,ORAL,Discontinued
PHENAZINE,PHENDIMETRAZINE TARTRATE,ANDA087305,MAST MM,TABLET,ORAL,Discontinued
PHENAZINE-35,PHENDIMETRAZINE TARTRATE,ANDA085512,ABC HOLDING,TABLET,ORAL,Discontinued
PHENDIMETRAZINE TARTRATE,PHENDIMETRAZINE TARTRATE,ANDA084740,INWOOD LABS,TABLET,ORAL,Discontinued
PHENELZINE SULFATE,PHENELZINE SULFATE,ANDA200181,NOVEL LABS INC,TABLET,ORAL,Prescription
PHENERGAN,PROMETHAZINE HYDROCHLORIDE,NDA010926,PHARMOBEDIENT,SUPPOSITORY,RECTAL,Discontinued
PHENERGAN VC,PHENYLEPHRINE HYDROCHLORIDE; PROMETHAZINE HYDROCHLORIDE,NDA008604,ANI PHARMS,SYRUP,ORAL,Discontinued
PHENERGAN VC W/ CODEINE,CODEINE PHOSPHATE; PHENYLEPHRINE HYDROCHLORIDE; PROMETHAZINE HYDROCHLORIDE,NDA008306,ANI PHARMS,SYRUP,ORAL,Discontinued
PHENERGAN W/ CODEINE,CODEINE PHOSPHATE; PROMETHAZINE HYDROCHLORIDE,NDA008306,ANI PHARMS,SYRUP,ORAL,Discontinued
PHENETRON,CHLORPHENIRAMINE MALEATE,ANDA080846,LANNETT,TABLET,ORAL,Discontinued
PHENOXYBENZAMINE HYDROCHLORIDE,PHENOXYBENZAMINE HYDROCHLORIDE,ANDA204551,RISING,CAPSULE,ORAL,Prescription
PHENTERMINE HYDROCHLORIDE,PHENTERMINE HYDROCHLORIDE,ANDA085671,SANDOZ,TABLET,ORAL,Discontinued
PHENTERMINE HYDROCHLORIDE AND TOPIRAMATE,PHENTERMINE HYDROCHLORIDE; TOPIRAMATE,ANDA208175,DR REDDYS LABS SA,"CAPSULE, EXTENDED RELEASE",ORAL,Prescription
PHENTERMINE RESIN 30,PHENTERMINE RESIN COMPLEX,ANDA089120,QUANTUM PHARMICS,"CAPSULE, EXTENDED RELEASE",ORAL,Discontinued
PHENTERMINE RESIN COMPLEX,PHENTERMINE RESIN COMPLEX,ANDA040872,LANNETT CO INC,"CAPSULE, EXTENDED RELEASE",ORAL,Discontinued
PHENTOLAMINE MESYLATE,PHENTOLAMINE MESYLATE,ANDA040235,HIKMA,INJECTABLE,INJECTION,Prescription
PHENURONE,PHENACEMIDE,NDA007707,ABBVIE,TABLET,ORAL,Discontinued
PHENY-PAS-TEBAMIN,PHENYL AMINOSALICYLATE,NDA011695,PHARM RES ASSOC,TABLET,ORAL,Discontinued
PHENYLBUTAZONE,PHENYLBUTAZONE,ANDA087674,WATSON LABS,TABLET,ORAL,Discontinued
PHENYLEPHRINE HYDROCHLORIDE,PHENYLEPHRINE HYDROCHLORIDE,ANDA209968,AVET LIFESCIENCES,SOLUTION,INTRAVENOUS,Prescription
PHENYLEPHRINE HYDROCHLORIDE AND PROMETHAZINE HYDROCHLORIDE,PHENYLEPHRINE HYDROCHLORIDE; PROMETHAZINE HYDROCHLORIDE,ANDA040654,PAI HOLDINGS,SYRUP,ORAL,Prescription
PHENYLEPHRINE HYDROCHLORIDE IN 0.9% SODIUM CHLORIDE,PHENYLEPHRINE HYDROCHLORIDE,NDA216830,DR REDDYS LABS SA,SOLUTION,INTRAVENOUS,Prescription
PHENYTEK,PHENYTOIN SODIUM,ANDA040298,MYLAN,CAPSULE,ORAL,Prescription
PHENYTEX,PHENYTOIN SODIUM,ANDA088711,WATSON LABS,CAPSULE,ORAL,Discontinued
PHENYTOIN,PHENYTOIN,ANDA040521,TARO,SUSPENSION,ORAL,Prescription
PHENYTOIN SODIUM,PHENYTOIN SODIUM,ANDA088519,SMITH AND NEPHEW,INJECTABLE,INJECTION,Discontinued
PHERAZINE DM,DEXTROMETHORPHAN HYDROBROMIDE; PROMETHAZINE HYDROCHLORIDE,ANDA088913,HALSEY,SYRUP,ORAL,Discontinued
PHERAZINE VC,PHENYLEPHRINE HYDROCHLORIDE; PROMETHAZINE HYDROCHLORIDE,ANDA088868,HALSEY,SYRUP,ORAL,Discontinued
PHERAZINE VC W/ CODEINE,CODEINE PHOSPHATE; PHENYLEPHRINE HYDROCHLORIDE; PROMETHAZINE HYDROCHLORIDE,ANDA088870,HALSEY,SYRUP,ORAL,Discontinued
PHERAZINE W/ CODEINE,CODEINE PHOSPHATE; PROMETHAZINE HYDROCHLORIDE,ANDA088739,HALSEY,SYRUP,ORAL,Discontinued
PHESGO,"PERTUZUMAB, TRASTUZUMAB, AND HYALURONIDASE-ZZXF",BLA761170,GENENTECH INC,INJECTABLE,SUBCUTANEOUS,Prescription
PHEXX,CITRIC ACID; LACTIC ACID; POTASSIUM BITARTRATE,NDA208352,EVOFEM INC,GEL,VAGINAL,Prescription
PHILITH,ETHINYL ESTRADIOL; NORETHINDRONE,ANDA090947,NOVAST LABS LTD,TABLET,ORAL-28,Prescription
PHISO-SCRUB,HEXACHLOROPHENE,NDA017446,SANOFI AVENTIS US,SPONGE,TOPICAL,Discontinued
PHISOHEX,HEXACHLOROPHENE,NDA008402,SANOFI AVENTIS US,EMULSION,TOPICAL,Discontinued
PHOSLO,CALCIUM ACETATE,NDA019976,FRESENIUS MEDCL CARE,TABLET,ORAL,Discontinued
PHOSLO GELCAPS,CALCIUM ACETATE,NDA021160,FRESENIUS MEDCL CARE,CAPSULE,ORAL,Discontinued
PHOSLYRA,CALCIUM ACETATE,NDA022581,FRESENIUS MEDCL CARE,SOLUTION,ORAL,Discontinued
PHOSPHOCOL P32,CHROMIC PHOSPHATE P-32,NDA017084,CURIUM,INJECTABLE,INJECTION,Discontinued
PHOSPHOLINE IODIDE,ECHOTHIOPHATE IODIDE,NDA011963,FERA PHARMS LLC,FOR SOLUTION,OPHTHALMIC,Discontinued
PHOSPHOTEC,TECHNETIUM TC-99M PYROPHOSPHATE KIT,NDA017680,BRACCO,INJECTABLE,INJECTION,Discontinued
PHOSPHOTOPE,SODIUM PHOSPHATE P-32,NDA010927,BRACCO,SOLUTION,"INJECTION, ORAL",Discontinued
PHOTOFRIN,PORFIMER SODIUM,NDA020451,PINNACLE BIOLGS,INJECTABLE,INJECTION,Prescription
PHOTREXA VISCOUS IN DEXTRAN 20%,RIBOFLAVIN 5'-PHOSPHATE,NDA203324,GLAUKOS,SOLUTION/DROPS,OPHTHALMIC,Prescription
PHOTREXA VISCOUS IN DEXTRAN 20%/PHOTREXA,RIBOFLAVIN 5'-PHOSPHATE SODIUM,NDA203324,GLAUKOS,SOLUTION/DROPS,OPHTHALMIC,Prescription
PHOXILLUM B22K 4/0 IN PLASTIC CONTAINER,CALCIUM CHLORIDE; MAGNESIUM CHLORIDE; POTASSIUM CHLORIDE; SODIUM BICARBONATE; SODIUM CHLORIDE; SODIUM PHOSPHATE,NDA207026,VANTIVE US HLTHCARE,INJECTABLE,INJECTION,Prescription
PHOXILLUM BK 4/2.5 IN PLASTIC CONTAINER,CALCIUM CHLORIDE; MAGNESIUM CHLORIDE; POTASSIUM CHLORIDE; SODIUM BICARBONATE; SODIUM CHLORIDE; SODIUM PHOSPHATE,NDA207026,VANTIVE US HLTHCARE,INJECTABLE,INJECTION,Prescription
PHRENILIN,ACETAMINOPHEN; BUTALBITAL,ANDA087811,VALEANT,TABLET,ORAL,Discontinued
PHRENILIN FORTE,ACETAMINOPHEN; BUTALBITAL,ANDA088831,VALEANT,CAPSULE,ORAL,Discontinued
PHRENILIN WITH CAFFEINE AND CODEINE,ACETAMINOPHEN; BUTALBITAL; CAFFEINE; CODEINE PHOSPHATE,ANDA074911,VALEANT,CAPSULE,ORAL,Discontinued
PHYLLOCONTIN,AMINOPHYLLINE,ANDA086760,PHARM RES ASSOC,"TABLET, EXTENDED RELEASE",ORAL,Discontinued
PHYRAGO,DASATINIB,NDA216099,HANDA THERAP,TABLET,ORAL,Prescription
PHYSIOLYTE IN PLASTIC CONTAINER,MAGNESIUM CHLORIDE; POTASSIUM CHLORIDE; SODIUM ACETATE; SODIUM CHLORIDE; SODIUM GLUCONATE,NDA019024,B BRAUN,SOLUTION,IRRIGATION,Prescription
PHYSIOSOL IN PLASTIC CONTAINER,MAGNESIUM CHLORIDE; POTASSIUM CHLORIDE; SODIUM ACETATE; SODIUM CHLORIDE; SODIUM GLUCONATE,NDA018406,HOSPIRA INC,SOLUTION,IRRIGATION,Discontinued
PHYSIOSOL PH 7.4 IN PLASTIC CONTAINER,MAGNESIUM CHLORIDE; POTASSIUM CHLORIDE; SODIUM ACETATE; SODIUM CHLORIDE; SODIUM GLUCONATE,NDA018406,HOSPIRA INC,SOLUTION,IRRIGATION,Discontinued
PHYTONADIONE,PHYTONADIONE,ANDA207719,DR REDDYS,INJECTABLE,INJECTION,Prescription
PIASKY,CROVALIMAB-AKKZ,BLA761388,GENENTECH INC,INJECTABLE,INTRAVENOUS,Prescription
PICATO,INGENOL MEBUTATE,NDA202833,LEO LABS,GEL,TOPICAL,Discontinued
PIFELTRO,DORAVIRINE,NDA210806,MSD MERCK CO,TABLET,ORAL,Prescription
PILOCARPINE HYDROCHLORIDE,PILOCARPINE HYDROCHLORIDE,ANDA077220,LANNETT CO INC,TABLET,ORAL,Prescription
PILOPINE HS,PILOCARPINE HYDROCHLORIDE,NDA018796,ALCON,GEL,OPHTHALMIC,Discontinued
PIMAVANSERIN,PIMAVANSERIN,ANDA214782,AUROBINDO PHARMA LTD,CAPSULE,ORAL,None (Tentative Approval)
PIMAVANSERIN,PIMAVANSERIN TARTRATE,ANDA214493,ZYDUS,CAPSULE,ORAL,Discontinued
PIMECROLIMUS,PIMECROLIMUS,ANDA211769,GLENMARK PHARMS LTD,CREAM,TOPICAL,Prescription
PIMOZIDE,PIMOZIDE,ANDA219897,NOVITIUM PHARMA,TABLET,ORAL,Prescription
PIMTREA,DESOGESTREL; ETHINYL ESTRADIOL,ANDA091247,NOVAST LABS,TABLET,ORAL-28,Prescription
PINDAC,PINACIDIL,NDA019456,LEO PHARM,"CAPSULE, EXTENDED RELEASE",ORAL,Discontinued
PINDOLOL,PINDOLOL,ANDA073661,COSETTE PHARMS NC,TABLET,ORAL,Discontinued
PIOGLITAZONE,PIOGLITAZONE HYDROCHLORIDE,ANDA076799,ALPHAPHARM,TABLET,ORAL,None (Tentative Approval)
PIOGLITAZONE HYDROCHLORIDE,PIOGLITAZONE HYDROCHLORIDE,ANDA210165,COREPHARMA,TABLET,ORAL,Prescription
PIOGLITAZONE HYDROCHLORIDE AND GLIMEPIRIDE,GLIMEPIRIDE; PIOGLITAZONE HYDROCHLORIDE,ANDA201049,CHARTWELL RX,TABLET,ORAL,Prescription
PIOGLITAZONE HYDROCHLORIDE AND METFORMIN HYDROCHLORIDE,METFORMIN HYDROCHLORIDE; PIOGLITAZONE HYDROCHLORIDE,ANDA204802,MACLEODS PHARMS,TABLET,ORAL,Prescription
PIPERACILLIN,PIPERACILLIN SODIUM,ANDA065114,ISTITUTO BIO ITA SPA,INJECTABLE,INJECTION,Prescription
PIPERACILLIN AND TAZOBACTAM,PIPERACILLIN SODIUM; TAZOBACTAM SODIUM,ANDA207847,MILLA PHARMS,INJECTABLE,INJECTION,Prescription
PIPERACILLIN AND TAZOBACTAM,"PIPERACILLIN,TAZOBACTAM",ANDA217409,EUGIA PHARMA,INJECTION,"POWDER,FOR SOLUTION",Prescription
PIPERACILLIN AND TAZOBACTAM AND SODIUM CHLORIDE IN DUPLEX CONTAINER,PIPERACILLIN SODIUM; TAZOBACTAM SODIUM,NDA206056,B BRAUN MEDICAL,POWDER,INTRAVENOUS,Prescription
PIPERAZINE CITRATE,PIPERAZINE CITRATE,ANDA080774,ALPHARMA US PHARMS,SYRUP,ORAL,Discontinued
PIPRACIL,PIPERACILLIN SODIUM,ANDA062750,WYETH PHARMS INC,INJECTABLE,INJECTION,Discontinued
PIQRAY,ALPELISIB,NDA212526,NOVARTIS,TABLET,ORAL,Prescription
PIRFENIDONE,PIRFENIDONE,ANDA212569,AMNEAL,CAPSULE,ORAL,Prescription
PIRMELLA 1/35,ETHINYL ESTRADIOL; NORETHINDRONE,ANDA201512,LUPIN LTD,TABLET,ORAL-28,Discontinued
PIRMELLA 7/7/7,ETHINYL ESTRADIOL; NORETHINDRONE,ANDA201510,LUPIN LTD,TABLET,ORAL-28,Discontinued
PIROXICAM,PIROXICAM,ANDA073651,CYCLE,CAPSULE,ORAL,Discontinued
PITAVASTATIN CALCIUM,PITAVASTATIN CALCIUM,ANDA206029,LUPIN,TABLET,ORAL,Prescription
PITOCIN,OXYTOCIN,NDA018261,PH HEALTH,INJECTABLE,INJECTION,Prescription
PITOLISANT,PITOLISANT,ANDA218832,ANNORA PHARMA PRIVATE LIMITED,TABLET,,None (Tentative Approval)
PITOLISANT HYDROCHLORIDE,PITOLISANT HYDROCHLORIDE,ANDA218873,MSN,TABLET,ORAL,Prescription
PITRESSIN TANNATE,VASOPRESSIN TANNATE,NDA003402,PARKE DAVIS,INJECTABLE,INJECTION,Discontinued
PIVYA,PIVMECILLINAM HYDROCHLORIDE,NDA216483,ALEMBIC THERAP,TABLET,ORAL,Prescription
PIXXOSCAN,GADOBUTROL,ANDA215957,GE HLTHCARE,SOLUTION,INTRAVENOUS,Prescription
PIZENSY,LACTITOL,NDA211281,BRAINTREE LABS,SOLUTION,ORAL,Prescription
PLACIDYL,ETHCHLORVYNOL,NDA010021,ABBVIE,CAPSULE,ORAL,Discontinued
PLAN B,LEVONORGESTREL,NDA021045,FDN CONSUMER,TABLET,ORAL,Discontinued
PLAN B ONE-STEP,LEVONORGESTREL,NDA021998,FDN CONSUMER,TABLET,ORAL,Over-the-counter
PLAQUENIL,HYDROXYCHLOROQUINE SULFATE,NDA009768,ADVANZ PHARMA,TABLET,ORAL,Prescription
PLASMA-LYTE 148 AND DEXTROSE 5% IN PLASTIC CONTAINER,DEXTROSE; MAGNESIUM CHLORIDE; POTASSIUM CHLORIDE; SODIUM ACETATE; SODIUM CHLORIDE; SODIUM GLUCONATE,NDA017451,BAXTER HLTHCARE,INJECTABLE,INJECTION,Discontinued
PLASMA-LYTE 148 IN WATER IN PLASTIC CONTAINER,MAGNESIUM CHLORIDE; POTASSIUM CHLORIDE; SODIUM ACETATE; SODIUM CHLORIDE; SODIUM GLUCONATE,NDA017378,BAXTER HLTHCARE,INJECTABLE,INJECTION,Prescription
PLASMA-LYTE 56 AND DEXTROSE 5% IN PLASTIC CONTAINER,DEXTROSE; MAGNESIUM ACETATE TETRAHYDRATE; POTASSIUM ACETATE; SODIUM CHLORIDE,NDA017385,BAXTER HLTHCARE,INJECTABLE,INJECTION,Discontinued
PLASMA-LYTE 56 IN PLASTIC CONTAINER,MAGNESIUM ACETATE TETRAHYDRATE; POTASSIUM ACETATE; SODIUM CHLORIDE,NDA019047,BAXTER HLTHCARE,INJECTABLE,INJECTION,Discontinued
PLASMA-LYTE A IN PLASTIC CONTAINER,MAGNESIUM CHLORIDE; POTASSIUM CHLORIDE; SODIUM ACETATE; SODIUM CHLORIDE; SODIUM GLUCONATE,NDA017378,BAXTER HLTHCARE,INJECTABLE,INJECTION,Prescription
PLASMA-LYTE M AND DEXTROSE 5% IN PLASTIC CONTAINER,CALCIUM CHLORIDE; DEXTROSE; MAGNESIUM CHLORIDE; POTASSIUM CHLORIDE; SODIUM ACETATE; SODIUM CHLORIDE; SODIUM LACTATE,NDA017390,BAXTER HLTHCARE,INJECTABLE,INJECTION,Discontinued
PLASMA-LYTE R IN PLASTIC CONTAINER,CALCIUM CHLORIDE; MAGNESIUM CHLORIDE; POTASSIUM CHLORIDE; SODIUM ACETATE; SODIUM CHLORIDE; SODIUM LACTATE,NDA017438,BAXTER HLTHCARE,INJECTABLE,INJECTION,Discontinued
PLATINOL,CISPLATIN,NDA018057,HQ SPCLT PHARMA,INJECTABLE,INJECTION,Discontinued
PLATINOL-AQ,CISPLATIN,NDA018057,HQ SPCLT PHARMA,INJECTABLE,INJECTION,Discontinued
PLAVIX,CLOPIDOGREL BISULFATE,NDA020839,SANOFI AVENTIS US,TABLET,ORAL,Prescription
PLEGINE,PHENDIMETRAZINE TARTRATE,NDA012248,WYETH AYERST,TABLET,ORAL,Discontinued
PLEGISOL IN PLASTIC CONTAINER,CALCIUM CHLORIDE; MAGNESIUM CHLORIDE; POTASSIUM CHLORIDE; SODIUM CHLORIDE,NDA018608,HOSPIRA,SOLUTION,"PERFUSION, CARDIAC",Prescription
PLEGRIDY,PEGINTERFERON BETA-1A,BLA125499,BIOGEN IDEC INC,INJECTABLE,INJECTION,Prescription
PLENAXIS,ABARELIX,NDA021320,SPECIALITY EUROPEAN,POWDER,INTRAMUSCULAR,Discontinued
PLENDIL,FELODIPINE,NDA019834,ASTRAZENECA,"TABLET, EXTENDED RELEASE",ORAL,Discontinued
PLENVU,ASCORBIC ACID; POLYETHYLENE GLYCOL 3350; POTASSIUM CHLORIDE; SODIUM ASCORBATE; SODIUM CHLORIDE; SODIUM SULFATE,NDA209381,NORGINE,FOR SOLUTION,ORAL,Prescription
PLERIXAFOR,PLERIXAFOR,ANDA205182,DR REDDYS,SOLUTION,SUBCUTANEOUS,Prescription
PLETAL,CILOSTAZOL,NDA020863,OTSUKA,TABLET,ORAL,Discontinued
PLIAGLIS,LIDOCAINE; TETRACAINE,NDA021717,CRESCITA THERAP,CREAM,TOPICAL,Prescription
PLUVICTO,LUTETIUM LU-177 VIPIVOTIDE TETRAXETAN,NDA215833,NOVARTIS,SOLUTION,INTRAVENOUS,Prescription
PMB 200,"ESTROGENS, CONJUGATED; MEPROBAMATE",NDA010971,WYETH AYERST,TABLET,ORAL,Discontinued
PMB 400,"ESTROGENS, CONJUGATED; MEPROBAMATE",NDA010971,WYETH AYERST,TABLET,ORAL,Discontinued
PODOFILOX,PODOFILOX,ANDA090184,BAUSCH AND LOMB INC,SOLUTION,TOPICAL,Discontinued
POHERDY,PERTUZUMAB-DPZB,BLA761450,SHANGHAI HENLIUS BIOTECH,INJECTABLE,INTRAVENOUS,Prescription
POKONZA,POTASSIUM CHLORIDE,NDA208019,GENUS,FOR SOLUTION,ORAL,Prescription
POLARAMINE,DEXCHLORPHENIRAMINE MALEATE,ANDA086835,SCHERING,TABLET,ORAL,Discontinued
POLIVY,POLATUZUMAB VEDOTIN-PIIQ,BLA761121,GENENTECH,POWDER,INTRAVENOUS,Prescription
POLMON,DEXCHLORPHENIRAMINE MALEATE,ANDA202520,PHARMOBEDIENT,SYRUP,ORAL,Prescription
POLOCAINE,MEPIVACAINE HYDROCHLORIDE,ANDA088653,DENTSPLY PHARM,INJECTABLE,INJECTION,Discontinued
POLOCAINE W/ LEVONORDEFRIN,LEVONORDEFRIN; MEPIVACAINE HYDROCHLORIDE,ANDA089517,DENTSPLY PHARM,INJECTABLE,INJECTION,Discontinued
POLOCAINE-MPF,MEPIVACAINE HYDROCHLORIDE,ANDA089409,FRESENIUS KABI USA,INJECTABLE,INJECTION,Prescription
POLY-PRED,NEOMYCIN SULFATE; POLYMYXIN B SULFATE; PREDNISOLONE ACETATE,NDA050081,ALLERGAN,SUSPENSION/DROPS,OPHTHALMIC,Discontinued
POLY-RX,POLYMYXIN B SULFATE,ANDA061578,X GEN PHARMS,POWDER,FOR RX COMPOUNDING,Discontinued
POLYCILLIN,AMPICILLIN/AMPICILLIN TRIHYDRATE,NDA050310,BRISTOL,CAPSULE,ORAL,Discontinued
POLYCILLIN-N,AMPICILLIN SODIUM,NDA050309,BRISTOL,INJECTABLE,INJECTION,Discontinued
POLYCILLIN-PRB,AMPICILLIN/AMPICILLIN TRIHYDRATE; PROBENECID,ANDA061898,APOTHECON,FOR SUSPENSION,ORAL,Discontinued
POLYETHYLENE GLYCOL 3350,POLYETHYLENE GLYCOL 3350,ANDA091077,NOVEL LABS INC,FOR SOLUTION,ORAL,Over-the-counter
POLYETHYLENE GLYCOL 3350 AND ELECTROLYTES,POLYETHYLENE GLYCOL 3350; POTASSIUM CHLORIDE; SODIUM BICARBONATE; SODIUM CHLORIDE; SODIUM SULFATE ANHYDROUS,ANDA204558,STRIDES PHARMA,FOR SOLUTION,ORAL,Prescription
POLYETHYLENE GLYCOL 3350; SODIUM CHLORIDE; SODIUM BICARBONATE; POTASSIUM CHLORIDE; BISACODYL,BISACODYL; POLYETHYLENE GLYCOL 3350; POTASSIUM CHLORIDE; SODIUM BICARBONATE; SODIUM CHLORIDE,ANDA090197,NOVEL LABS INC,SOLUTION; ORAL AND TABLET; DELAYED RELEASE,,None (Tentative Approval)
POLYMOX,AMOXICILLIN,ANDA061851,APOTHECON,FOR SUSPENSION,ORAL,Discontinued
POLYMYXIN B SULFATE,POLYMYXIN B SULFATE,ANDA065372,FRESENIUS KABI USA,INJECTABLE,INJECTION,Prescription
POLYSPORIN,BACITRACIN ZINC; POLYMYXIN B SULFATE,ANDA061229,MONARCH PHARMS,OINTMENT,OPHTHALMIC,Discontinued
POLYTRIM,POLYMYXIN B SULFATE; TRIMETHOPRIM SULFATE,NDA050567,ALLERGAN,SOLUTION/DROPS,OPHTHALMIC,Discontinued
POMALIDOMIDE,POMALIDOMIDE,ANDA210164,APOTEX,CAPSULE,ORAL,Prescription
POMALYST,POMALIDOMIDE,NDA204026,BRISTOL,CAPSULE,ORAL,Prescription
POMBILITI,CIPAGLUCOSIDASE ALFA-ATGA,BLA761204,AMICUS THERAP US,INJECTABLE,INJECTION,Prescription
PONATINIB HYDROCHLORIDE,PONATINIB HYDROCHLORIDE,ANDA215893,APOTEX,TABLET,ORAL,Discontinued
PONLIMSI,DENOSUMAB-ADET,BLA761385,"TEVA PHARMACEUTICALS, INC.",INJECTABLE,SUBCUTANEOUS,Prescription
PONSTEL,MEFENAMIC ACID,NDA015034,AVION PHARMS,CAPSULE,ORAL,Prescription
PONVORY,PONESIMOD,NDA213498,VANDA PHARMS INC,TABLET,ORAL,Prescription
PORCINE SECRETIN,PORCINE SECRETIN,NDA021209,CHIRHOCLIN,INJECTABLE,SUBCUTANEOUS LYOPHILIZED POWER,Prescription
PORTALAC,LACTULOSE,ANDA072374,SOLVAY,SOLUTION,"ORAL, RECTAL",Discontinued
PORTIA-21,ETHINYL ESTRADIOL; LEVONORGESTREL,ANDA075866,BARR,TABLET,ORAL-21,Discontinued
PORTIA-28,ETHINYL ESTRADIOL; LEVONORGESTREL,ANDA075866,BARR,TABLET,ORAL-28,Prescription
PORTRAZZA,NECITUMUMAB,BLA125547,ELI LILLY CO,INJECTABLE,"INTRA-ARTICULAR, INTRAMUSCULAR, INTRAVITREAL",Prescription
POSACONAZOLE,POSACONAZOLE,ANDA219057,ASPIRO,SOLUTION,INTRAVENOUS,Prescription
POSFREA,PALONOSETRON HYDROCHLORIDE,NDA203050,AVYXA HOLDINGS,SOLUTION,INTRAVENOUS,Discontinued
POSIMIR,BUPIVACAINE,NDA204803,INNOCOLL,SOLUTION,INFILTRATION,Discontinued
POSLUMA,FLOTUFOLASTAT F-18 GALLIUM,NDA216023,BLUE EARTH,SOLUTION,INTRAVENOUS,Prescription
POTASSIUM ACETATE,POTASSIUM ACETATE,NDA018896,HOSPIRA,INJECTABLE,INJECTION,Prescription
POTASSIUM AMINOSALICYLATE,POTASSIUM AMINOSALICYLATE,ANDA080098,HEXCEL,POWDER,ORAL,Discontinued
POTASSIUM CHLORIDE,POTASSIUM CHLORIDE,ANDA080195,MILES,INJECTABLE,INJECTION,Discontinued
POTASSIUM CHLORIDE 0.037% IN DEXTROSE 10% AND SODIUM CHLORIDE 0.2% IN PLASTIC CONTAINER,DEXTROSE; POTASSIUM CHLORIDE; SODIUM CHLORIDE,NDA019630,B BRAUN,INJECTABLE,INJECTION,Prescription
POTASSIUM CHLORIDE 0.037% IN DEXTROSE 10% AND SODIUM CHLORIDE 0.45% IN PLASTIC CONTAINER,DEXTROSE; POTASSIUM CHLORIDE; SODIUM CHLORIDE,NDA019630,B BRAUN,INJECTABLE,INJECTION,Prescription
POTASSIUM CHLORIDE 0.037% IN DEXTROSE 10% AND SODIUM CHLORIDE 0.9% IN PLASTIC CONTAINER,DEXTROSE; POTASSIUM CHLORIDE; SODIUM CHLORIDE,NDA019630,B BRAUN,INJECTABLE,INJECTION,Prescription
POTASSIUM CHLORIDE 0.037% IN DEXTROSE 5% AND SODIUM CHLORIDE 0.11% IN PLASTIC CONTAINER,DEXTROSE; POTASSIUM CHLORIDE; SODIUM CHLORIDE,NDA019630,B BRAUN,INJECTABLE,INJECTION,Prescription
POTASSIUM CHLORIDE 0.037% IN DEXTROSE 5% AND SODIUM CHLORIDE 0.2% IN PLASTIC CONTAINER,DEXTROSE; POTASSIUM CHLORIDE; SODIUM CHLORIDE,NDA019630,B BRAUN,INJECTABLE,INJECTION,Prescription
POTASSIUM CHLORIDE 0.037% IN DEXTROSE 5% AND SODIUM CHLORIDE 0.33% IN PLASTIC CONTAINER,DEXTROSE; POTASSIUM CHLORIDE; SODIUM CHLORIDE,NDA019630,B BRAUN,INJECTABLE,INJECTION,Prescription
POTASSIUM CHLORIDE 0.037% IN DEXTROSE 5% AND SODIUM CHLORIDE 0.45% IN PLASTIC CONTAINER,DEXTROSE; POTASSIUM CHLORIDE; SODIUM CHLORIDE,NDA019630,B BRAUN,INJECTABLE,INJECTION,Prescription
POTASSIUM CHLORIDE 0.037% IN DEXTROSE 5% AND SODIUM CHLORIDE 0.9% IN PLASTIC CONTAINER,DEXTROSE; POTASSIUM CHLORIDE; SODIUM CHLORIDE,NDA019630,B BRAUN,INJECTABLE,INJECTION,Prescription
POTASSIUM CHLORIDE 0.037% IN DEXTROSE 5% IN PLASTIC CONTAINER,DEXTROSE; POTASSIUM CHLORIDE,NDA019699,B BRAUN,INJECTABLE,INJECTION,Discontinued
POTASSIUM CHLORIDE 0.037% IN SODIUM CHLORIDE 0.9% IN PLASTIC CONTAINER,POTASSIUM CHLORIDE; SODIUM CHLORIDE,NDA019708,B BRAUN,INJECTABLE,INJECTION,Discontinued
POTASSIUM CHLORIDE 0.075% IN DEXTROSE 10% AND SODIUM CHLORIDE 0.2% IN PLASTIC CONTAINER,DEXTROSE; POTASSIUM CHLORIDE; SODIUM CHLORIDE,NDA019630,B BRAUN,INJECTABLE,INJECTION,Prescription
POTASSIUM CHLORIDE 0.075% IN DEXTROSE 10% AND SODIUM CHLORIDE 0.45% IN PLASTIC CONTAINER,DEXTROSE; POTASSIUM CHLORIDE; SODIUM CHLORIDE,NDA019630,B BRAUN,INJECTABLE,INJECTION,Prescription
POTASSIUM CHLORIDE 0.075% IN DEXTROSE 10% AND SODIUM CHLORIDE 0.9% IN PLASTIC CONTAINER,DEXTROSE; POTASSIUM CHLORIDE; SODIUM CHLORIDE,NDA019630,B BRAUN,INJECTABLE,INJECTION,Prescription
POTASSIUM CHLORIDE 0.075% IN DEXTROSE 3.3% AND SODIUM CHLORIDE 0.3% IN PLASTIC CONTAINER,DEXTROSE; POTASSIUM CHLORIDE; SODIUM CHLORIDE,NDA019630,B BRAUN,INJECTABLE,INJECTION,Prescription
POTASSIUM CHLORIDE 0.075% IN DEXTROSE 5% AND SODIUM CHLORIDE 0.11% IN PLASTIC CONTAINER,DEXTROSE; POTASSIUM CHLORIDE; SODIUM CHLORIDE,NDA019630,B BRAUN,INJECTABLE,INJECTION,Prescription
POTASSIUM CHLORIDE 0.075% IN DEXTROSE 5% AND SODIUM CHLORIDE 0.2% IN PLASTIC CONTAINER,DEXTROSE; POTASSIUM CHLORIDE; SODIUM CHLORIDE,NDA019630,B BRAUN,INJECTABLE,INJECTION,Prescription
POTASSIUM CHLORIDE 0.075% IN DEXTROSE 5% AND SODIUM CHLORIDE 0.33% IN PLASTIC CONTAINER,DEXTROSE; POTASSIUM CHLORIDE; SODIUM CHLORIDE,NDA019630,B BRAUN,INJECTABLE,INJECTION,Prescription
POTASSIUM CHLORIDE 0.075% IN DEXTROSE 5% AND SODIUM CHLORIDE 0.45% IN PLASTIC CONTAINER,DEXTROSE; POTASSIUM CHLORIDE; SODIUM CHLORIDE,NDA019630,B BRAUN,INJECTABLE,INJECTION,Prescription
POTASSIUM CHLORIDE 0.075% IN DEXTROSE 5% AND SODIUM CHLORIDE 0.9% IN PLASTIC CONTAINER,DEXTROSE; POTASSIUM CHLORIDE; SODIUM CHLORIDE,NDA019630,B BRAUN,INJECTABLE,INJECTION,Prescription
POTASSIUM CHLORIDE 0.075% IN DEXTROSE 5% IN PLASTIC CONTAINER,DEXTROSE; POTASSIUM CHLORIDE,NDA019699,B BRAUN,INJECTABLE,INJECTION,Discontinued
POTASSIUM CHLORIDE 0.075% IN SODIUM CHLORIDE 0.9% IN PLASTIC CONTAINER,POTASSIUM CHLORIDE; SODIUM CHLORIDE,NDA019708,B BRAUN,INJECTABLE,INJECTION,Discontinued
POTASSIUM CHLORIDE 0.11% IN DEXTROSE 10% AND SODIUM CHLORIDE 0.2% IN PLASTIC CONTAINER,DEXTROSE; POTASSIUM CHLORIDE; SODIUM CHLORIDE,NDA019630,B BRAUN,INJECTABLE,INJECTION,Prescription
POTASSIUM CHLORIDE 0.11% IN DEXTROSE 10% AND SODIUM CHLORIDE 0.45% IN PLASTIC CONTAINER,DEXTROSE; POTASSIUM CHLORIDE; SODIUM CHLORIDE,NDA019630,B BRAUN,INJECTABLE,INJECTION,Prescription
POTASSIUM CHLORIDE 0.11% IN DEXTROSE 10% AND SODIUM CHLORIDE 0.9% IN PLASTIC CONTAINER,DEXTROSE; POTASSIUM CHLORIDE; SODIUM CHLORIDE,NDA019630,B BRAUN,INJECTABLE,INJECTION,Prescription
POTASSIUM CHLORIDE 0.11% IN DEXTROSE 3.3% AND SODIUM CHLORIDE 0.3% IN PLASTIC CONTAINER,DEXTROSE; POTASSIUM CHLORIDE; SODIUM CHLORIDE,NDA019630,B BRAUN,INJECTABLE,INJECTION,Prescription
POTASSIUM CHLORIDE 0.11% IN DEXTROSE 5% AND SODIUM CHLORIDE 0.11% IN PLASTIC CONTAINER,DEXTROSE; POTASSIUM CHLORIDE; SODIUM CHLORIDE,NDA019630,B BRAUN,INJECTABLE,INJECTION,Prescription
POTASSIUM CHLORIDE 0.11% IN DEXTROSE 5% AND SODIUM CHLORIDE 0.2% IN PLASTIC CONTAINER,DEXTROSE; POTASSIUM CHLORIDE; SODIUM CHLORIDE,NDA019630,B BRAUN,INJECTABLE,INJECTION,Prescription
POTASSIUM CHLORIDE 0.11% IN DEXTROSE 5% AND SODIUM CHLORIDE 0.33% IN PLASTIC CONTAINER,DEXTROSE; POTASSIUM CHLORIDE; SODIUM CHLORIDE,NDA019630,B BRAUN,INJECTABLE,INJECTION,Prescription
POTASSIUM CHLORIDE 0.11% IN DEXTROSE 5% AND SODIUM CHLORIDE 0.45% IN PLASTIC CONTAINER,DEXTROSE; POTASSIUM CHLORIDE; SODIUM CHLORIDE,NDA019630,B BRAUN,INJECTABLE,INJECTION,Prescription
POTASSIUM CHLORIDE 0.11% IN DEXTROSE 5% AND SODIUM CHLORIDE 0.9% IN PLASTIC CONTAINER,DEXTROSE; POTASSIUM CHLORIDE; SODIUM CHLORIDE,NDA019630,B BRAUN,INJECTABLE,INJECTION,Prescription
POTASSIUM CHLORIDE 0.11% IN DEXTROSE 5% IN PLASTIC CONTAINER,DEXTROSE; POTASSIUM CHLORIDE,NDA019699,B BRAUN,INJECTABLE,INJECTION,Discontinued
POTASSIUM CHLORIDE 0.11% IN SODIUM CHLORIDE 0.9% IN PLASTIC CONTAINER,POTASSIUM CHLORIDE; SODIUM CHLORIDE,NDA019708,B BRAUN,INJECTABLE,INJECTION,Discontinued
POTASSIUM CHLORIDE 0.149% IN SODIUM CHLORIDE 0.45% IN PLASTIC CONTAINER,POTASSIUM CHLORIDE; SODIUM CHLORIDE,ANDA078446,OTSUKA ICU MEDCL,INJECTABLE,INJECTION,Prescription
POTASSIUM CHLORIDE 0.15% IN DEXTROSE 10% AND SODIUM CHLORIDE 0.2% IN PLASTIC CONTAINER,DEXTROSE; POTASSIUM CHLORIDE; SODIUM CHLORIDE,NDA019630,B BRAUN,INJECTABLE,INJECTION,Prescription
POTASSIUM CHLORIDE 0.15% IN DEXTROSE 10% AND SODIUM CHLORIDE 0.45% IN PLASTIC CONTAINER,DEXTROSE; POTASSIUM CHLORIDE; SODIUM CHLORIDE,NDA019630,B BRAUN,INJECTABLE,INJECTION,Prescription
POTASSIUM CHLORIDE 0.15% IN DEXTROSE 10% AND SODIUM CHLORIDE 0.9% IN PLASTIC CONTAINER,DEXTROSE; POTASSIUM CHLORIDE; SODIUM CHLORIDE,NDA019630,B BRAUN,INJECTABLE,INJECTION,Prescription
POTASSIUM CHLORIDE 0.15% IN DEXTROSE 3.3% AND SODIUM CHLORIDE 0.3% IN PLASTIC CONTAINER,DEXTROSE; POTASSIUM CHLORIDE; SODIUM CHLORIDE,NDA019630,B BRAUN,INJECTABLE,INJECTION,Prescription
POTASSIUM CHLORIDE 0.15% IN DEXTROSE 5% AND SODIUM CHLORIDE 0.11% IN PLASTIC CONTAINER,DEXTROSE; POTASSIUM CHLORIDE; SODIUM CHLORIDE,NDA019630,B BRAUN,INJECTABLE,INJECTION,Prescription
POTASSIUM CHLORIDE 0.15% IN DEXTROSE 5% AND SODIUM CHLORIDE 0.2% IN PLASTIC CONTAINER,DEXTROSE; POTASSIUM CHLORIDE; SODIUM CHLORIDE,NDA019630,B BRAUN,INJECTABLE,INJECTION,Prescription
POTASSIUM CHLORIDE 0.15% IN DEXTROSE 5% AND SODIUM CHLORIDE 0.33% IN PLASTIC CONTAINER,DEXTROSE; POTASSIUM CHLORIDE; SODIUM CHLORIDE,NDA019630,B BRAUN,INJECTABLE,INJECTION,Prescription
POTASSIUM CHLORIDE 0.15% IN DEXTROSE 5% AND SODIUM CHLORIDE 0.45% IN PLASTIC CONTAINER,DEXTROSE; POTASSIUM CHLORIDE; SODIUM CHLORIDE,NDA019630,B BRAUN,INJECTABLE,INJECTION,Prescription
POTASSIUM CHLORIDE 0.15% IN DEXTROSE 5% AND SODIUM CHLORIDE 0.9% IN PLASTIC CONTAINER,DEXTROSE; POTASSIUM CHLORIDE; SODIUM CHLORIDE,NDA019630,B BRAUN,INJECTABLE,INJECTION,Prescription
POTASSIUM CHLORIDE 0.15% IN DEXTROSE 5% IN PLASTIC CONTAINER,DEXTROSE; POTASSIUM CHLORIDE,NDA019699,B BRAUN,INJECTABLE,INJECTION,Prescription
POTASSIUM CHLORIDE 0.15% IN SODIUM CHLORIDE 0.45%,POTASSIUM CHLORIDE; SODIUM CHLORIDE,NDA017648,BAXTER HLTHCARE,INJECTABLE,INJECTION,Prescription
POTASSIUM CHLORIDE 0.15% IN SODIUM CHLORIDE 0.9%,POTASSIUM CHLORIDE; SODIUM CHLORIDE,NDA017648,BAXTER HLTHCARE,INJECTABLE,INJECTION,Prescription
POTASSIUM CHLORIDE 0.15% IN SODIUM CHLORIDE 0.9% IN PLASTIC CONTAINER,POTASSIUM CHLORIDE; SODIUM CHLORIDE,NDA019708,B BRAUN,INJECTABLE,INJECTION,Prescription
POTASSIUM CHLORIDE 0.22% IN DEXTROSE 10% AND SODIUM CHLORIDE 0.2% IN PLASTIC CONTAINER,DEXTROSE; POTASSIUM CHLORIDE; SODIUM CHLORIDE,NDA019630,B BRAUN,INJECTABLE,INJECTION,Prescription
POTASSIUM CHLORIDE 0.22% IN DEXTROSE 10% AND SODIUM CHLORIDE 0.45% IN PLASTIC CONTAINER,DEXTROSE; POTASSIUM CHLORIDE; SODIUM CHLORIDE,NDA019630,B BRAUN,INJECTABLE,INJECTION,Prescription
POTASSIUM CHLORIDE 0.22% IN DEXTROSE 10% AND SODIUM CHLORIDE 0.9% IN PLASTIC CONTAINER,DEXTROSE; POTASSIUM CHLORIDE; SODIUM CHLORIDE,NDA019630,B BRAUN,INJECTABLE,INJECTION,Prescription
POTASSIUM CHLORIDE 0.22% IN DEXTROSE 3.3% AND SODIUM CHLORIDE 0.3% IN PLASTIC CONTAINER,DEXTROSE; POTASSIUM CHLORIDE; SODIUM CHLORIDE,NDA019630,B BRAUN,INJECTABLE,INJECTION,Prescription
POTASSIUM CHLORIDE 0.22% IN DEXTROSE 5% AND SODIUM CHLORIDE 0.11% IN PLASTIC CONTAINER,DEXTROSE; POTASSIUM CHLORIDE; SODIUM CHLORIDE,NDA019630,B BRAUN,INJECTABLE,INJECTION,Prescription
POTASSIUM CHLORIDE 0.22% IN DEXTROSE 5% AND SODIUM CHLORIDE 0.2% IN PLASTIC CONTAINER,DEXTROSE; POTASSIUM CHLORIDE; SODIUM CHLORIDE,NDA019630,B BRAUN,INJECTABLE,INJECTION,Prescription
POTASSIUM CHLORIDE 0.22% IN DEXTROSE 5% AND SODIUM CHLORIDE 0.33% IN PLASTIC CONTAINER,DEXTROSE; POTASSIUM CHLORIDE; SODIUM CHLORIDE,NDA019630,B BRAUN,INJECTABLE,INJECTION,Prescription
POTASSIUM CHLORIDE 0.22% IN DEXTROSE 5% AND SODIUM CHLORIDE 0.45% IN PLASTIC CONTAINER,DEXTROSE; POTASSIUM CHLORIDE; SODIUM CHLORIDE,NDA019630,B BRAUN,INJECTABLE,INJECTION,Prescription
POTASSIUM CHLORIDE 0.22% IN DEXTROSE 5% AND SODIUM CHLORIDE 0.9% IN PLASTIC CONTAINER,DEXTROSE; POTASSIUM CHLORIDE; SODIUM CHLORIDE,NDA019630,B BRAUN,INJECTABLE,INJECTION,Prescription
POTASSIUM CHLORIDE 0.22% IN DEXTROSE 5% IN PLASTIC CONTAINER,DEXTROSE; POTASSIUM CHLORIDE,NDA019699,B BRAUN,INJECTABLE,INJECTION,Discontinued
POTASSIUM CHLORIDE 0.22% IN SODIUM CHLORIDE 0.9% IN PLASTIC CONTAINER,POTASSIUM CHLORIDE; SODIUM CHLORIDE,NDA019708,B BRAUN,INJECTABLE,INJECTION,Discontinued
POTASSIUM CHLORIDE 0.224% IN SODIUM CHLORIDE 0.9%,POTASSIUM CHLORIDE; SODIUM CHLORIDE,NDA017648,BAXTER HLTHCARE,INJECTABLE,INJECTION,Discontinued
POTASSIUM CHLORIDE 0.3% AND SODIUM CHLORIDE 0.9%,POTASSIUM CHLORIDE; SODIUM CHLORIDE,NDA017648,BAXTER HLTHCARE,INJECTABLE,INJECTION,Prescription
POTASSIUM CHLORIDE 0.3% IN DEXTROSE 10% AND SODIUM CHLORIDE 0.2% IN PLASTIC CONTAINER,DEXTROSE; POTASSIUM CHLORIDE; SODIUM CHLORIDE,NDA019630,B BRAUN,INJECTABLE,INJECTION,Prescription
POTASSIUM CHLORIDE 0.3% IN DEXTROSE 10% AND SODIUM CHLORIDE 0.45% IN PLASTIC CONTAINER,DEXTROSE; POTASSIUM CHLORIDE; SODIUM CHLORIDE,NDA019630,B BRAUN,INJECTABLE,INJECTION,Prescription
POTASSIUM CHLORIDE 0.3% IN DEXTROSE 10% AND SODIUM CHLORIDE 0.9% IN PLASTIC CONTAINER,DEXTROSE; POTASSIUM CHLORIDE; SODIUM CHLORIDE,NDA019630,B BRAUN,INJECTABLE,INJECTION,Prescription
POTASSIUM CHLORIDE 0.3% IN DEXTROSE 3.3% AND SODIUM CHLORIDE 0.3% IN PLASTIC CONTAINER,DEXTROSE; POTASSIUM CHLORIDE; SODIUM CHLORIDE,NDA019630,B BRAUN,INJECTABLE,INJECTION,Prescription
POTASSIUM CHLORIDE 0.3% IN DEXTROSE 5% AND SODIUM CHLORIDE 0.11% IN PLASTIC CONTAINER,DEXTROSE; POTASSIUM CHLORIDE; SODIUM CHLORIDE,NDA019630,B BRAUN,INJECTABLE,INJECTION,Prescription
POTASSIUM CHLORIDE 0.3% IN DEXTROSE 5% AND SODIUM CHLORIDE 0.2% IN PLASTIC CONTAINER,DEXTROSE; POTASSIUM CHLORIDE; SODIUM CHLORIDE,NDA019630,B BRAUN,INJECTABLE,INJECTION,Prescription
POTASSIUM CHLORIDE 0.3% IN DEXTROSE 5% AND SODIUM CHLORIDE 0.33% IN PLASTIC CONTAINER,DEXTROSE; POTASSIUM CHLORIDE; SODIUM CHLORIDE,NDA019630,B BRAUN,INJECTABLE,INJECTION,Prescription
POTASSIUM CHLORIDE 0.3% IN DEXTROSE 5% AND SODIUM CHLORIDE 0.45% IN PLASTIC CONTAINER,DEXTROSE; POTASSIUM CHLORIDE; SODIUM CHLORIDE,NDA019630,B BRAUN,INJECTABLE,INJECTION,Prescription
POTASSIUM CHLORIDE 0.3% IN DEXTROSE 5% AND SODIUM CHLORIDE 0.9% IN PLASTIC CONTAINER,DEXTROSE; POTASSIUM CHLORIDE; SODIUM CHLORIDE,NDA019630,B BRAUN,INJECTABLE,INJECTION,Prescription
POTASSIUM CHLORIDE 0.3% IN DEXTROSE 5% IN PLASTIC CONTAINER,DEXTROSE; POTASSIUM CHLORIDE,NDA019699,B BRAUN,INJECTABLE,INJECTION,Prescription
POTASSIUM CHLORIDE 0.3% IN SODIUM CHLORIDE 0.9% IN PLASTIC CONTAINER,POTASSIUM CHLORIDE; SODIUM CHLORIDE,NDA019708,B BRAUN,INJECTABLE,INJECTION,Discontinued
POTASSIUM CHLORIDE 10MEQ,POTASSIUM CHLORIDE,ANDA211087,FRESENIUS KABI USA,INJECTABLE,INJECTION,Prescription
POTASSIUM CHLORIDE 10MEQ IN DEXTROSE 5% AND LACTATED RINGER'S IN PLASTIC CONTAINER,CALCIUM CHLORIDE; DEXTROSE; POTASSIUM CHLORIDE; SODIUM CHLORIDE; SODIUM LACTATE,NDA019685,OTSUKA ICU MEDCL,INJECTABLE,INJECTION,Discontinued
POTASSIUM CHLORIDE 10MEQ IN DEXTROSE 5% AND SODIUM CHLORIDE 0.225% IN PLASTIC CONTAINER,DEXTROSE; POTASSIUM CHLORIDE; SODIUM CHLORIDE,ANDA212348,FRESENIUS KABI USA,INJECTABLE,INJECTION,Prescription
POTASSIUM CHLORIDE 10MEQ IN DEXTROSE 5% AND SODIUM CHLORIDE 0.3% IN PLASTIC CONTAINER,DEXTROSE; POTASSIUM CHLORIDE; SODIUM CHLORIDE,NDA018876,ICU MEDICAL INC,INJECTABLE,INJECTION,Discontinued
POTASSIUM CHLORIDE 10MEQ IN DEXTROSE 5% AND SODIUM CHLORIDE 0.45%,DEXTROSE; POTASSIUM CHLORIDE; SODIUM CHLORIDE,ANDA213523,FRESENIUS KABI USA,INJECTABLE,INJECTION,Prescription
POTASSIUM CHLORIDE 10MEQ IN DEXTROSE 5% AND SODIUM CHLORIDE 0.45% IN PLASTIC CONTAINER,DEXTROSE; POTASSIUM CHLORIDE; SODIUM CHLORIDE,NDA018362,OTSUKA ICU MEDCL,INJECTABLE,INJECTION,Prescription
POTASSIUM CHLORIDE 10MEQ IN DEXTROSE 5% AND SODIUM CHLORIDE 0.9% IN PLASTIC CONTAINER,DEXTROSE; POTASSIUM CHLORIDE; SODIUM CHLORIDE,NDA019691,OTSUKA ICU MEDCL,INJECTABLE,INJECTION,Discontinued
POTASSIUM CHLORIDE 10MEQ IN PLASTIC CONTAINER,POTASSIUM CHLORIDE,NDA019904,BAXTER HLTHCARE,INJECTABLE,INJECTION,Prescription
POTASSIUM CHLORIDE 15MEQ IN DEXTROSE 5% AND LACTATED RINGER'S IN PLASTIC CONTAINER,CALCIUM CHLORIDE; DEXTROSE; POTASSIUM CHLORIDE; SODIUM CHLORIDE; SODIUM LACTATE,NDA019685,OTSUKA ICU MEDCL,INJECTABLE,INJECTION,Discontinued
POTASSIUM CHLORIDE 15MEQ IN DEXTROSE 5% AND SODIUM CHLORIDE 0.225% IN PLASTIC CONTAINER,DEXTROSE; POTASSIUM CHLORIDE; SODIUM CHLORIDE,NDA018365,OTSUKA ICU MEDCL,INJECTABLE,INJECTION,Discontinued
POTASSIUM CHLORIDE 15MEQ IN DEXTROSE 5% AND SODIUM CHLORIDE 0.3% IN PLASTIC CONTAINER,DEXTROSE; POTASSIUM CHLORIDE; SODIUM CHLORIDE,NDA018876,ICU MEDICAL INC,INJECTABLE,INJECTION,Discontinued
POTASSIUM CHLORIDE 15MEQ IN DEXTROSE 5% AND SODIUM CHLORIDE 0.45% IN PLASTIC CONTAINER,DEXTROSE; POTASSIUM CHLORIDE; SODIUM CHLORIDE,NDA018362,OTSUKA ICU MEDCL,INJECTABLE,INJECTION,Discontinued
POTASSIUM CHLORIDE 15MEQ IN DEXTROSE 5% AND SODIUM CHLORIDE 0.9% IN PLASTIC CONTAINER,DEXTROSE; POTASSIUM CHLORIDE; SODIUM CHLORIDE,NDA019691,OTSUKA ICU MEDCL,INJECTABLE,INJECTION,Discontinued
POTASSIUM CHLORIDE 20MEQ,POTASSIUM CHLORIDE,ANDA211087,FRESENIUS KABI USA,INJECTABLE,INJECTION,Prescription
POTASSIUM CHLORIDE 20MEQ IN DEXTROSE 5% AND LACTATED RINGER'S IN PLASTIC CONTAINER,CALCIUM CHLORIDE; DEXTROSE; POTASSIUM CHLORIDE; SODIUM CHLORIDE; SODIUM LACTATE,ANDA211428,FRESENIUS KABI USA,INJECTABLE,INJECTION,Discontinued
POTASSIUM CHLORIDE 20MEQ IN DEXTROSE 5% AND SODIUM CHLORIDE 0.225% IN PLASTIC CONTAINER,DEXTROSE; POTASSIUM CHLORIDE; SODIUM CHLORIDE,ANDA212348,FRESENIUS KABI USA,INJECTABLE,INJECTION,Prescription
POTASSIUM CHLORIDE 20MEQ IN DEXTROSE 5% AND SODIUM CHLORIDE 0.3% IN PLASTIC CONTAINER,DEXTROSE; POTASSIUM CHLORIDE; SODIUM CHLORIDE,NDA018876,ICU MEDICAL INC,INJECTABLE,INJECTION,Discontinued
POTASSIUM CHLORIDE 20MEQ IN DEXTROSE 5% AND SODIUM CHLORIDE 0.45%,DEXTROSE; POTASSIUM CHLORIDE; SODIUM CHLORIDE,ANDA213523,FRESENIUS KABI USA,INJECTABLE,INJECTION,Prescription
POTASSIUM CHLORIDE 20MEQ IN DEXTROSE 5% AND SODIUM CHLORIDE 0.45% IN PLASTIC CONTAINER,DEXTROSE; POTASSIUM CHLORIDE; SODIUM CHLORIDE,NDA018362,OTSUKA ICU MEDCL,INJECTABLE,INJECTION,Prescription
POTASSIUM CHLORIDE 20MEQ IN DEXTROSE 5% AND SODIUM CHLORIDE 0.9%,DEXTROSE; POTASSIUM CHLORIDE; SODIUM CHLORIDE,ANDA213445,FRESENIUS KABI USA,INJECTABLE,INJECTION,Prescription
POTASSIUM CHLORIDE 20MEQ IN DEXTROSE 5% AND SODIUM CHLORIDE 0.9% IN PLASTIC CONTAINER,DEXTROSE; POTASSIUM CHLORIDE; SODIUM CHLORIDE,NDA019691,OTSUKA ICU MEDCL,INJECTABLE,INJECTION,Discontinued
POTASSIUM CHLORIDE 20MEQ IN DEXTROSE 5% IN PLASTIC CONTAINER,DEXTROSE; POTASSIUM CHLORIDE,NDA018371,OTSUKA ICU MEDCL,INJECTABLE,INJECTION,Prescription
POTASSIUM CHLORIDE 20MEQ IN DEXTROSE 5% IN SODIUM CHLORIDE 0.3% IN PLASTIC CONTAINER,DEXTROSE; POTASSIUM CHLORIDE; SODIUM CHLORIDE,NDA018876,ICU MEDICAL INC,INJECTABLE,INJECTION,Discontinued
POTASSIUM CHLORIDE 20MEQ IN PLASTIC CONTAINER,POTASSIUM CHLORIDE,NDA019904,BAXTER HLTHCARE,INJECTABLE,INJECTION,Prescription
POTASSIUM CHLORIDE 20MEQ IN SODIUM CHLORIDE 0.9% IN PLASTIC CONTAINER,POTASSIUM CHLORIDE; SODIUM CHLORIDE,NDA019686,OTSUKA ICU MEDCL,INJECTABLE,INJECTION,Prescription
POTASSIUM CHLORIDE 30MEQ IN DEXTROSE 5% AND LACTATED RINGER'S IN PLASTIC CONTAINER,CALCIUM CHLORIDE; DEXTROSE; POTASSIUM CHLORIDE; SODIUM CHLORIDE; SODIUM LACTATE,NDA019685,OTSUKA ICU MEDCL,INJECTABLE,INJECTION,Discontinued
POTASSIUM CHLORIDE 30MEQ IN DEXTROSE 5% AND SODIUM CHLORIDE 0.225% IN PLASTIC CONTAINER,DEXTROSE; POTASSIUM CHLORIDE; SODIUM CHLORIDE,NDA018365,OTSUKA ICU MEDCL,INJECTABLE,INJECTION,Discontinued
POTASSIUM CHLORIDE 30MEQ IN DEXTROSE 5% AND SODIUM CHLORIDE 0.3% IN PLASTIC CONTAINER,DEXTROSE; POTASSIUM CHLORIDE; SODIUM CHLORIDE,NDA018876,ICU MEDICAL INC,INJECTABLE,INJECTION,Discontinued
POTASSIUM CHLORIDE 30MEQ IN DEXTROSE 5% AND SODIUM CHLORIDE 0.45%,DEXTROSE; POTASSIUM CHLORIDE; SODIUM CHLORIDE,ANDA213523,FRESENIUS KABI USA,INJECTABLE,INJECTION,Prescription
POTASSIUM CHLORIDE 30MEQ IN DEXTROSE 5% AND SODIUM CHLORIDE 0.45% IN PLASTIC CONTAINER,DEXTROSE; POTASSIUM CHLORIDE; SODIUM CHLORIDE,NDA018362,OTSUKA ICU MEDCL,INJECTABLE,INJECTION,Prescription
POTASSIUM CHLORIDE 30MEQ IN DEXTROSE 5% AND SODIUM CHLORIDE 0.9% IN PLASTIC CONTAINER,DEXTROSE; POTASSIUM CHLORIDE; SODIUM CHLORIDE,NDA019691,OTSUKA ICU MEDCL,INJECTABLE,INJECTION,Discontinued
POTASSIUM CHLORIDE 30MEQ IN DEXTROSE 5% IN PLASTIC CONTAINER,DEXTROSE; POTASSIUM CHLORIDE,NDA018371,OTSUKA ICU MEDCL,INJECTABLE,INJECTION,Discontinued
POTASSIUM CHLORIDE 30MEQ IN PLASTIC CONTAINER,POTASSIUM CHLORIDE,NDA019904,BAXTER HLTHCARE,INJECTABLE,INJECTION,Discontinued
POTASSIUM CHLORIDE 40MEQ,POTASSIUM CHLORIDE,ANDA211087,FRESENIUS KABI USA,INJECTABLE,INJECTION,Prescription
POTASSIUM CHLORIDE 40MEQ IN DEXTROSE 5% AND LACTATED RINGER'S IN PLASTIC CONTAINER,CALCIUM CHLORIDE; DEXTROSE; POTASSIUM CHLORIDE; SODIUM CHLORIDE; SODIUM LACTATE,NDA019685,OTSUKA ICU MEDCL,INJECTABLE,INJECTION,Discontinued
POTASSIUM CHLORIDE 40MEQ IN DEXTROSE 5% AND SODIUM CHLORIDE 0.225% IN PLASTIC CONTAINER,DEXTROSE; POTASSIUM CHLORIDE; SODIUM CHLORIDE,NDA018365,OTSUKA ICU MEDCL,INJECTABLE,INJECTION,Discontinued
POTASSIUM CHLORIDE 40MEQ IN DEXTROSE 5% AND SODIUM CHLORIDE 0.3% IN PLASTIC CONTAINER,DEXTROSE; POTASSIUM CHLORIDE; SODIUM CHLORIDE,NDA018876,ICU MEDICAL INC,INJECTABLE,INJECTION,Discontinued
POTASSIUM CHLORIDE 40MEQ IN DEXTROSE 5% AND SODIUM CHLORIDE 0.45%,DEXTROSE; POTASSIUM CHLORIDE; SODIUM CHLORIDE,ANDA213523,FRESENIUS KABI USA,INJECTABLE,INJECTION,Prescription
POTASSIUM CHLORIDE 40MEQ IN DEXTROSE 5% AND SODIUM CHLORIDE 0.45% IN PLASTIC CONTAINER,DEXTROSE; POTASSIUM CHLORIDE; SODIUM CHLORIDE,NDA018362,OTSUKA ICU MEDCL,INJECTABLE,INJECTION,Prescription
POTASSIUM CHLORIDE 40MEQ IN DEXTROSE 5% AND SODIUM CHLORIDE 0.9%,DEXTROSE; POTASSIUM CHLORIDE; SODIUM CHLORIDE,ANDA213445,FRESENIUS KABI USA,INJECTABLE,INJECTION,Prescription
POTASSIUM CHLORIDE 40MEQ IN DEXTROSE 5% AND SODIUM CHLORIDE 0.9% IN PLASTIC CONTAINER,DEXTROSE; POTASSIUM CHLORIDE; SODIUM CHLORIDE,NDA019691,OTSUKA ICU MEDCL,INJECTABLE,INJECTION,Prescription
POTASSIUM CHLORIDE 40MEQ IN DEXTROSE 5% IN PLASTIC CONTAINER,DEXTROSE; POTASSIUM CHLORIDE,NDA018371,OTSUKA ICU MEDCL,INJECTABLE,INJECTION,Discontinued
POTASSIUM CHLORIDE 40MEQ IN PLASTIC CONTAINER,POTASSIUM CHLORIDE,NDA019904,BAXTER HLTHCARE,INJECTABLE,INJECTION,Prescription
POTASSIUM CHLORIDE 40MEQ IN SODIUM CHLORIDE 0.9% IN PLASTIC CONTAINER,POTASSIUM CHLORIDE; SODIUM CHLORIDE,NDA019686,OTSUKA ICU MEDCL,INJECTABLE,INJECTION,Prescription
POTASSIUM CHLORIDE 5MEQ IN DEXTROSE 5% AND LACTATED RINGER'S IN PLASTIC CONTAINER,CALCIUM CHLORIDE; DEXTROSE; POTASSIUM CHLORIDE; SODIUM CHLORIDE; SODIUM LACTATE,NDA019685,OTSUKA ICU MEDCL,INJECTABLE,INJECTION,Discontinued
POTASSIUM CHLORIDE 5MEQ IN DEXTROSE 5% AND SODIUM CHLORIDE 0.225% IN PLASTIC CONTAINER,DEXTROSE; POTASSIUM CHLORIDE; SODIUM CHLORIDE,NDA018365,OTSUKA ICU MEDCL,INJECTABLE,INJECTION,Discontinued
POTASSIUM CHLORIDE 5MEQ IN DEXTROSE 5% AND SODIUM CHLORIDE 0.3% IN PLASTIC CONTAINER,DEXTROSE; POTASSIUM CHLORIDE; SODIUM CHLORIDE,NDA018876,ICU MEDICAL INC,INJECTABLE,INJECTION,Discontinued
POTASSIUM CHLORIDE 5MEQ IN DEXTROSE 5% AND SODIUM CHLORIDE 0.45% IN PLASTIC CONTAINER,DEXTROSE; POTASSIUM CHLORIDE; SODIUM CHLORIDE,NDA018362,OTSUKA ICU MEDCL,INJECTABLE,INJECTION,Discontinued
POTASSIUM CHLORIDE 5MEQ IN DEXTROSE 5% AND SODIUM CHLORIDE 0.9% IN PLASTIC CONTAINER,DEXTROSE; POTASSIUM CHLORIDE; SODIUM CHLORIDE,NDA019691,OTSUKA ICU MEDCL,INJECTABLE,INJECTION,Discontinued
POTASSIUM CHLORIDE IN PLASTIC CONTAINER,POTASSIUM CHLORIDE,ANDA088901,FRESENIUS KABI USA,INJECTABLE,INJECTION,Prescription
POTASSIUM CITRATE,POTASSIUM CITRATE,ANDA206813,STRIDES PHARMA,"TABLET, EXTENDED RELEASE",ORAL,Prescription
POTASSIUM IODIDE,POTASSIUM IODIDE,NDA018551,ROXANE,SOLUTION,ORAL,Discontinued
POTASSIUM PHOSPHATES,"POTASSIUM PHOSPHATE, DIBASIC; POTASSIUM PHOSPHATE, MONOBASIC",NDA212121,CMP DEV LLC,SOLUTION,INTRAVENOUS,Discontinued
POTASSIUM PHOSPHATES IN 0.9% SODIUM CHLORIDE,"POTASSIUM PHOSPHATE, DIBASIC; POTASSIUM PHOSPHATE, MONOBASIC",NDA218343,AMNEAL,SOLUTION,INTRAVENOUS,Prescription
POTELIGEO,MOGAMULIZUMAB-KPKC,BLA761051,KYOWA KIRIN,INJECTABLE,INJECTION,Prescription
POTIGA,EZOGABINE,NDA022345,GLAXOSMITHKLINE,TABLET,ORAL,Discontinued
POVAN,PYRVINIUM PAMOATE,NDA012485,PARKE DAVIS,TABLET,ORAL,Discontinued
POVIDONE IODINE,POVIDONE-IODINE,NDA019522,ALLEGIANCE HLTHCARE,SOLUTION,TOPICAL,Over-the-counter
PRADAXA,DABIGATRAN ETEXILATE MESYLATE,NDA214358,BOEHRINGER INGELHEIM,PELLETS,ORAL,Prescription
PRALATREXATE,PRALATREXATE,ANDA206183,DR REDDYS,SOLUTION,INTRAVENOUS,Prescription
PRALIDOXIME CHLORIDE,PRALIDOXIME CHLORIDE,ANDA072224,QUAD PHARMS,Injectable,Injection,Discontinued
PRALIDOXIME CHLORIDE (AUTOINJECTOR),PRALIDOXIME CHLORIDE,NDA018986,MERIDIAN MEDCL TECHN,SOLUTION,INTRAMUSCULAR,Discontinued
PRALUENT,ALIROCUMAB,BLA125559,REGENERON PHARMACEUTICALS,INJECTABLE,INJECTION,Prescription
PRAMINE,IMIPRAMINE HYDROCHLORIDE,ANDA083827,ALRA,TABLET,ORAL,Discontinued
PRAMIPEXOLE DIHYDROCHLORIDE,PRAMIPEXOLE DIHYDROCHLORIDE,ANDA077854,NATCO,TABLET,ORAL,Discontinued
PRAMOSONE,HYDROCORTISONE ACETATE; PRAMOXINE HYDROCHLORIDE,ANDA083778,LEGACY,CREAM,TOPICAL,Prescription
PRANDIMET,METFORMIN HYDROCHLORIDE; REPAGLINIDE,NDA022386,NOVO NORDISK INC,TABLET,ORAL,Discontinued
PRANDIN,REPAGLINIDE,NDA020741,GEMINI LABS LLC,TABLET,ORAL,Discontinued
PRANTAL,DIPHEMANIL METHYLSULFATE,NDA008114,SCHERING,TABLET,ORAL,Discontinued
PRASUGREL,PRASUGREL HYDROCHLORIDE,ANDA205790,CHARTWELL RX,TABLET,ORAL,Discontinued
PRASUGREL HYDROCHLORIDE,PRASUGREL HYDROCHLORIDE,ANDA213315,UNICHEM,TABLET,ORAL,Prescription
PRAVACHOL,PRAVASTATIN SODIUM,NDA019898,BRISTOL MYERS SQUIBB,TABLET,ORAL,Discontinued
PRAVASTATIN SODIUM,PRAVASTATIN SODIUM,ANDA209869,BIOCON PHARMA,TABLET,ORAL,Prescription
PRAVIGARD PAC (COPACKAGED),ASPIRIN; PRAVASTATIN SODIUM,NDA021387,BRISTOL MYERS SQUIBB,TABLET,ORAL,Discontinued
PRAXBIND,IDARUCIZUMAB,BLA761025,BOEHRINGER INGELHEIM,INJECTABLE,INJECTION,Prescription
PRAZEPAM,PRAZEPAM,ANDA070428,USL PHARMA,CAPSULE,ORAL,Discontinued
PRAZIQUANTEL,PRAZIQUANTEL,ANDA208820,PH HEALTH,TABLET,ORAL,Prescription
PRAZOSIN HYDROCHLORIDE,PRAZOSIN HYDROCHLORIDE,ANDA071745,TEVA PHARMS,CAPSULE,ORAL,Prescription
PRE-OP,HEXACHLOROPHENE,NDA017433,DAVIS AND GECK,SPONGE,TOPICAL,Prescription
PRE-OP II,HEXACHLOROPHENE,NDA017433,DAVIS AND GECK,SPONGE,TOPICAL,Prescription
PRE-PEN,BENZYLPENICILLOYL POLYLYSINE,BLA050114,ALLERQUEST,INJECTABLE,INJECTION,Prescription
PRE-SATE,CHLORPHENTERMINE HYDROCHLORIDE,NDA014696,PARKE DAVIS,TABLET,ORAL,Discontinued
PRECEDEX,DEXMEDETOMIDINE HYDROCHLORIDE,NDA021038,HOSPIRA,INJECTABLE,INJECTION,Prescription
PRECEF,CEFORANIDE,NDA050554,BRISTOL,INJECTABLE,INJECTION,Discontinued
PRECOSE,ACARBOSE,NDA020482,BAYER HLTHCARE,TABLET,ORAL,Discontinued
PRED FORTE,PREDNISOLONE ACETATE,NDA017011,ABBVIE,SUSPENSION/DROPS,OPHTHALMIC,Prescription
PRED MILD,PREDNISOLONE ACETATE,NDA017100,ABBVIE,SUSPENSION/DROPS,OPHTHALMIC,Prescription
PRED-G,GENTAMICIN SULFATE; PREDNISOLONE ACETATE,NDA050586,ALLERGAN,SUSPENSION/DROPS,OPHTHALMIC,Discontinued
PREDAIR,PREDNISOLONE SODIUM PHOSPHATE,ANDA088415,PHARMAFAIR,SOLUTION/DROPS,OPHTHALMIC,Discontinued
PREDAIR FORTE,PREDNISOLONE SODIUM PHOSPHATE,ANDA088165,PHARMAFAIR,SOLUTION/DROPS,OPHTHALMIC,Discontinued
PREDAMIDE,PREDNISOLONE ACETATE; SULFACETAMIDE SODIUM,ANDA088059,EPIC PHARMA LLC,SUSPENSION/DROPS,OPHTHALMIC,Discontinued
PREDNICARBATE,PREDNICARBATE,ANDA077236,FOUGERA PHARMS,OINTMENT,TOPICAL,Prescription
PREDNICEN-M,PREDNISONE,ANDA084655,SCHWARZ PHARMA,TABLET,ORAL,Discontinued
PREDNISOLONE,PREDNISOLONE,ANDA084542,CHARTWELL RX,TABLET,ORAL,Discontinued
PREDNISOLONE ACETATE,PREDNISOLONE ACETATE,ANDA218256,AMNEAL,SUSPENSION/DROPS,OPHTHALMIC,Prescription
PREDNISOLONE SODIUM PHOSPHATE,PREDNISOLONE SODIUM PHOSPHATE,ANDA078345,AMNEAL PHARMS,SOLUTION,ORAL,Discontinued
PREDNISOLONE TEBUTATE,PREDNISOLONE TEBUTATE,ANDA083362,WATSON LABS,INJECTABLE,INJECTION,Discontinued
PREDNISONE,PREDNISONE,ANDA084774,RISING,TABLET,ORAL,Discontinued
PREDNISONE INTENSOL,PREDNISONE,ANDA088810,HIKMA,SOLUTION,ORAL,Prescription
PREDSULFAIR,PREDNISOLONE ACETATE; SULFACETAMIDE SODIUM,ANDA088007,PHARMAFAIR,SUSPENSION/DROPS,OPHTHALMIC,Discontinued
PREDSULFAIR II,PREDNISOLONE ACETATE; SULFACETAMIDE SODIUM,ANDA088837,PHARMAFAIR,SUSPENSION/DROPS,OPHTHALMIC,Discontinued
PREFEST,ESTRADIOL; NORGESTIMATE,NDA021040,TEVA WOMENS,TABLET,ORAL,Discontinued
PREFRIN-A,PHENYLEPHRINE HYDROCHLORIDE; PYRILAMINE MALEATE,NDA007953,ALLERGAN,SOLUTION/DROPS,OPHTHALMIC,Discontinued
PREGABALIN,PREGABALIN,ANDA091229,SANDOZ INC,CAPSULE,ORAL,None (Tentative Approval)
PREGNYL,"GONADOTROPIN, CHORIONIC",BLA017692,ORGANON USA LLC,INJECTABLE,INJECTION,Prescription
PRELAY,TROGLITAZONE,NDA020719,SANKYO,TABLET,ORAL,Discontinued
PRELONE,PREDNISOLONE,ANDA089654,MURO,SYRUP,ORAL,Discontinued
PRELUDIN,PHENMETRAZINE HYDROCHLORIDE,NDA011752,BOEHRINGER INGELHEIM,"TABLET, EXTENDED RELEASE",ORAL,Discontinued
PREMARIN,"ESTROGENS, CONJUGATED",NDA020216,WYETH PHARMS,CREAM,"TOPICAL, VAGINAL",Prescription
PREMASOL 10% IN PLASTIC CONTAINER,AMINO ACIDS,ANDA075880,BAXTER HLTHCARE,INJECTABLE,INJECTION,Prescription
PREMASOL 6% IN PLASTIC CONTAINER,AMINO ACIDS,ANDA075880,BAXTER HLTHCARE,INJECTABLE,INJECTION,Prescription
PREMPHASE (PREMARIN;CYCRIN 14/14),"ESTROGENS, CONJUGATED; MEDROXYPROGESTERONE ACETATE",NDA020303,WYETH PHARMS INC,TABLET,ORAL-28,Discontinued
PREMPHASE 14/14,"ESTROGENS, CONJUGATED; MEDROXYPROGESTERONE ACETATE",NDA020527,WYETH PHARMS,TABLET,ORAL-28,Prescription
PREMPRO,"ESTROGENS, CONJUGATED; MEDROXYPROGESTERONE ACETATE",NDA020527,WYETH PHARMS,TABLET,ORAL-28,Prescription
PREMPRO (PREMARIN;CYCRIN),"ESTROGENS, CONJUGATED; MEDROXYPROGESTERONE ACETATE",NDA020303,WYETH PHARMS INC,TABLET,ORAL-28,Discontinued
PREMPRO/PREMPHASE,CONJUGATED ESTROGENS/MEDROXYPROGESTERONE ACETATE,NDA021396,WYETH AYERST,Tablet,Oral,Prescription
PREPIDIL,DINOPROSTONE,NDA019617,PFIZER,GEL,ENDOCERVICAL,Prescription
PREPOPIK,CITRIC ACID; MAGNESIUM OXIDE; SODIUM PICOSULFATE,NDA202535,FERRING PHARMS INC,FOR SOLUTION,ORAL,Discontinued
PRESAMINE,IMIPRAMINE HYDROCHLORIDE,NDA011836,SANOFI AVENTIS US,TABLET,ORAL,Discontinued
PRESTALIA,AMLODIPINE BESYLATE; PERINDOPRIL ARGININE,NDA205003,ADHERA,TABLET,ORAL,Discontinued
PRETOMANID,PRETOMANID,NDA212862,MYLAN IRELAND LTD,TABLET,ORAL,Prescription
PREVACARE R,CHLORHEXIDINE GLUCONATE,ANDA072292,J AND J,SOLUTION,TOPICAL,Discontinued
PREVACID,LANSOPRAZOLE,NDA021428,TAKEDA PHARMS USA,"TABLET, ORALLY DISINTEGRATING, DELAYED RELEASE",ORAL,Prescription
PREVACID 24 HR,LANSOPRAZOLE,NDA022327,PERRIGO PHARMA INTL,"CAPSULE, DELAYED REL PELLETS",ORAL,Over-the-counter
PREVACID IV,LANSOPRAZOLE,NDA021566,TAKEDA PHARMS NA,INJECTABLE,INTRAVENOUS,Discontinued
PREVACID NAPRAPAC 250 (COPACKAGED),LANSOPRAZOLE; NAPROXEN,NDA021507,TAKEDA PHARMS NA,"CAPSULE, DELAYED REL PELLETS, TABLET",ORAL,Discontinued
PREVACID NAPRAPAC 375 (COPACKAGED),LANSOPRAZOLE; NAPROXEN,NDA021507,TAKEDA PHARMS NA,"CAPSULE, DELAYED REL PELLETS, TABLET",ORAL,Discontinued
PREVACID NAPRAPAC 500 (COPACKAGED),LANSOPRAZOLE; NAPROXEN,NDA021507,TAKEDA PHARMS NA,"CAPSULE, DELAYED REL PELLETS, TABLET",ORAL,Discontinued
PREVALITE,CHOLESTYRAMINE,ANDA073263,AIPING PHARM INC,POWDER,ORAL,Prescription
PREVANTICS MAXI SWABSTICK,CHLORHEXIDINE GLUCONATE; ISOPROPYL ALCOHOL,NDA021524,PROF DSPLS,SWAB,TOPICAL,Over-the-counter
PREVANTICS SWAB,CHLORHEXIDINE GLUCONATE; ISOPROPYL ALCOHOL,NDA021524,PROF DSPLS,SWAB,TOPICAL,Over-the-counter
PREVANTICS SWABSTICK,CHLORHEXIDINE GLUCONATE; ISOPROPYL ALCOHOL,NDA021524,PROF DSPLS,SWAB,TOPICAL,Over-the-counter
PREVDUO,GLYCOPYRROLATE; NEOSTIGMINE METHYLSULFATE,NDA216903,AZURITY,SOLUTION,INTRAVENOUS,Discontinued
PREVEN EMERGENCY CONTRACEPTIVE KIT,ETHINYL ESTRADIOL; LEVONORGESTREL,NDA020946,TEVA BRANDED PHARM,TABLET,ORAL,Discontinued
PREVIFEM,ETHINYL ESTRADIOL; NORGESTIMATE,ANDA076334,PH HEALTH,TABLET,ORAL-28,Discontinued
PREVPAC (COPACKAGED),AMOXICILLIN; CLARITHROMYCIN; LANSOPRAZOLE,NDA050757,TAKEDA PHARMS USA,"CAPSULE, TABLET, CAPSULE, DELAYED REL PELLETS",ORAL,Discontinued
PREVYMIS,LETERMOVIR,NDA209939,MERCK SHARP DOHME,TABLET,ORAL,Prescription
PREXXARTAN,VALSARTAN,NDA209139,CARMEL BIOSCIENCES,SOLUTION,ORAL,Prescription
PREZCOBIX,COBICISTAT; DARUNAVIR ETHANOLATE,NDA205395,JANSSEN PRODS,TABLET,ORAL,Prescription
PREZCOBIX,DARUNAVIR AND COBICISTAT,NDA220092,JANSSEN PRODS,"TABLET, FOR SUSPENSION",ORAL,Prescription
PREZCOBIX PED,COBICISTAT; DARUNAVIR ETHANOLATE,NDA220092,JANSSEN PRODS,"TABLET, FOR SUSPENSION",ORAL,Prescription
PREZISTA,DARUNAVIR,NDA021976,JANSSEN PRODS,TABLET,ORAL,Prescription
PRIALT,ZICONOTIDE ACETATE,NDA021060,ESTEVE,INJECTABLE,INTRATHECAL,Prescription
PRIFTIN,RIFAPENTINE,NDA021024,SANOFI AVENTIS US,TABLET,ORAL,Prescription
PRILOCAINE HYDROCHLORIDE,PRILOCAINE HYDROCHLORIDE,ANDA079235,SEPTODONT INC,INJECTABLE,INJECTION,Prescription
PRILOCAINE HYDROCHLORIDE AND EPINEPHRINE BITARTRATE,EPINEPHRINE BITARTRATE; PRILOCAINE HYDROCHLORIDE,ANDA078959,SEPTODONT INC,INJECTABLE,INJECTION,Prescription
PRILOSEC,OMEPRAZOLE,NDA019810,ASTRAZENECA,"CAPSULE, DELAYED REL PELLETS",ORAL,Discontinued
PRILOSEC,OMEPRAZOLE MAGNESIUM,NDA022056,AZURITY,"FOR SUSPENSION, DELAYED RELEASE",ORAL,Prescription
PRILOSEC OTC,OMEPRAZOLE MAGNESIUM,NDA021229,ASTRAZENECA,"TABLET, DELAYED RELEASE",ORAL,Over-the-counter
PRIMACOR,MILRINONE LACTATE,NDA019436,SANOFI AVENTIS US,INJECTABLE,INJECTION,Discontinued
PRIMACOR IN DEXTROSE 5% IN PLASTIC CONTAINER,MILRINONE LACTATE,NDA020343,SANOFI AVENTIS US,INJECTABLE,INJECTION,Discontinued
PRIMAQUINE,PRIMAQUINE PHOSPHATE,NDA008316,SANOFI AVENTIS US,TABLET,ORAL,Prescription
PRIMAQUINE PHOSPHATE,PRIMAQUINE PHOSPHATE,ANDA204476,UNICHEM,TABLET,ORAL,Prescription
PRIMATENE MIST,EPINEPHRINE,NDA016126,WYETH CONS,"AEROSOL, METERED",INHALATION,Discontinued
PRIMAXIN,CILASTATIN SODIUM; IMIPENEM,NDA050587,MERCK,POWDER,INTRAVENOUS,Discontinued
PRIMIDONE,PRIMIDONE,ANDA083551,WATSON LABS,TABLET,ORAL,Prescription
PRIMSOL,TRIMETHOPRIM HYDROCHLORIDE,NDA074374,PANGEA,SOLUTION,ORAL,Discontinued
PRINCIPEN,AMPICILLIN/AMPICILLIN TRIHYDRATE,ANDA061394,APOTHECON,FOR SUSPENSION,ORAL,Discontinued
PRINCIPEN '125',AMPICILLIN/AMPICILLIN TRIHYDRATE,ANDA060127,APOTHECON,FOR SUSPENSION,ORAL,Discontinued
PRINCIPEN '250',AMPICILLIN/AMPICILLIN TRIHYDRATE,ANDA060127,APOTHECON,FOR SUSPENSION,ORAL,Discontinued
PRINCIPEN '500',AMPICILLIN/AMPICILLIN TRIHYDRATE,ANDA062157,APOTHECON,CAPSULE,ORAL,Discontinued
PRINCIPEN W/ PROBENECID,AMPICILLIN/AMPICILLIN TRIHYDRATE; PROBENECID,ANDA062150,APOTHECON,CAPSULE,ORAL,Discontinued
PRINIVIL,LISINOPRIL,NDA019558,MERCK,TABLET,ORAL,Discontinued
PRINZIDE,HYDROCHLOROTHIAZIDE; LISINOPRIL,NDA019778,MERCK,TABLET,ORAL,Discontinued
PRISCOLINE,TOLAZOLINE HYDROCHLORIDE,NDA006403,NOVARTIS,INJECTABLE,INJECTION,Discontinued
PRISMASOL B22GK 2/0 IN PLASTIC CONTAINER,CALCIUM CHLORIDE; DEXTROSE; LACTIC ACID; MAGNESIUM CHLORIDE; POTASSIUM CHLORIDE; SODIUM BICARBONATE; SODIUM CHLORIDE,NDA021703,VANTIVE US HLTHCARE,INJECTABLE,INJECTION,Discontinued
PRISMASOL B22GK 2/2.5 IN PLASTIC CONTAINER,CALCIUM CHLORIDE; DEXTROSE; LACTIC ACID; MAGNESIUM CHLORIDE; POTASSIUM CHLORIDE; SODIUM BICARBONATE; SODIUM CHLORIDE,NDA021703,VANTIVE US HLTHCARE,INJECTABLE,INJECTION,Discontinued
PRISMASOL B22GK 4/0 IN PLASTIC CONTAINER,CALCIUM CHLORIDE; DEXTROSE; LACTIC ACID; MAGNESIUM CHLORIDE; POTASSIUM CHLORIDE; SODIUM BICARBONATE; SODIUM CHLORIDE,NDA021703,VANTIVE US HLTHCARE,INJECTABLE,INJECTION,Prescription
PRISMASOL B22GK 4/2.5 IN PLASTIC CONTAINER,CALCIUM CHLORIDE; DEXTROSE; LACTIC ACID; MAGNESIUM CHLORIDE; POTASSIUM CHLORIDE; SODIUM BICARBONATE; SODIUM CHLORIDE,NDA021703,VANTIVE US HLTHCARE,INJECTABLE,INJECTION,Discontinued
PRISMASOL BGK 0/2.5 IN PLASTIC CONTAINER,CALCIUM CHLORIDE; DEXTROSE; LACTIC ACID; MAGNESIUM CHLORIDE; POTASSIUM CHLORIDE; SODIUM BICARBONATE; SODIUM CHLORIDE,NDA021703,VANTIVE US HLTHCARE,INJECTABLE,INJECTION,Prescription
PRISMASOL BGK 2/0 IN PLASTIC CONTAINER,CALCIUM CHLORIDE; DEXTROSE; LACTIC ACID; MAGNESIUM CHLORIDE; POTASSIUM CHLORIDE; SODIUM BICARBONATE; SODIUM CHLORIDE,NDA021703,VANTIVE US HLTHCARE,INJECTABLE,INJECTION,Prescription
PRISMASOL BGK 2/3.5 IN PLASTIC CONTAINER,CALCIUM CHLORIDE; DEXTROSE; LACTIC ACID; MAGNESIUM CHLORIDE; POTASSIUM CHLORIDE; SODIUM BICARBONATE; SODIUM CHLORIDE,NDA021703,VANTIVE US HLTHCARE,INJECTABLE,INJECTION,Prescription
PRISMASOL BGK 4/0 IN PLASTIC CONTAINER,CALCIUM CHLORIDE; DEXTROSE; LACTIC ACID; MAGNESIUM CHLORIDE; POTASSIUM CHLORIDE; SODIUM BICARBONATE; SODIUM CHLORIDE,NDA021703,VANTIVE US HLTHCARE,INJECTABLE,INJECTION,Discontinued
PRISMASOL BGK 4/0/1.2 IN PLASTIC CONTAINER,CALCIUM CHLORIDE; DEXTROSE; LACTIC ACID; MAGNESIUM CHLORIDE; POTASSIUM CHLORIDE; SODIUM BICARBONATE; SODIUM CHLORIDE,NDA021703,VANTIVE US HLTHCARE,INJECTABLE,INJECTION,Prescription
PRISMASOL BGK 4/2.5 IN PLASTIC CONTAINER,CALCIUM CHLORIDE; DEXTROSE; LACTIC ACID; MAGNESIUM CHLORIDE; POTASSIUM CHLORIDE; SODIUM BICARBONATE; SODIUM CHLORIDE,NDA021703,VANTIVE US HLTHCARE,INJECTABLE,INJECTION,Prescription
PRISMASOL BGK 4/3.5 IN PLASTIC CONTAINER,CALCIUM CHLORIDE; DEXTROSE; LACTIC ACID; MAGNESIUM CHLORIDE; POTASSIUM CHLORIDE; SODIUM BICARBONATE; SODIUM CHLORIDE,NDA021703,VANTIVE US HLTHCARE,INJECTABLE,INJECTION,Discontinued
PRISMASOL BK 0/0 IN PLASTIC CONTAINER,CALCIUM CHLORIDE; DEXTROSE; LACTIC ACID; MAGNESIUM CHLORIDE; POTASSIUM CHLORIDE; SODIUM BICARBONATE; SODIUM CHLORIDE,NDA021703,VANTIVE US HLTHCARE,INJECTABLE,INJECTION,Discontinued
PRISMASOL BK 0/0/1.2 IN PLASTIC CONTAINER,CALCIUM CHLORIDE; DEXTROSE; LACTIC ACID; MAGNESIUM CHLORIDE; POTASSIUM CHLORIDE; SODIUM BICARBONATE; SODIUM CHLORIDE,NDA021703,VANTIVE US HLTHCARE,INJECTABLE,INJECTION,Prescription
PRISMASOL BK 0/3.5 IN PLASTIC CONTAINER,CALCIUM CHLORIDE; DEXTROSE; LACTIC ACID; MAGNESIUM CHLORIDE; POTASSIUM CHLORIDE; SODIUM BICARBONATE; SODIUM CHLORIDE,NDA021703,VANTIVE US HLTHCARE,INJECTABLE,INJECTION,Discontinued
PRISMASOL BK 4/2.5 IN PLASTIC CONTAINER,CALCIUM CHLORIDE; DEXTROSE; LACTIC ACID; MAGNESIUM CHLORIDE; POTASSIUM CHLORIDE; SODIUM BICARBONATE; SODIUM CHLORIDE,NDA021703,VANTIVE US HLTHCARE,INJECTABLE,INJECTION,Discontinued
PRISTIQ,DESVENLAFAXINE SUCCINATE,NDA021992,PF PRISM CV,"TABLET, EXTENDED RELEASE",ORAL,Prescription
PRO-BANTHINE,PROPANTHELINE BROMIDE,NDA008732,SHIRE,TABLET,ORAL,Discontinued
PROAIR DIGIHALER,ALBUTEROL SULFATE,NDA205636,TEVA BRANDED PHARM,"POWDER, METERED",INHALATION,Discontinued
PROAIR HFA,ALBUTEROL SULFATE,NDA021457,TEVA BRANDED PHARM,"AEROSOL, METERED",INHALATION,Prescription
PROAIR RESPICLICK,ALBUTEROL SULFATE,NDA205636,TEVA BRANDED PHARM,"POWDER, METERED",INHALATION,Prescription
PROAMATINE,MIDODRINE HYDROCHLORIDE,NDA019815,TAKEDA PHARMS USA,TABLET,ORAL,Discontinued
PROBALAN,PROBENECID,ANDA080966,LANNETT,TABLET,ORAL,Prescription
PROBAMPACIN,AMPICILLIN/AMPICILLIN TRIHYDRATE; PROBENECID,ANDA061741,COSETTE PHARMS NC,FOR SUSPENSION,ORAL,Discontinued
PROBEN-C,COLCHICINE; PROBENECID,ANDA085552,WATSON LABS,TABLET,ORAL,Discontinued
PROBENECID,PROBENECID,ANDA086150,WATSON LABS,TABLET,ORAL,Discontinued
PROBENECID AND COLCHICINE,COLCHICINE; PROBENECID,ANDA217030,RISING,TABLET,ORAL,Prescription
PROBENECID W/ COLCHICINE,COLCHICINE; PROBENECID,ANDA086954,LEDERLE,TABLET,ORAL,Discontinued
PROBUPHINE,BUPRENORPHINE HYDROCHLORIDE,NDA204442,REACX PHARMS,IMPLANT,IMPLANTATION,Discontinued
PROCAINAMIDE HCL,PROCAINAMIDE HYDROCHLORIDE,ANDA089256,QUAD PHARMS,Injectable,Injection,Discontinued
PROCAINAMIDE HYDROCHLORIDE,PROCAINAMIDE HYDROCHLORIDE,ANDA084403,WATSON LABS,CAPSULE,ORAL,Discontinued
PROCAINE HYDROCHLORIDE,PROCAINE HYDROCHLORIDE,ANDA080384,ABRAXIS PHARM,INJECTABLE,INJECTION,Discontinued
PROCAINE HYDROCHLORIDE W/ EPINEPHRINE,EPINEPHRINE; PROCAINE HYDROCHLORIDE,ANDA080758,BEL MAR,INJECTABLE,INJECTION,Discontinued
PROCALAMINE,AMINO ACIDS; CALCIUM ACETATE; GLYCERIN; MAGNESIUM ACETATE; PHOSPHORIC ACID; POTASSIUM CHLORIDE; SODIUM ACETATE; SODIUM CHLORIDE,NDA018582,B BRAUN,INJECTABLE,INJECTION,Discontinued
PROCAN,PROCAINAMIDE HYDROCHLORIDE,ANDA085804,PARKE DAVIS,CAPSULE,ORAL,Discontinued
PROCAN SR,PROCAINAMIDE HYDROCHLORIDE,ANDA087510,PARKEDALE,"TABLET, EXTENDED RELEASE",ORAL,Discontinued
PROCANBID,PROCAINAMIDE HYDROCHLORIDE,NDA020545,KING PHARMS,"TABLET, EXTENDED RELEASE",ORAL,Discontinued
PROCAPAN,PROCAINAMIDE HYDROCHLORIDE,ANDA083553,PANRAY,CAPSULE,ORAL,Discontinued
PROCARDIA,NIFEDIPINE,NDA018482,PFIZER,CAPSULE,ORAL,Discontinued
PROCARDIA XL,NIFEDIPINE,NDA019684,PFIZER,"TABLET, EXTENDED RELEASE",ORAL,Prescription
PROCHLORPERAZINE,PROCHLORPERAZINE,ANDA040407,ABLE,SUPPOSITORY,RECTAL,Discontinued
PROCHLORPERAZINE,PROCHLORPERAZINE EDISYLATE,ANDA087153,ALPHARMA US PHARMS,CONCENTRATE,ORAL,Discontinued
PROCHLORPERAZINE,PROCHLORPERAZINE MALEATE,ANDA085579,WATSON LABS,TABLET,ORAL,Discontinued
PROCHLORPERAZINE EDISYLATE,PROCHLORPERAZINE EDISYLATE,ANDA089523,HIKMA,INJECTABLE,INJECTION,Discontinued
PROCHLORPERAZINE MALEATE,PROCHLORPERAZINE MALEATE,ANDA089484,DURAMED PHARMS BARR,TABLET,ORAL,Discontinued
PROCOMP,PROCHLORPERAZINE MALEATE,ANDA040268,JUBILANT CADISTA,TABLET,ORAL,Prescription
PROCTOCORT,HYDROCORTISONE,ANDA083011,MONARCH PHARMS,CREAM,TOPICAL,Discontinued
PROCTOFOAM HC,HYDROCORTISONE ACETATE; PRAMOXINE HYDROCHLORIDE,ANDA086195,MYLAN SPECIALITY LP,"AEROSOL, METERED",TOPICAL,Prescription
PROCYSBI,CYSTEAMINE BITARTRATE,NDA213491,HORIZON,"GRANULE, DELAYED RELEASE",ORAL,Prescription
PROFENAL,SUPROFEN,NDA019387,ALCON,SOLUTION/DROPS,OPHTHALMIC,Discontinued
PROFERDEX,IRON DEXTRAN,NDA017807,NEW RIVER,INJECTABLE,INJECTION,Discontinued
PROGESTASERT,PROGESTERONE,NDA017553,ALZA,"INSERT, EXTENDED RELEASE",INTRAUTERINE,Discontinued
PROGESTERONE,PROGESTERONE,ANDA075906,FRESENIUS KABI USA,INJECTABLE,INJECTION,Prescription
PROGLYCEM,DIAZOXIDE,NDA017453,TEVA BRANDED PHARM,SUSPENSION,ORAL,Prescription
PROGRAF,TACROLIMUS,NDA050708,ASTELLAS,CAPSULE,ORAL,Prescription
PROHANCE,GADOTERIDOL,NDA020131,BRACCO,INJECTABLE,INJECTION,Prescription
PROHANCE MULTIPACK,GADOTERIDOL,NDA021489,BRACCO,INJECTABLE,INJECTION,Prescription
PROKETAZINE,CARPHENAZINE MALEATE,NDA012768,WYETH AYERST,TABLET,ORAL,Discontinued
PROKLAR,SULFAMETHIZOLE,ANDA080273,FOREST PHARMS,TABLET,ORAL,Discontinued
PROLENSA,BROMFENAC SODIUM,NDA203168,BAUSCH AND LOMB,SOLUTION/DROPS,OPHTHALMIC,Prescription
PROLEUKIN,ALDESLEUKIN,BLA103293,CHIRON,VIAL,,Prescription
PROLIA,DENOSUMAB,BLA125320,AMGEN,INJECTABLE,SUBCUTANEOUS,Prescription
PROLIXIN,FLUPHENAZINE HYDROCHLORIDE,ANDA070533,APOTHECON,CONCENTRATE,ORAL,Discontinued
PROLIXIN DECANOATE,FLUPHENAZINE DECANOATE,NDA016727,BRISTOL MYERS SQUIBB,INJECTABLE,INJECTION,Discontinued
PROLIXIN ENANTHATE,FLUPHENAZINE ENANTHATE,NDA016110,APOTHECON,INJECTABLE,INJECTION,Discontinued
PROLOPRIM,TRIMETHOPRIM,NDA017943,MONARCH PHARMS,TABLET,ORAL,Discontinued
PROMACTA,ELTROMBOPAG OLAMINE,NDA022291,NOVARTIS,TABLET,ORAL,Discontinued
PROMACTA KIT,ELTROMBOPAG OLAMINE,NDA207027,NOVARTIS,FOR SUSPENSION,ORAL,Prescription
PROMAPAR,CHLORPROMAZINE HYDROCHLORIDE,ANDA084423,PARKE DAVIS,TABLET,ORAL,Discontinued
PROMAZINE HYDROCHLORIDE,PROMAZINE HYDROCHLORIDE,ANDA084510,WATSON LABS,INJECTABLE,INJECTION,Discontinued
PROMETA,METAPROTERENOL SULFATE,ANDA073340,MURO,SOLUTION,INHALATION,Discontinued
PROMETH FORTIS,PROMETHAZINE HYDROCHLORIDE,ANDA084772,ALPHARMA US PHARMS,SYRUP,ORAL,Discontinued
"PROMETH HYDROCHLORIDE,PHENYLEPHRINE HYDROCHLORIDE W/CODEINE PHOSPHATE",CODEINE PHOSPHATE; PHENYLEPHRINE HYDROCHLORIDE; PROMETHAZINE HYDROCHLORIDE,ANDA040660,PAI HOLDINGS,SYRUP,ORAL,Prescription
PROMETH PLAIN,PROMETHAZINE HYDROCHLORIDE,ANDA085953,ACTAVIS MID ATLANTIC,SYRUP,ORAL,Discontinued
PROMETH VC PLAIN,PHENYLEPHRINE HYDROCHLORIDE; PROMETHAZINE HYDROCHLORIDE,ANDA088761,G AND W LABS INC,SYRUP,ORAL,Discontinued
PROMETH VC W/ CODEINE,CODEINE PHOSPHATE; PHENYLEPHRINE HYDROCHLORIDE; PROMETHAZINE HYDROCHLORIDE,ANDA088764,CHARTWELL RX,SYRUP,ORAL,Discontinued
PROMETH W/ DEXTROMETHORPHAN,DEXTROMETHORPHAN HYDROBROMIDE; PROMETHAZINE HYDROCHLORIDE,ANDA088762,G AND W LABS INC,SYRUP,ORAL,Discontinued
PROMETHACON,PROMETHAZINE HYDROCHLORIDE,ANDA084901,POLYMEDICA,SUPPOSITORY,RECTAL,Discontinued
PROMETHAZINE,PROMETHAZINE HYDROCHLORIDE,ANDA089013,CENCI,SYRUP,ORAL,Discontinued
PROMETHAZINE DM,DEXTROMETHORPHAN HYDROBROMIDE; PROMETHAZINE HYDROCHLORIDE,ANDA040649,PAI HOLDINGS,SYRUP,ORAL,Prescription
PROMETHAZINE HYDROCHLORIDE,PROMETHAZINE HYDROCHLORIDE,ANDA083603,IVAX SUB TEVA PHARMS,TABLET,ORAL,Discontinued
PROMETHAZINE HYDROCHLORIDE AND CODEINE PHOSPHATE,CODEINE PHOSPHATE; PROMETHAZINE HYDROCHLORIDE,ANDA088875,PHARMOBEDIENT,SYRUP,ORAL,Prescription
PROMETHAZINE HYDROCHLORIDE AND DEXTROMETHORPHAN HYDROBROMIDE,DEXTROMETHORPHAN HYDROBROMIDE; PROMETHAZINE HYDROCHLORIDE,ANDA091687,COSETTE PHARMS NC,SYRUP,ORAL,Prescription
PROMETHAZINE HYDROCHLORIDE AND PHENYLEPHRINE HYDROCHLORIDE,PHENYLEPHRINE HYDROCHLORIDE; PROMETHAZINE HYDROCHLORIDE,ANDA040902,AMNEAL PHARMS,SYRUP,ORAL,Prescription
PROMETHAZINE HYDROCHLORIDE PLAIN,PROMETHAZINE HYDROCHLORIDE,NDA008381,ANI PHARMS,SYRUP,ORAL,Discontinued
"PROMETHAZINE HYDROCHLORIDE, PHENYLEPHRINE HYDROCHLORIDE W/CODEINE PHOSPHATE",CODEINE PHOSPHATE; PHENYLEPHRINE HYDROCHLORIDE; PROMETHAZINE HYDROCHLORIDE,ANDA040674,HIKMA,SYRUP,ORAL,Discontinued
"PROMETHAZINE HYDROCHLORIDE,PHENYLEPHRINE HYDROCHLORIDE W/CODEINE PHOSPHATE",CODEINE PHOSPHATE; PHENYLEPHRINE HYDROCHLORIDE; PROMETHAZINE HYDROCHLORIDE,ANDA200963,AMNEAL PHARMS,SYRUP,ORAL,Prescription
PROMETHAZINE HYDROCHLORIDE; CODEINE PHOSPHATE,CODEINE PHOSPHATE; PROMETHAZINE HYDROCHLORIDE,ANDA090180,CHARTWELL RX,SYRUP,ORAL,Prescription
PROMETHAZINE HYDROCHLORIDE; DEXTROMETHORPHAN HYDROBROMIDE,DEXTROMETHORPHAN HYDROBROMIDE; PROMETHAZINE HYDROCHLORIDE,ANDA091687,COSETTE PHARMS NC,"TABLET, CHEWABLE, TABLET, CAPSULE",ORAL,Prescription
PROMETHAZINE PLAIN,PROMETHAZINE HYDROCHLORIDE,ANDA087953,PHARMOBEDIENT,SYRUP,ORAL,Prescription
PROMETHAZINE VC PLAIN,PHENYLEPHRINE HYDROCHLORIDE; PROMETHAZINE HYDROCHLORIDE,ANDA088815,CENCI,SYRUP,ORAL,Discontinued
PROMETHAZINE VC W/ CODEINE,CODEINE PHOSPHATE; PHENYLEPHRINE HYDROCHLORIDE; PROMETHAZINE HYDROCHLORIDE,ANDA088816,CENCI,SYRUP,ORAL,Discontinued
PROMETHAZINE W/ CODEINE,CODEINE PHOSPHATE; PROMETHAZINE HYDROCHLORIDE,ANDA088814,CENCI,SYRUP,ORAL,Discontinued
PROMETHAZINE W/ DEXTROMETHORPHAN,DEXTROMETHORPHAN HYDROBROMIDE; PROMETHAZINE HYDROCHLORIDE,ANDA088864,PHARMOBEDIENT,SYRUP,ORAL,Prescription
PROMETHAZINE WITH CODEINE,CODEINE PHOSPHATE; PROMETHAZINE HYDROCHLORIDE,ANDA040650,PHARM ASSOC,SYRUP,ORAL,Discontinued
PROMETHEGAN,PROMETHAZINE HYDROCHLORIDE,ANDA087165,COSETTE PHARMS NC,SUPPOSITORY,RECTAL,Prescription
PROMETRIUM,PROGESTERONE,NDA020843,VIRTUS PHARMS,CAPSULE,ORAL,Prescription
PROMPT PHENYTOIN SODIUM,PHENYTOIN SODIUM,ANDA080905,WATSON LABS,CAPSULE,ORAL,Discontinued
PRONESTYL,PROCAINAMIDE HYDROCHLORIDE,NDA007335,APOTHECON,CAPSULE,ORAL,Discontinued
PRONESTYL-SR,PROCAINAMIDE HYDROCHLORIDE,ANDA087361,APOTHECON,"TABLET, EXTENDED RELEASE",ORAL,Discontinued
PROPACET 100,ACETAMINOPHEN; PROPOXYPHENE NAPSYLATE,ANDA070107,TEVA,TABLET,ORAL,Discontinued
PROPAFENONE HYDROCHLORIDE,PROPAFENONE HYDROCHLORIDE,ANDA212744,UPSHER SMITH LABS,"CAPSULE, EXTENDED RELEASE",ORAL,Prescription
PROPANTHELINE BROMIDE,PROPANTHELINE BROMIDE,ANDA080928,SANDOZ,TABLET,ORAL,Discontinued
PROPARACAINE HYDROCHLORIDE,PROPARACAINE HYDROCHLORIDE,ANDA215816,SOMERSET THERAPS LLC,SOLUTION/DROPS,OPHTHALMIC,Prescription
PROPECIA,FINASTERIDE,NDA020788,ORGANON,TABLET,ORAL,Prescription
PROPHENE 65,PROPOXYPHENE HYDROCHLORIDE,ANDA083538,HALSEY,CAPSULE,ORAL,Discontinued
PROPINE,DIPIVEFRIN HYDROCHLORIDE,NDA018239,ALLERGAN,SOLUTION/DROPS,OPHTHALMIC,Discontinued
PROPOFOL,PROPOFOL,ANDA217013,ASPIRO,INJECTABLE,INJECTION,Prescription
PROPOXYPHENE COMPOUND 65,ASPIRIN; CAFFEINE; PROPOXYPHENE HYDROCHLORIDE,ANDA083077,IVAX SUB TEVA PHARMS,CAPSULE,ORAL,Discontinued
PROPOXYPHENE COMPOUND-65,ASPIRIN; CAFFEINE; PROPOXYPHENE HYDROCHLORIDE,ANDA083101,SANDOZ,CAPSULE,ORAL,Discontinued
PROPOXYPHENE HYDROCHLORIDE,PROPOXYPHENE HYDROCHLORIDE,ANDA083185,NEXGEN PHARMA INC,CAPSULE,ORAL,Discontinued
PROPOXYPHENE HYDROCHLORIDE 65,PROPOXYPHENE HYDROCHLORIDE,ANDA083786,WARNER CHILCOTT,CAPSULE,ORAL,Discontinued
PROPOXYPHENE HYDROCHLORIDE AND ACETAMINOPHEN,ACETAMINOPHEN; PROPOXYPHENE HYDROCHLORIDE,ANDA089959,SANDOZ,TABLET,ORAL,Discontinued
PROPOXYPHENE HYDROCHLORIDE W/ ASPIRIN AND CAFFEINE,ASPIRIN; CAFFEINE; PROPOXYPHENE HYDROCHLORIDE,ANDA085732,WATSON LABS,CAPSULE,ORAL,Discontinued
PROPOXYPHENE NAPSYLATE AND ACETAMINOPHEN,ACETAMINOPHEN; PROPOXYPHENE NAPSYLATE,ANDA070399,WATSON LABS,TABLET,ORAL,Discontinued
PROPRANOLOL HYDROCHLORIDE,PROPRANOLOL HYDROCHLORIDE,ANDA076400,ALLIED,INJECTABLE,INJECTION,Discontinued
PROPRANOLOL HYDROCHLORIDE & HYDROCHLOROTHIAZIDE,HYDROCHLOROTHIAZIDE; PROPRANOLOL HYDROCHLORIDE,ANDA071126,DURAMED PHARMS BARR,TABLET,ORAL,Discontinued
PROPRANOLOL HYDROCHLORIDE AND HYDROCHLOROTHIAZIDE,HYDROCHLOROTHIAZIDE; PROPRANOLOL HYDROCHLORIDE,ANDA070301,WATSON LABS,TABLET,ORAL,Discontinued
PROPRANOLOL HYDROCHLORIDE INTENSOL,PROPRANOLOL HYDROCHLORIDE,ANDA071388,ROXANE,CONCENTRATE,ORAL,Discontinued
PROPULSID,CISAPRIDE MONOHYDRATE,NDA020210,JANSSEN PHARMS,TABLET,ORAL,Discontinued
PROPULSID QUICKSOLV,CISAPRIDE MONOHYDRATE,NDA020767,JANSSEN PHARMA,"TABLET, ORALLY DISINTEGRATING",ORAL,Discontinued
PROPYLTHIOURACIL,PROPYLTHIOURACIL,ANDA084075,ABBOTT,TABLET,ORAL,Discontinued
PROQUIN XR,CIPROFLOXACIN HYDROCHLORIDE,NDA021744,DEPOMED INC,"TABLET, EXTENDED RELEASE",ORAL,Discontinued
PROSCAR,FINASTERIDE,NDA020180,ORGANON,TABLET,ORAL,Prescription
PROSOL 20% SULFITE FREE IN PLASTIC CONTAINER,AMINO ACIDS,NDA020849,BAXTER HLTHCARE,INJECTABLE,INJECTION,Prescription
PROSOM,ESTAZOLAM,NDA019080,ABBOTT,TABLET,ORAL,Discontinued
PROSTAPHLIN,OXACILLIN SODIUM,NDA050118,APOTHECON,CAPSULE,ORAL,Discontinued
PROSTASCINT,CAPROMAB PENDETIDE,BLA103608,CYTOGEN,VIAL,INTRAVENOUS,Prescription
PROSTEP,NICOTINE,NDA019983,AVEVA,"Film, Extended Release",Transdermal,Discontinued
PROSTIN E2,DINOPROSTONE,NDA017810,PFIZER,SUPPOSITORY,VAGINAL,Discontinued
PROSTIN F2 ALPHA,DINOPROST TROMETHAMINE,NDA017434,PHARMACIA AND UPJOHN,INJECTABLE,INJECTION,Discontinued
PROSTIN VR PEDIATRIC,ALPROSTADIL,NDA018484,PFIZER,INJECTABLE,INJECTION,Prescription
PROTAMINE SULFATE,PROTAMINE SULFATE,ANDA089474,HIKMA,SOLUTION,INTRAVENOUS,Discontinued
PROTONIX,PANTOPRAZOLE SODIUM,NDA020987,WYETH PHARMS,"TABLET, DELAYED RELEASE",ORAL,Prescription
PROTONIX IV,PANTOPRAZOLE SODIUM,NDA020988,WYETH PHARMS,INJECTABLE,INTRAVENOUS,Prescription
PROTOPAM CHLORIDE,PRALIDOXIME CHLORIDE,NDA018799,BAXTER HLTHCARE CORP,INJECTABLE,INJECTION,Discontinued
PROTOPIC,TACROLIMUS,NDA050777,LEO PHARMA AS,OINTMENT,TOPICAL,Prescription
PROTOSTAT,METRONIDAZOLE,NDA018871,ORTHO MCNEIL PHARM,TABLET,ORAL,Discontinued
PROTRIPTYLINE HYDROCHLORIDE,PROTRIPTYLINE HYDROCHLORIDE,ANDA078913,HIKMA,TABLET,ORAL,Discontinued
PROVAL #3,ACETAMINOPHEN; CODEINE PHOSPHATE,ANDA085685,SOLVAY,CAPSULE,ORAL,Discontinued
PROVAYBLUE,METHYLENE BLUE,NDA204630,PROVEPHARM SAS,SOLUTION,INTRAVENOUS,Prescription
PROVENTIL,ALBUTEROL,NDA017559,SCHERING,"AEROSOL, METERED",INHALATION,Discontinued
PROVENTIL,ALBUTEROL SULFATE,NDA018062,SCHERING,SYRUP,ORAL,Discontinued
PROVENTIL-HFA,ALBUTEROL SULFATE,NDA020503,KINDEVA,"AEROSOL, METERED",INHALATION,Prescription
PROVERA,MEDROXYPROGESTERONE ACETATE,NDA011839,PFIZER,TABLET,ORAL,Prescription
PROVIGIL,MODAFINIL,NDA020717,NUVO PHARMS,TABLET,ORAL,Prescription
PROVOCHOLINE,METHACHOLINE CHLORIDE,NDA019193,METHAPHARM,FOR SOLUTION,INHALATION,Discontinued
PROZAC,FLUOXETINE HYDROCHLORIDE,NDA020974,LILLY,TABLET,ORAL,Discontinued
PROZAC WEEKLY,FLUOXETINE HYDROCHLORIDE,NDA021235,LILLY,"CAPSULE, DELAYED REL PELLETS",ORAL,Discontinued
PRUCALOPRIDE SUCCINATE,PRUCALOPRIDE SUCCINATE,ANDA219216,H2-PHARMA,TABLET,ORAL,Prescription
PSEUDO-12,PSEUDOEPHEDRINE POLISTIREX,NDA019401,UCB INC,"SUSPENSION, EXTENDED RELEASE",ORAL,Discontinued
PSEUDOEPHEDRINE HYDROCHLORIDE,PSEUDOEPHEDRINE HYDROCHLORIDE,ANDA075153,L PERRIGO CO,"TABLET, EXTENDED RELEASE",ORAL,Over-the-counter
PSEUDOEPHEDRINE HYDROCHLORIDE AND CHLORPHENIRAMINE MALEATE,CHLORPHENIRAMINE MALEATE; PSEUDOEPHEDRINE HYDROCHLORIDE,NDA018843,GRAHAM DM,"CAPSULE, EXTENDED RELEASE",ORAL,Discontinued
PSEUDOEPHEDRINE HYDROCHLORIDE AND TRIPROLIDINE HYDROCHLORIDE,PSEUDOEPHEDRINE HYDROCHLORIDE; TRIPROLIDINE HYDROCHLORIDE,ANDA088193,SANDOZ,TABLET,ORAL,Discontinued
PSORCON,DIFLORASONE DIACETATE,NDA019260,PFIZER,OINTMENT,TOPICAL,Discontinued
PSORCON E,DIFLORASONE DIACETATE,NDA017994,PFIZER,OINTMENT,TOPICAL,Discontinued
PULMICORT,BUDESONIDE,NDA020441,ASTRAZENECA,"POWDER, METERED",INHALATION,Discontinued
PULMICORT FLEXHALER,BUDESONIDE,NDA021949,CHEPLAPHARM,"POWDER, METERED",INHALATION,Prescription
PULMICORT RESPULES,BUDESONIDE,NDA020929,ASTRAZENECA,SUSPENSION,INHALATION,Prescription
PULMOLITE,TECHNETIUM TC-99M ALBUMIN AGGREGATED KIT,BLA017776,JUBILANT DRAXIMAGE,INJECTABLE,INJECTION,Discontinued
PULMOTECH MAA,TECHNETIUM TC99M ALBUMIN AGGREGATED,BLA210089,CIS BIO INTL,INJECTABLE,INJECTION,Prescription
PULMOZYME,DORNASE ALFA,BLA103532,GENENTECH,VIAL,,Prescription
PUR-WASH,PURIFIED WATER,NDA022305,NIAGARA PHARMS,SOLUTION,OPHTHALMIC,Over-the-counter
PURIFIED CORTROPHIN GEL,CORTICOTROPIN,NDA008975,ANI PHARMS,INJECTABLE,INJECTION,Discontinued
PURINETHOL,MERCAPTOPURINE,NDA009053,STASON PHARMS,TABLET,ORAL,Prescription
PURIXAN,MERCAPTOPURINE,NDA205919,NOVA LABS LTD,SUSPENSION,ORAL,Prescription
PYLARIFY,PIFLUFOLASTAT F-18,NDA214793,PROGENICS PHARMS INC,SOLUTION,INTRAVENOUS,Prescription
PYLARIFY TRUVU,PIFLUFOLASTAT F-18,NDA220089,APHELION,SOLUTION,INTRAVENOUS,Prescription
PYLERA,BISMUTH SUBCITRATE POTASSIUM; METRONIDAZOLE; TETRACYCLINE HYDROCHLORIDE,NDA050786,LABS JUVISE,CAPSULE,ORAL,Prescription
PYLORI-CHEK BREATH TEST,UREA C-13,NDA020900,DXS DEVICES,FOR SOLUTION,ORAL,Discontinued
PYOCIDIN,HYDROCORTISONE; POLYMYXIN B SULFATE,ANDA061606,FOREST LABS,SOLUTION/DROPS,OTIC,Discontinued
PYOPEN,CARBENICILLIN DISODIUM,NDA050298,GLAXOSMITHKLINE,INJECTABLE,INJECTION,Discontinued
PYQUVI,DEFLAZACORT,ANDA219417,AUCTA,SUSPENSION,ORAL,Prescription
PYRAZINAMIDE,PYRAZINAMIDE,ANDA080157,NOVITIUM PHARMA,TABLET,ORAL,Prescription
PYRIDAMAL 100,CHLORPHENIRAMINE MALEATE,ANDA083733,BEL MAR,INJECTABLE,INJECTION,Discontinued
PYRIDOSTIGMINE BROMIDE,PYRIDOSTIGMINE BROMIDE,ANDA203184,IMPAX LABS INC,"TABLET, EXTENDED RELEASE",ORAL,Discontinued
PYRIDOXINE HYDROCHLORIDE,PYRIDOXINE HYDROCHLORIDE,ANDA080669,LUITPOLD,INJECTABLE,INJECTION,Discontinued
PYRILAMINE MALEATE,PYRILAMINE MALEATE,ANDA080808,IMPAX LABS,TABLET,ORAL,Discontinued
PYRIMETHAMINE,PYRIMETHAMINE,ANDA216983,AUROBINDO PHARMA LTD,TABLET,ORAL,Prescription
PYROLITE,TECHNETIUM TC-99M PYRO/TRIMETA PHOSPHATES KIT,NDA017684,PHARMALUCENCE,INJECTABLE,INJECTION,Discontinued
PYRUKYND,MITAPIVAT SULFATE,NDA216196,AGIOS PHARMS INC,TABLET,ORAL,Prescription
PYTEST,"UREA, C-14",NDA020617,AVENT,CAPSULE,ORAL,Discontinued
PYTEST KIT,"UREA, C-14",NDA020617,AVENT,CAPSULE,ORAL,Discontinued
PYZCHIVA,USTEKINUMAB-TTWE,BLA761373,SAMSUNG BIOEPIS CO LTD,INJECTABLE,INJECTION,Prescription
Q-GESIC,ASPIRIN; MEPROBAMATE,ANDA088740,QUANTUM PHARMICS,TABLET,ORAL,Discontinued
Q-PAM,DIAZEPAM,ANDA070425,QUANTUM PHARMICS,TABLET,ORAL,Discontinued
QALSODY,TOFERSEN,NDA215887,BIOGEN MA,SOLUTION,INTRATHECAL,Prescription
QAMZOVA,MELOXICAM,NDA217593,NANJING DELOVA,SOLUTION,INTRAVENOUS,Prescription
QBRELIS,LISINOPRIL,NDA208401,AZURITY,SOLUTION,ORAL,Prescription
QBREXZA,GLYCOPYRRONIUM TOSYLATE,NDA210361,JOURNEY,CLOTH,TOPICAL,Prescription
QDOLO,TRAMADOL HYDROCHLORIDE,NDA214044,ROSEMONT,SOLUTION,ORAL,Discontinued
QELBREE,VILOXAZINE HYDROCHLORIDE,NDA211964,SUPERNUS PHARMS,"CAPSULE, EXTENDED RELEASE",ORAL,Prescription
QFITLIA,FITUSIRAN SODIUM,NDA219019,GENZYME CORP,SOLUTION,SUBCUTANEOUS,Prescription
QINLOCK,RIPRETINIB,NDA213973,DECIPHERA PHARMS,TABLET,ORAL,Prescription
QLONILIK,CLONIDINE HYDROCHLORIDE,NDA221094,CMP DEV LLC,SOLUTION,ORAL,Prescription
QLOSI,PILOCARPINE HYDROCHLORIDE,NDA217836,ORASIS PHARMS,SOLUTION/DROPS,OPHTHALMIC,Prescription
QMIIZ ODT,MELOXICAM,NDA211210,TERSERA,"TABLET, ORALLY DISINTEGRATING",ORAL,Discontinued
QNASL,BECLOMETHASONE DIPROPIONATE,NDA202813,TEVA BRANDED PHARM,"AEROSOL, METERED",NASAL,Prescription
QOLIANA,BRIMONIDINE TARTRATE,NDA021764,SANDOZ,SOLUTION/DROPS,OPHTHALMIC,Prescription
QSYMIA,PHENTERMINE HYDROCHLORIDE; TOPIRAMATE,NDA022580,VIVUS LLC,"CAPSULE, EXTENDED RELEASE",ORAL,Prescription
QTERN,DAPAGLIFLOZIN; SAXAGLIPTIN HYDROCHLORIDE,NDA209091,ASTRAZENECA AB,TABLET,ORAL,Discontinued
QTERNMET XR,DAPAGLIFLOZIN; METFORMIN HYDROCHLORIDE; SAXAGLIPTIN HYDROCHLORIDE,NDA210874,ASTRAZENECA AB,"TABLET, EXTENDED RELEASE",ORAL,Discontinued
QUADRAMET,SAMARIUM SM-153 LEXIDRONAM PENTASODIUM,NDA020570,LANTHEUS MEDICAL,INJECTABLE,INJECTION,Discontinued
QUALAQUIN,QUININE SULFATE,NDA021799,SUN PHARM INDUSTRIES,CAPSULE,ORAL,Discontinued
QUARTETTE,ETHINYL ESTRADIOL; LEVONORGESTREL,NDA204061,TEVA BRANDED PHARM,TABLET,ORAL,Prescription
QUARZAN,CLIDINIUM BROMIDE,NDA010355,ROCHE,CAPSULE,ORAL,Discontinued
QUASENSE,ETHINYL ESTRADIOL; LEVONORGESTREL,ANDA077101,WATSON LABS,TABLET,ORAL,Prescription
QUDEXY XR,TOPIRAMATE,NDA205122,UPSHER SMITH LABS,"CAPSULE, EXTENDED RELEASE",ORAL,Prescription
QUELICIN,SUCCINYLCHOLINE CHLORIDE,NDA008845,HOSPIRA,INJECTABLE,INJECTION,Prescription
QUELICIN PRESERVATIVE FREE,SUCCINYLCHOLINE CHLORIDE,NDA008845,HOSPIRA,INJECTABLE,INJECTION,Discontinued
QUESTRAN,CHOLESTYRAMINE,NDA016640,BRISTOL MYERS,POWDER,ORAL,Discontinued
QUESTRAN LIGHT,CHOLESTYRAMINE,NDA019669,BRISTOL MYERS,POWDER,ORAL,Discontinued
QUETIAPINE FUMARATE,QUETIAPINE FUMARATE,ANDA090323,PHARMOBEDIENT,TABLET,ORAL,Discontinued
QUIBRON-T,THEOPHYLLINE,ANDA088656,MONARCH PHARMS,TABLET,ORAL,Discontinued
QUIBRON-T/SR,THEOPHYLLINE,ANDA087563,MONARCH PHARMS,"TABLET, EXTENDED RELEASE",ORAL,Discontinued
QUIDE,PIPERACETAZINE,NDA013615,DOW PHARM,TABLET,ORAL,Discontinued
QUILLICHEW ER,METHYLPHENIDATE HYDROCHLORIDE,NDA207960,NEXTWAVE PHARMS,"TABLET, EXTENDED RELEASE, CHEWABLE",ORAL,Prescription
QUILLIVANT XR,METHYLPHENIDATE HYDROCHLORIDE,NDA202100,NEXTWAVE,"FOR SUSPENSION, EXTENDED RELEASE",ORAL,Prescription
QUINACT,QUINIDINE GLUCONATE,ANDA085978,BAYER HLTHCARE,TABLET,ORAL,Discontinued
QUINAGLUTE,QUINIDINE GLUCONATE,NDA016647,BAYER HLTHCARE,"TABLET, EXTENDED RELEASE",ORAL,Discontinued
QUINALAN,QUINIDINE GLUCONATE,ANDA088081,CHARTWELL MOLECULAR,"TABLET, EXTENDED RELEASE",ORAL,Discontinued
QUINAPRIL HYDROCHLORIDE,QUINAPRIL HYDROCHLORIDE,ANDA076240,APOTEX INC,TABLET,ORAL,Discontinued
QUINAPRIL HYDROCHLORIDE AND HYDROCHLOROTHIAZIDE,HYDROCHLOROTHIAZIDE; QUINAPRIL HYDROCHLORIDE,ANDA078450,AUROBINDO PHARMA,TABLET,ORAL,Prescription
QUINATIME,QUINIDINE GLUCONATE,ANDA087448,WATSON LABS,"TABLET, EXTENDED RELEASE",ORAL,Discontinued
QUINIDEX,QUINIDINE SULFATE,NDA012796,WYETH PHARMS INC,"TABLET, EXTENDED RELEASE",ORAL,Discontinued
QUINIDINE GLUCONATE,QUINIDINE GLUCONATE,ANDA089164,SUPERPHARM,"TABLET, EXTENDED RELEASE",ORAL,Discontinued
QUINIDINE SULFATE,QUINIDINE SULFATE,ANDA083288,WATSON LABS,TABLET,ORAL,Discontinued
QUININE SULFATE,QUININE SULFATE,ANDA203729,AMNEAL PHARMS,CAPSULE,ORAL,Prescription
QUINORA,QUINIDINE SULFATE,ANDA085222,SCHERING,TABLET,ORAL,Discontinued
QUIOFIC,FOLIC ACID,NDA216395,SOLUBIOMIX,SOLUTION,ORAL,Prescription
QUIXIN,LEVOFLOXACIN,NDA021199,SANTEN,SOLUTION/DROPS,OPHTHALMIC,Discontinued
QULIPTA,ATOGEPANT,NDA215206,ABBVIE,TABLET,ORAL,Prescription
QUTENZA,CAPSAICIN,NDA022395,AVERITAS,PATCH,TOPICAL,Prescription
QUVIVIQ,DARIDOREXANT HYDROCHLORIDE,NDA214985,IDORSIA,TABLET,ORAL,Prescription
QUZYTTIR,CETIRIZINE HYDROCHLORIDE,NDA211415,ESTEVE,SOLUTION,INTRAVENOUS,Prescription
QVAR 40,BECLOMETHASONE DIPROPIONATE,NDA020911,TEVA BRANDED PHARM,"AEROSOL, METERED",INHALATION,Discontinued
QVAR 80,BECLOMETHASONE DIPROPIONATE,NDA020911,TEVA BRANDED PHARM,"AEROSOL, METERED",INHALATION,Discontinued
QVAR REDIHALER,BECLOMETHASONE DIPROPIONATE,NDA207921,NORTON WATERFORD,"AEROSOL, METERED",INHALATION,Prescription
QWO,COLLAGENASE CLOSTRIDIUM HISTOLYTICUM-AAES,BLA761146,ENDO GLOBAL AESTHETICS LTD,SOLUTION,SUBCUTANEOUS,Prescription
R-GENE 10,ARGININE HYDROCHLORIDE,NDA016931,PHARMACIA AND UPJOHN,INJECTABLE,INJECTION,Prescription
R-P MYCIN,ERYTHROMYCIN,ANDA061659,SOLVAY,"TABLET, DELAYED RELEASE",ORAL,Discontinued
RABEPRAZOLE SODIUM,RABEPRAZOLE SODIUM,ANDA076822,TEVA PHARMS USA,"TABLET, DELAYED RELEASE",ORAL,Discontinued
RADICAVA,EDARAVONE,NDA209176,SHIONOGI,SOLUTION,INTRAVENOUS,Discontinued
RADICAVA ORS,EDARAVONE,NDA215446,SHIONOGI,SUSPENSION,ORAL,Prescription
RADIOGARDASE (PRUSSIAN BLUE),FERRIC HEXACYANOFERRATE(II),NDA021626,HEYL CHEMISCH,CAPSULE,ORAL,Prescription
RADIOGENIX SYSTEM,TECHNETIUM TC-99M SODIUM PERTECHNETATE GENERATOR,NDA202158,NORTHSTAR MEDICAL,SOLUTION,"INTRAVENOUS, INTRAVESICULAR, OPHTHALMIC",Discontinued
RALDESY,TRAZODONE HYDROCHLORIDE,NDA218637,KAMAT,SOLUTION,ORAL,Prescription
RALOXIFENE HYDROCHLORIDE,RALOXIFENE HYDROCHLORIDE,ANDA078193,TEVA PHARMS USA,TABLET,ORAL,Prescription
RALTEGRAVIR POTASSIUM,RALTEGRAVIR POTASSIUM,ANDA203540,HETERO LABS LTD III,TABLET,ORAL,Discontinued
RAMELTEON,RAMELTEON,ANDA215243,MICRO LABS,TABLET,ORAL,Prescription
RAMIPRIL,RAMIPRIL,ANDA077900,HIKMA,CAPSULE,ORAL,Prescription
RANEXA,RANOLAZINE,NDA021526,MENARINI INTL,"TABLET, EXTENDED RELEASE",ORAL,Discontinued
RANICLOR,CEFACLOR,ANDA065092,RANBAXY LABS LTD,"TABLET, CHEWABLE",ORAL,Discontinued
RANITIDINE,RANITIDINE,ANDA074794,ACTAVIS ELIZABETH,Solution,Oral,None (Tentative Approval)
RANITIDINE HYDROCHLORIDE,RANITIDINE HYDROCHLORIDE,ANDA076760,WOCKHARDT,TABLET,ORAL,Discontinued
RANLUSPEC,RANIBIZUMAB-HKDZ,BLA761480,LUPIN LIMITED,INJECTION,,Prescription
RANOLAZINE,RANOLAZINE,ANDA213517,I3 PHARMS,"TABLET, EXTENDED RELEASE",ORAL,Prescription
RAPAFLO,SILODOSIN,NDA022206,ABBVIE,CAPSULE,ORAL,Discontinued
RAPAMUNE,SIROLIMUS,NDA021110,PF PRISM CV,TABLET,ORAL,Prescription
RAPIBLYK,LANDIOLOL HYDROCHLORIDE,NDA217202,AOP HLTH US,POWDER,INTRAVENOUS,Prescription
RAPIVAB,PERAMIVIR,NDA206426,BIOCRYST,SOLUTION,INTRAVENOUS,Prescription
RAPLON,RAPACURONIUM BROMIDE,NDA020984,ORGANON USA INC,INJECTABLE,INJECTION,Discontinued
RASAGILINE MESYLATE,RASAGILINE MESYLATE,ANDA201892,CHARTWELL RX,TABLET,ORAL,Prescription
RASUVO,METHOTREXATE,NDA205776,MEDEXUS,SOLUTION,SUBCUTANEOUS,Discontinued
RAU-SED,RESERPINE,NDA009357,BRISTOL MYERS SQUIBB,TABLET,ORAL,Discontinued
RAUDIXIN,RAUWOLFIA SERPENTINA ROOT,NDA008842,APOTHECON,TABLET,ORAL,Discontinued
RAUSERPIN,RAUWOLFIA SERPENTINA ROOT,NDA009926,FERNDALE LABS,TABLET,ORAL,Discontinued
RAUTENSIN,ALSEROXYLON,NDA009215,NOVARTIS,TABLET,ORAL,Discontinued
RAUVAL,RAUWOLFIA SERPENTINA ROOT,NDA009108,PAL PAK,TABLET,ORAL,Discontinued
RAUWILOID,ALSEROXYLON,NDA008867,3M,TABLET,ORAL,Discontinued
RAUWOLFIA SERPENTINA,RAUWOLFIA SERPENTINA ROOT,ANDA080914,WATSON LABS,TABLET,ORAL,Discontinued
RAVICTI,GLYCEROL PHENYLBUTYRATE,NDA203284,HORIZON THERAP US,LIQUID,ORAL,Prescription
RAVOCAINE AND NOVOCAIN W/ LEVOPHED,NOREPINEPHRINE BITARTRATE; PROCAINE HYDROCHLORIDE; PROPOXYCAINE HYDROCHLORIDE,NDA008592,EASTMAN KODAK,INJECTABLE,INJECTION,Discontinued
RAVOCAINE AND NOVOCAIN W/ NEO-COBEFRIN,LEVONORDEFRIN; PROCAINE HYDROCHLORIDE; PROPOXYCAINE HYDROCHLORIDE,NDA008592,EASTMAN KODAK,INJECTABLE,INJECTION,Discontinued
RAXAR,GREPAFLOXACIN HYDROCHLORIDE,NDA020695,OTSUKA,TABLET,ORAL,Discontinued
RAXIBACUMAB,RAXIBACUMAB,BLA125349,HUMAN GENOME SCIENCES INC.,INJECTABLE,IV (INFUSION),Prescription
RAYALDEE,CALCIFEDIOL,NDA208010,EIRGEN,"CAPSULE, EXTENDED RELEASE",ORAL,Prescription
RAYOS,PREDNISONE,NDA202020,HORIZON,"TABLET, DELAYED RELEASE",ORAL,Discontinued
RAZADYNE,GALANTAMINE HYDROBROMIDE,NDA021169,JANSSEN PHARMS,TABLET,ORAL,Discontinued
RAZADYNE ER,GALANTAMINE HYDROBROMIDE,NDA021615,JANSSEN PHARMS,"CAPSULE, EXTENDED RELEASE",ORAL,Discontinued
RBC-SCAN,TECHNETIUM TC-99M RED BLOOD CELL KIT,NDA020063,CADEMA,INJECTABLE,INJECTION,Discontinued
READI-CAT 2,BARIUM SULFATE,NDA208143,BRACCO,SUSPENSION,ORAL,Prescription
READI-CAT 2 SMOOTHIE,BARIUM SULFATE,NDA208143,BRACCO,SUSPENSION,ORAL,Prescription
READYPREP CHG,CHLORHEXIDINE GLUCONATE,NDA207964,MEDLINE INDUSTRIES,CLOTH,TOPICAL,Over-the-counter
REBETOL,RIBAVIRIN,NDA021546,SCHERING,SOLUTION,ORAL,Discontinued
REBIF,INTERFERON BETA-1A,BLA103780,SERONO INC,SYRINGE,,Prescription
REBLOZYL,LUSPATERCEPT-AAMT,BLA761136,CELGENE CORP,POWDER,SUBCUTANEOUS,Prescription
RECARBRIO,CILASTATIN SODIUM; IMIPENEM; RELEBACTAM,NDA212819,MSD MERCK CO,POWDER,INTRAVENOUS,Prescription
RECLAST,ZOLEDRONIC ACID,NDA021817,SANDOZ,INJECTABLE,INTRAVENOUS,Prescription
RECORLEV,LEVOKETOCONAZOLE,NDA214133,STRONGBRIDGE,TABLET,ORAL,Prescription
RECTIV,NITROGLYCERIN,NDA021359,ABBVIE,OINTMENT,INTRA-ANAL,Discontinued
REDEMPLO,PLOZASIRAN SODIUM,NDA219947,ARROWHEAD,SOLUTION,SUBCUTANEOUS,Prescription
REDISOL,CYANOCOBALAMIN,NDA006668,MERCK,INJECTABLE,INJECTION,Discontinued
REDITREX,METHOTREXATE,NDA210737,NORDIC GRP,SOLUTION,SUBCUTANEOUS,Discontinued
REGADENOSON,REGADENOSON,ANDA212806,MEITHEAL,SOLUTION,INTRAVENOUS,Prescription
REGITINE,PHENTOLAMINE MESYLATE,NDA008278,NOVARTIS,INJECTABLE,INJECTION,Discontinued
REGLAN,METOCLOPRAMIDE HYDROCHLORIDE,NDA018821,ROBINS AH,SOLUTION,ORAL,Discontinued
REGLAN ODT,METOCLOPRAMIDE HYDROCHLORIDE,NDA021793,MEDA PHARMS,"TABLET, ORALLY DISINTEGRATING",ORAL,Discontinued
REGONOL,PYRIDOSTIGMINE BROMIDE,NDA017398,SANDOZ,INJECTABLE,INJECTION,Prescription
REGORAFENIB,REGORAFENIB,ANDA209728,ACTAVIS LABS FL,TABLET,ORAL,Discontinued
REGRANEX,BECAPLERMIN,BLA103691,SMITH AND NEPHEW,GEL,TOPICAL,Prescription
REGROTON,CHLORTHALIDONE; RESERPINE,NDA015103,SANOFI AVENTIS US,TABLET,ORAL,Discontinued
RELA,CARISOPRODOL,NDA012155,SCHERING,TABLET,ORAL,Discontinued
RELAFEN,NABUMETONE,NDA019583,SMITHKLINE BEECHAM,TABLET,ORAL,Discontinued
RELENZA,ZANAMIVIR,NDA021036,GLAXOSMITHKLINE,POWDER,INHALATION,Prescription
RELEUKO,FILGRASTIM-AYOW,BLA761082,KASHIV BIOSCIENCES LLC,SOLUTION,SUBCUTANEOUS,Prescription
RELEXXII,METHYLPHENIDATE HYDROCHLORIDE,NDA216117,OSMOTICA PHARM US,"TABLET, EXTENDED RELEASE",ORAL,Prescription
RELGAABI,GABAPENTIN,ANDA204989,SCIEGEN PHARMS,CAPSULE,ORAL,Prescription
RELISTOR,METHYLNALTREXONE BROMIDE,NDA021964,SALIX PHARMS,SOLUTION,SUBCUTANEOUS,Prescription
RELPAX,ELETRIPTAN HYDROBROMIDE,NDA021016,UPJOHN,TABLET,ORAL,Prescription
RELYVRIO,SODIUM PHENYLBUTYRATE; TAURURSODIOL,NDA216660,AMYLYX,FOR SUSPENSION,ORAL,Discontinued
REMERON,MIRTAZAPINE,NDA020415,ORGANON,TABLET,ORAL,Prescription
REMERON SOLTAB,MIRTAZAPINE,NDA021208,ORGANON USA ORGANON,"TABLET, ORALLY DISINTEGRATING",ORAL,Prescription
REMICADE,INFLIXIMAB,BLA103772,CENTOCOR INC,VIAL,,Prescription
REMIFENTANIL HYDROCHLORIDE,REMIFENTANIL HYDROCHLORIDE,ANDA206223,FRESENIUS KABI USA,INJECTABLE,INJECTION,Prescription
REMODULIN,TREPROSTINIL,NDA021272,UNITED THERAP,INJECTABLE,"INTRAVENOUS, SUBCUTANEOUS",Discontinued
REMSED,PROMETHAZINE HYDROCHLORIDE,ANDA083176,BRISTOL MYERS SQUIBB,TABLET,ORAL,Discontinued
RENACIDIN,CITRIC ACID; GLUCONOLACTONE; MAGNESIUM CARBONATE,NDA019481,UNITED GUARDIAN,SOLUTION,IRRIGATION,Prescription
RENAGEL,SEVELAMER HYDROCHLORIDE,NDA020926,GENZYME,CAPSULE,ORAL,Discontinued
RENAMIN W/O ELECTROLYTES,AMINO ACIDS,NDA017493,BAXTER HLTHCARE,INJECTABLE,INJECTION,Discontinued
RENESE,POLYTHIAZIDE,NDA012845,PFIZER,TABLET,ORAL,Discontinued
RENESE-R,POLYTHIAZIDE; RESERPINE,NDA013636,PFIZER,TABLET,ORAL,Discontinued
RENFLEXIS,INFLIXIMAB-ABDA,BLA761054,SAMSUNG BIOEPIS CO LTD,INJECTABLE,INJECTION,Prescription
RENO-30,DIATRIZOATE MEGLUMINE,NDA010040,BRACCO,SOLUTION,URETERAL,Discontinued
RENO-60,DIATRIZOATE MEGLUMINE,NDA010040,BRACCO,INJECTABLE,INJECTION,Discontinued
RENO-DIP,DIATRIZOATE MEGLUMINE,NDA010040,BRACCO,INJECTABLE,INJECTION,Discontinued
RENOCAL-76,DIATRIZOATE MEGLUMINE; DIATRIZOATE SODIUM,ANDA089347,BRACCO,INJECTABLE,INJECTION,Discontinued
RENOGRAFIN-60,DIATRIZOATE MEGLUMINE; DIATRIZOATE SODIUM,NDA010040,BRACCO,INJECTABLE,INJECTION,Discontinued
RENOGRAFIN-76,DIATRIZOATE MEGLUMINE; DIATRIZOATE SODIUM,NDA010040,BRACCO,INJECTABLE,INJECTION,Discontinued
RENOQUID,SULFACYTINE,NDA017569,GLENWOOD,TABLET,ORAL,Discontinued
RENORMAX,SPIRAPRIL HYDROCHLORIDE,NDA020240,SCHERING,TABLET,ORAL,Discontinued
RENOTEC,TECHNETIUM TC-99M FERPENTETATE KIT,NDA017045,BRACCO,INJECTABLE,INJECTION,Discontinued
RENOVA,TRETINOIN,NDA021108,VALEANT PHARMS NORTH,CREAM,TOPICAL,Prescription
RENOVIST,DIATRIZOATE MEGLUMINE; DIATRIZOATE SODIUM,NDA010040,BRACCO,INJECTABLE,INJECTION,Discontinued
RENOVIST II,DIATRIZOATE MEGLUMINE; DIATRIZOATE SODIUM,NDA010040,BRACCO,INJECTABLE,INJECTION,Discontinued
RENOVUE-65,IODAMIDE MEGLUMINE,NDA017902,BRACCO,INJECTABLE,INJECTION,Discontinued
RENOVUE-DIP,IODAMIDE MEGLUMINE,NDA017903,BRACCO,INJECTABLE,INJECTION,Discontinued
RENVELA,SEVELAMER CARBONATE,NDA022318,GENZYME,FOR SUSPENSION,ORAL,Discontinued
REOPRO,ABCIXIMAB,BLA103575,CENTOCOR INC,INJECTABLE,INJECTION,Prescription
REPAGLINIDE,REPAGLINIDE,ANDA091517,KENTON,TABLET,ORAL,Discontinued
REPAGLINIDE AND METFORMIN HYDROCHLORIDE,METFORMIN HYDROCHLORIDE; REPAGLINIDE,ANDA200624,LUPIN,TABLET,ORAL,Discontinued
REPATHA,EVOLOCUMAB,BLA125522,AMGEN INC,INJECTABLE,INJECTION,Prescription
REPREXAIN,HYDROCODONE BITARTRATE; IBUPROFEN,ANDA076642,AMNEAL PHARMS NY,TABLET,ORAL,Prescription
REPRONEX,LH); MENOTROPINS (FSH,BLA021047,FERRING,INJECTABLE,"INTRAMUSCULAR, SUBCUTANEOUS",Discontinued
REQUIP,ROPINIROLE HYDROCHLORIDE,NDA020658,GLAXOSMITHKLINE LLC,TABLET,ORAL,Discontinued
REQUIP XL,ROPINIROLE HYDROCHLORIDE,NDA022008,GLAXOSMITHKLINE LLC,"TABLET, EXTENDED RELEASE",ORAL,Discontinued
RESCRIPTOR,DELAVIRDINE MESYLATE,NDA020705,VIIV HLTHCARE,TABLET,ORAL,Discontinued
RESCULA,UNOPROSTONE ISOPROPYL,NDA021214,SUCAMPO PHARMA LLC,SOLUTION/DROPS,OPHTHALMIC,Discontinued
RESECTISOL,MANNITOL,NDA016704,B BRAUN,SOLUTION,IRRIGATION,Discontinued
RESECTISOL IN PLASTIC CONTAINER,MANNITOL,NDA016772,B BRAUN,SOLUTION,IRRIGATION,Discontinued
RESERPINE,RESERPINE,ANDA083145,ELKINS SINN,TABLET,ORAL,Discontinued
RESERPINE AND HYDROCHLOROTHIAZIDE,HYDROCHLOROTHIAZIDE; RESERPINE,ANDA088200,SANDOZ,TABLET,ORAL,Discontinued
RESERPINE AND HYDROCHLOROTHIAZIDE-50,HYDROCHLOROTHIAZIDE; RESERPINE,ANDA088189,WEST WARD,TABLET,ORAL,Discontinued
RESERPINE AND HYDROFLUMETHIAZIDE,HYDROFLUMETHIAZIDE; RESERPINE,ANDA088907,PAR PHARM,TABLET,ORAL,Discontinued
"RESERPINE, HYDRALAZINE HYDROCHLORIDE AND HYDROCHLOROTHIAZIDE",HYDRALAZINE HYDROCHLORIDE; HYDROCHLOROTHIAZIDE; RESERPINE,ANDA085549,WATSON LABS,TABLET,ORAL,Discontinued
"RESERPINE, HYDROCHLOROTHIAZIDE, AND HYDRALAZINE HYDROCHLORIDE",HYDRALAZINE HYDROCHLORIDE; HYDROCHLOROTHIAZIDE; RESERPINE,ANDA087709,LEDERLE,TABLET,ORAL,Discontinued
RESNIBEN,CABOZANTINIB,NDA220258,AZURITY,TABLET,ORAL,Prescription
RESPORAL,DEXBROMPHENIRAMINE MALEATE; PSEUDOEPHEDRINE SULFATE,ANDA089139,PIONEER PHARMS,"TABLET, EXTENDED RELEASE",ORAL,Discontinued
RESTASIS,CYCLOSPORINE,NDA050790,ABBVIE,EMULSION,OPHTHALMIC,Prescription
RESTASIS MULTIDOSE,CYCLOSPORINE,NDA050790,ABBVIE,EMULSION,OPHTHALMIC,Prescription
RESTORIL,TEMAZEPAM,NDA018163,SPECGX LLC,CAPSULE,ORAL,Prescription
RETACRIT,EPOETIN ALFA-EPBX,BLA125545,HOSPIRA INC,INJECTABLE,INJECTION,Prescription
RETAVASE,RETEPLASE,BLA103786,EKR THERAP,VIAL,,Prescription
RETET,TETRACYCLINE HYDROCHLORIDE,ANDA061443,SOLVAY,CAPSULE,ORAL,Discontinued
RETEVMO,SELPERCATINIB,NDA213246,ELI LILLY AND CO,CAPSULE,ORAL,Prescription
RETIN-A,TRETINOIN,NDA017955,BAUSCH,GEL,TOPICAL,Prescription
RETIN-A MICRO,TRETINOIN,NDA020475,BAUSCH,GEL,TOPICAL,Prescription
RETIN-A-MICRO,TRETINOIN,NDA020475,BAUSCH,GEL,TOPICAL,Prescription
RETISERT,FLUOCINOLONE ACETONIDE,NDA021737,BAUSCH AND LOMB,IMPLANT,INTRAVITREAL,Discontinued
RETROVIR,ZIDOVUDINE,NDA020518,VIIV HLTHCARE,TABLET,ORAL,Discontinued
REVATIO,SILDENAFIL CITRATE,NDA203109,VIATRIS,FOR SUSPENSION,ORAL,Discontinued
REVCOVI,ELAPEGADEMASE-LVLR,BLA761092,CHIESI USA INC,INJECTABLE,INJECTION,Prescription
REVEFENACIN,REVEFENACIN,ANDA218089,MANKIND PHARMA LTD,SOLUTION,INHALATION,None (Tentative Approval)
REVERSOL,EDROPHONIUM CHLORIDE,ANDA089624,ORGANON USA INC,INJECTABLE,INJECTION,Discontinued
REVEX,NALMEFENE HYDROCHLORIDE,NDA020459,HIKMA,SOLUTION,"INTRAMUSCULAR, INTRAVENOUS, SUBCUTANEOUS",Discontinued
REVIA,NALTREXONE HYDROCHLORIDE,NDA018932,TEVA WOMENS,TABLET,ORAL,Discontinued
REVLIMID,LENALIDOMIDE,NDA021880,BRISTOL MYERS SQUIBB,CAPSULE,ORAL,Prescription
REVONTO,DANTROLENE SODIUM,ANDA078378,USWM,INJECTABLE,INJECTION,Prescription
REVTORPYK,GEDATOLISIB,NDA219908,CELCUITY,POWDER,INTRAVENOUS,Prescription
REVUFORJ,REVUMENIB CITRATE,NDA218944,SYNDAX,TABLET,ORAL,Prescription
REXTOVY,NALOXONE HYDROCHLORIDE,NDA208969,AMPHASTAR PHARMS INC,"SPRAY, METERED",NASAL,Over-the-counter
REXULTI,BREXPIPRAZOLE,NDA205422,OTSUKA,TABLET,ORAL,Prescription
REYATAZ,ATAZANAVIR SULFATE,NDA206352,BRISTOL MYERS SQUIBB,POWDER,ORAL,Prescription
REYVOW,LASMIDITAN SUCCINATE,NDA211280,ELI LILLY AND CO,TABLET,ORAL,Discontinued
REZDIFFRA,RESMETIROM,NDA217785,MADRIGAL,TABLET,ORAL,Prescription
REZENOPY,NALOXONE HYDROCHLORIDE,NDA215487,SCIENTURE,SPRAY,NASAL,Prescription
REZIPAS,AMINOSALICYLIC ACID RESIN COMPLEX,NDA009052,BRISTOL MYERS SQUIBB,POWDER,ORAL,Discontinued
REZIPRES,EPHEDRINE HYDROCHLORIDE,NDA213536,DR REDDYS LABS SA,SOLUTION,INTRAVENOUS,Discontinued
REZIRA,HYDROCODONE BITARTRATE; PSEUDOEPHEDRINE HYDROCHLORIDE,NDA022442,PERSION,SOLUTION,ORAL,Discontinued
REZLIDHIA,OLUTASIDENIB,NDA215814,RIGEL PHARMS,CAPSULE,ORAL,Prescription
REZULIN,TROGLITAZONE,NDA020720,PFIZER PHARMS,TABLET,ORAL,Discontinued
REZUROCK,BELUMOSUDIL MESYLATE,NDA214783,KADMON PHARMS LLC,TABLET,ORAL,Prescription
REZVOGLAR,INSULIN GLARGINE-AGLR,BLA761215,ELI LILLY CO,INJECTABLE,INJECTION,Prescription
REZZAYO,REZAFUNGIN ACETATE,NDA217417,MUNDIPHARMA,POWDER,INTRAVENOUS,Prescription
RHAPSIDO,REMIBRUTINIB,NDA218436,NOVARTIS,TABLET,ORAL,Prescription
RHINOCORT,BUDESONIDE,NDA020233,ASTRAZENECA,"AEROSOL, METERED",NASAL,Discontinued
RHINOCORT ALLERGY,BUDESONIDE,NDA020746,KENVUE BRANDS,"SPRAY, METERED",NASAL,Over-the-counter
RHOFADE,OXYMETAZOLINE HYDROCHLORIDE,NDA208552,MAYNE PHARMA,CREAM,TOPICAL,Prescription
RHOPRESSA,NETARSUDIL MESYLATE,NDA208254,ALCON LABS INC,SOLUTION/DROPS,OPHTHALMIC,Prescription
RHUZDAH,ETHINYL ESTRADIOL; NORETHINDRONE,ANDA207585,AUROBINDO PHARMA,TABLET,ORAL-28,Discontinued
RIABNI,RITUXIMAB-ARRX,BLA761140,AMGEN INC,INJECTABLE,INJECTION,Prescription
RIBASPHERE,RIBAVIRIN,ANDA076203,CHARTWELL RX,CAPSULE,ORAL,Discontinued
RIBAVIRIN,RIBAVIRIN,ANDA077743,SANDOZ,TABLET,ORAL,Prescription
RIBOCICLIB,RIBOCICLIB,ANDA215677,ALEMBIC PHARMS LTD,TABLET,ORAL,None (Tentative Approval)
RID MOUSSE,PIPERONYL BUTOXIDE; PYRETHRINS,NDA021043,BAYER HEALTHCARE LLC,AEROSOL,TOPICAL,Discontinued
RIDAURA,AURANOFIN,NDA018689,LEGACY,CAPSULE,ORAL,Prescription
RIFABUTIN,RIFABUTIN,ANDA219519,ZYDUS LIFESCIENCES,CAPSULE,ORAL,Prescription
RIFADIN,RIFAMPIN,NDA050420,SANOFI AVENTIS US,CAPSULE,ORAL,Discontinued
RIFAMATE,ISONIAZID; RIFAMPIN,ANDA061884,SANOFI AVENTIS US,CAPSULE,ORAL,Discontinued
RIFAMPIN,RIFAMPIN,ANDA090034,LUPIN PHARMS,CAPSULE,ORAL,Prescription
RIFAMPIN AND ISONIAZID,ISONIAZID; RIFAMPIN,ANDA065221,HIKMA INTL PHARMS,CAPSULE,ORAL,Discontinued
RIFAPENTINE,RIFAPENTINE,ANDA217042,MACLEODS PHARMS,TABLET,ORAL,Prescription
RIFATER,ISONIAZID; PYRAZINAMIDE; RIFAMPIN,NDA050705,SANOFI AVENTIS US,TABLET,ORAL,Discontinued
RIFAXIMIN,RIFAXIMIN,ANDA208959,ACTAVIS LABS FL INC,TABLET,ORAL,Prescription
RILPIVIRINE,RILPIVIRINE,ANDA205302,STRIDES ARCOLAB LTD,TABLET,ORAL,None (Tentative Approval)
RILPIVIRINE HYDROCHLORIDE,RILPIVIRINE HYDROCHLORIDE,ANDA218798,SOMERSET THERAPS LLC,TABLET,ORAL,Prescription
RILUTEK,RILUZOLE,NDA020599,AZURITY,TABLET,ORAL,Discontinued
RILUZOLE,RILUZOLE,ANDA091417,SUN PHARM INDS LTD,TABLET,ORAL,Discontinued
RIMACTANE,RIFAMPIN,NDA050429,OXFORD PHARMS,CAPSULE,ORAL,Prescription
RIMADYL,CARPROFEN,NDA018550,ROCHE,TABLET,ORAL,Discontinued
RIMANTADINE HYDROCHLORIDE,RIMANTADINE HYDROCHLORIDE,ANDA076132,IMPAX LABS,TABLET,ORAL,Prescription
RIMEGEPANT,RIMEGEPANT,ANDA219399,APOTEX CORP,"TABLET, ORALLY DISINTEGRATING",ORAL,None (Tentative Approval)
RIMIFON,ISONIAZID,NDA008420,ROCHE,INJECTABLE,INJECTION,Discontinued
RIMSO-50,DIMETHYL SULFOXIDE,NDA017788,MYLAN INSTITUTIONAL,SOLUTION,INTRAVESICAL,Prescription
RINGER'S IN PLASTIC CONTAINER,CALCIUM CHLORIDE; POTASSIUM CHLORIDE; SODIUM CHLORIDE,NDA018462,ABBOTT,SOLUTION,IRRIGATION,Discontinued
RINVOQ,UPADACITINIB,NDA211675,ABBVIE,"TABLET, EXTENDED RELEASE",ORAL,Prescription
RINVOQ LQ,UPADACITINIB,NDA218347,ABBVIE,SOLUTION,ORAL,Prescription
RIOCIGUAT,RIOCIGUAT,ANDA211044,TEVA PHARMS USA INC,TABLET,ORAL,None (Tentative Approval)
RIOMET,METFORMIN HYDROCHLORIDE,NDA021591,RANBAXY,SOLUTION,ORAL,Discontinued
RIOMET ER,METFORMIN HYDROCHLORIDE,NDA212595,SUN PHARM,"FOR SUSPENSION, EXTENDED RELEASE",ORAL,Discontinued
RISEDRONATE SODIUM,RISEDRONATE SODIUM,ANDA090886,SUN PHARM,TABLET,ORAL,Prescription
RISPERDAL,RISPERIDONE,NDA020588,JANSSEN PHARMS,SOLUTION,ORAL,Prescription
RISPERDAL CONSTA,RISPERIDONE,NDA021346,JANSSEN PHARMS,POWDER,INTRAMUSCULAR,Prescription
RISPERIDONE,RISPERIDONE,ANDA077328,SENORES PHARMS,"TABLET, ORALLY DISINTEGRATING",ORAL,Prescription
RISVAN,RISPERIDONE,NDA214835,LABS FARMS ROVI SA,"FOR SUSPENSION, EXTENDED RELEASE",INTRAMUSCULAR,Discontinued
RITALIN,METHYLPHENIDATE HYDROCHLORIDE,NDA010187,SANDOZ,TABLET,ORAL,Prescription
RITALIN LA,METHYLPHENIDATE HYDROCHLORIDE,NDA021284,SANDOZ,"CAPSULE, EXTENDED RELEASE",ORAL,Prescription
RITALIN-SR,METHYLPHENIDATE HYDROCHLORIDE,NDA018029,NOVARTIS,"TABLET, EXTENDED RELEASE",ORAL,Discontinued
RITODRINE HCL,RITODRINE HYDROCHLORIDE,ANDA070700,QUAD PHARMS,Injectable,Injection,Discontinued
RITODRINE HYDROCHLORIDE,RITODRINE HYDROCHLORIDE,ANDA071188,ABRAXIS PHARM,INJECTABLE,INJECTION,Discontinued
RITODRINE HYDROCHLORIDE IN DEXTROSE 5% IN PLASTIC CONTAINER,RITODRINE HYDROCHLORIDE,ANDA071438,HOSPIRA,INJECTABLE,INJECTION,Discontinued
RITONAVIR,RITONAVIR,ANDA202738,MYLAN PHARMS INC,TABLET,ORAL,None (Tentative Approval)
RITUXAN,RITUXIMAB,BLA103705,GENENTECH,SOLUTION,INTRAVENOUS,Prescription
RITUXAN HYCELA,HYALURONIDASE (HUMAN RECOMBINANT); RITUXIMAB,BLA761064,GENENTECH INC,SOLUTION,SUBCUTANEOUS,Prescription
RIVAROXABAN,RIVAROXABAN,ANDA208220,BRECKENRIDGE,TABLET,ORAL,Prescription
RIVASTIGMINE,RIVASTIGMINE,ANDA215445,YICHANG HUMANWELL,"FILM, EXTENDED RELEASE",TRANSDERMAL,Prescription
RIVASTIGMINE,RIVASTIGMINE TARTRATE,ANDA077363,RANBAXY,SOLUTION,ORAL,None (Tentative Approval)
RIVASTIGMINE TARTRATE,RIVASTIGMINE TARTRATE,ANDA091072,APOTEX INC,CAPSULE,ORAL,Discontinued
RIVFLOZA,NEDOSIRAN SODIUM,NDA215842,NOVO,SOLUTION,INJECTION,Prescription
RIVIVE,NALOXONE HYDROCHLORIDE,NDA217722,HARM REDUCTION THERP,"SPRAY, METERED",NASAL,Over-the-counter
RIZAFILM,RIZATRIPTAN BENZOATE,NDA205394,GENSCO,FILM,ORAL,Discontinued
RIZATRIPTAN BENZOATE,RIZATRIPTAN BENZOATE,ANDA202047,CREEKWOOD PHARMS,TABLET,ORAL,Prescription
ROBAXIN,METHOCARBAMOL,NDA011790,HIKMA,SOLUTION,IM-IV,Prescription
ROBAXIN-750,METHOCARBAMOL,NDA011011,ENDO OPERATIONS,TABLET,ORAL,Discontinued
ROBAXISAL,ASPIRIN; METHOCARBAMOL,NDA012281,ROBINS AH,TABLET,ORAL,Discontinued
ROBENGATOPE,ROSE BENGAL SODIUM I-131,NDA016224,BRACCO,INJECTABLE,INJECTION,Discontinued
ROBIMYCIN,ERYTHROMYCIN,ANDA061633,ROBINS AH,"TABLET, DELAYED RELEASE",ORAL,Discontinued
ROBINUL,GLYCOPYRROLATE,NDA014764,ROBINS AH,INJECTABLE,INJECTION,Discontinued
ROBINUL FORTE,GLYCOPYRROLATE,NDA012827,CASPER PHARMA LLC,TABLET,ORAL,Prescription
ROBITET,TETRACYCLINE HYDROCHLORIDE,ANDA061734,WYETH AYERST,CAPSULE,ORAL,Discontinued
ROCALTROL,CALCITRIOL,NDA021068,ESJAY PHARMA,SOLUTION,ORAL,Prescription
ROCEPHIN,CEFTRIAXONE SODIUM,ANDA062654,HOFFMANN LA ROCHE,INJECTABLE,INJECTION,Discontinued
ROCEPHIN KIT,CEFTRIAXONE SODIUM; LIDOCAINE,NDA050585,HOFFMANN LA ROCHE,INJECTABLE,INJECTION,Discontinued
ROCEPHIN W/ DEXTROSE IN PLASTIC CONTAINER,CEFTRIAXONE SODIUM,NDA050624,HOFFMANN LA ROCHE,INJECTABLE,INJECTION,Discontinued
ROCKLATAN,LATANOPROST; NETARSUDIL DIMESYLATE,NDA208259,ALCON LABS INC,SOLUTION/DROPS,OPHTHALMIC,Prescription
ROCURONIUM BROMIDE,ROCURONIUM BROMIDE,ANDA078651,FRESENIUS KABI USA,INJECTABLE,INJECTION,Prescription
ROFLUMILAST,ROFLUMILAST,ANDA208213,HETERO LABS LTD III,TABLET,ORAL,Prescription
ROGAINE (FOR MEN),MINOXIDIL,NDA019501,KENVUE BRANDS,SOLUTION,TOPICAL,Over-the-counter
ROGAINE (FOR WOMEN),MINOXIDIL,NDA019501,KENVUE BRANDS,SOLUTION,TOPICAL,Over-the-counter
ROGAINE EXTRA STRENGTH (FOR MEN),MINOXIDIL,NDA020834,KENVUE BRANDS,SOLUTION,TOPICAL,Over-the-counter
ROLVEDON,EFLAPEGRASTIM-XNST,BLA761148,SPECTRUM PHARMS,INJECTABLE,SUBCUTANEOUS,Prescription
ROMAZICON,FLUMAZENIL,NDA020073,HOFFMANN LA ROCHE,INJECTABLE,INJECTION,Discontinued
ROMIDEPSIN,ROMIDEPSIN,ANDA206254,FRESENIUS KABI USA,POWDER,INTRAVENOUS,Prescription
ROMVIMZA,VIMSELTINIB,NDA219304,DECIPHERA PHARMS,CAPSULE,ORAL,Prescription
RONDOMYCIN,METHACYCLINE HYDROCHLORIDE,ANDA060641,MEDPOINTE PHARM HLC,SYRUP,ORAL,Discontinued
ROPINIROLE HYDROCHLORIDE,ROPINIROLE HYDROCHLORIDE,ANDA090411,ZYDUS LIFESCIENCES,TABLET,ORAL,Prescription
ROPIVACAINE HYDROCHLORIDE,ROPIVACAINE HYDROCHLORIDE,ANDA206091,MYLAN LABS LTD,SOLUTION,INJECTION,Prescription
ROSIGLITAZONE,ROSIGLITAZONE MALEATE,ANDA078023,WATSON LABS,TABLET,ORAL,None (Tentative Approval)
ROSIGLITAZONE MALEATE,ROSIGLITAZONE MALEATE,ANDA076747,ANI PHARMS,TABLET,ORAL,Discontinued
ROSIGLITAZONE MALEATE AND GLIMEPIRIDE,GLIMEPIRIDE; ROSIGLITAZONE MALEATE,ANDA078709,TEVA PHARMS USA,TABLET,ORAL,Discontinued
ROSIGLITAZONE MALEATE AND METFORMIN HYDROCHLORIDE,METFORMIN HYDROCHLORIDE; ROSIGLITAZONE MALEATE,ANDA077337,TEVA,TABLET,ORAL,Discontinued
ROSUVASTATIN CALCIUM,ROSUVASTATIN CALCIUM,ANDA079167,WATSON LABS INC,TABLET,ORAL,Prescription
ROSUVASTATIN ZINC,ROSUVASTATIN ZINC,NDA202172,WATSON LABS INC,TABLET,ORAL,None (Tentative Approval)
ROSZET,EZETIMIBE; ROSUVASTATIN CALCIUM,NDA213072,ALTHERA PHARMS,TABLET,ORAL,Discontinued
ROWASA,MESALAMINE,NDA019919,MEDA PHARMS,SUPPOSITORY,RECTAL,Discontinued
ROXICET,ACETAMINOPHEN; OXYCODONE HYDROCHLORIDE,ANDA087003,HIKMA,TABLET,ORAL,Discontinued
ROXICET 5/500,ACETAMINOPHEN; OXYCODONE HYDROCHLORIDE,ANDA089775,ROXANE,TABLET,ORAL,Discontinued
ROXICODONE,OXYCODONE HYDROCHLORIDE,NDA020932,ROXANE,"TABLET, EXTENDED RELEASE",ORAL,Discontinued
ROXILOX,ACETAMINOPHEN; OXYCODONE HYDROCHLORIDE,ANDA040061,ROXANE,CAPSULE,ORAL,Discontinued
ROXIPRIN,ASPIRIN; OXYCODONE HYDROCHLORIDE; OXYCODONE TEREPHTHALATE,ANDA087743,ROXANE,TABLET,ORAL,Discontinued
ROXYBOND,OXYCODONE HYDROCHLORIDE,NDA209777,PROTEGA PHARMS,TABLET,ORAL,Prescription
ROZEREM,RAMELTEON,NDA021782,TAKEDA PHARMS USA,TABLET,ORAL,Prescription
ROZLYTREK,ENTRECTINIB,NDA218550,GENENTECH INC,PELLETS,ORAL,Prescription
RUBEX,DOXORUBICIN HYDROCHLORIDE,ANDA062926,BRISTOL MYERS SQUIBB,INJECTABLE,INJECTION,Discontinued
RUBIVITE,CYANOCOBALAMIN,NDA010791,BEL MAR,INJECTABLE,INJECTION,Discontinued
RUBRACA,RUCAPARIB CAMSYLATE,NDA209115,PHARMAAND,TABLET,ORAL,Prescription
RUBRAMIN PC,CYANOCOBALAMIN,NDA006799,BRISTOL MYERS SQUIBB,INJECTABLE,INJECTION,Discontinued
RUBY-FILL,RUBIDIUM CHLORIDE RB-82,NDA202153,JUBILANT,SOLUTION,INTRAVENOUS,Prescription
RUFEN,IBUPROFEN,NDA018197,BASF,TABLET,ORAL,Discontinued
RUFINAMIDE,RUFINAMIDE,ANDA213457,LUPIN,SUSPENSION,ORAL,Prescription
RUKOBIA,FOSTEMSAVIR TROMETHAMINE,NDA212950,VIIV HLTHCARE,"TABLET, EXTENDED RELEASE",ORAL,Prescription
RUVITE,CYANOCOBALAMIN,ANDA080570,SAVAGE LABS,INJECTABLE,INJECTION,Discontinued
RUXIENCE,RITUXIMAB-PVVR,BLA761103,PFIZER INC,INJECTABLE,INJECTION,Prescription
RUXOLITINIB,RUXOLITINIB,ANDA208869,APOTEX INC,TABLET,,None (Tentative Approval)
RUZURGI,AMIFAMPRIDINE,NDA209321,JACOBUS PHARM CO INC,TABLET,ORAL,None (Tentative Approval)
RYALTRIS,MOMETASONE FUROATE; OLOPATADINE HYDROCHLORIDE,NDA211746,GLENMARK SPECLT,"SPRAY, METERED",NASAL,Prescription
RYANODEX,DANTROLENE SODIUM,NDA205579,EAGLE PHARMS,FOR SUSPENSION,INTRAVENOUS,Prescription
RYBELSUS,SEMAGLUTIDE,NDA213182,NOVO NORDISK INC,TABLET,ORAL,Prescription
RYBIX ODT,TRAMADOL HYDROCHLORIDE,NDA021693,SHIONOGI INC,"TABLET, ORALLY DISINTEGRATING",ORAL,Discontinued
RYBREVANT,AMIVANTAMAB-VMJW,BLA761210,JANSSEN BIOTECH,INJECTABLE,INJECTION,Prescription
RYBREVANT FASPRO,AMIVANTAMAB AND HYALURONIDASE-LPUJ,BLA761433,JANSSEN BIOTECH,INJECTION,,Prescription
RYDAPT,MIDOSTAURIN,NDA207997,NOVARTIS,CAPSULE,ORAL,Prescription
RYKINDO,RISPERIDONE,NDA212849,SHANDONG LUYE,"FOR SUSPENSION, EXTENDED RELEASE",INTRAMUSCULAR,Discontinued
RYLAZE,ASPARAGINASE ERWINIA CHRYSANTHEMI (RECOMBINANT)-RYWN,BLA761179,JAZZ PHARMS,INJECTABLE,INTRAMUSCULAR,Prescription
RYSTIGGO,ROZANOLIXIZUMAB-NOLI,BLA761286,UCB INC,INJECTABLE,SUBCUTANEOUS,Prescription
RYTARY,CARBIDOPA; LEVODOPA,NDA203312,IMPAX,"CAPSULE, EXTENDED RELEASE",ORAL,Prescription
RYTELO,IMETELSTAT SODIUM,NDA217779,GERON,POWDER,INTRAVENOUS,Prescription
RYTHMOL,PROPAFENONE HYDROCHLORIDE,NDA019151,GLAXOSMITHKLINE LLC,TABLET,ORAL,Discontinued
RYTHMOL SR,PROPAFENONE HYDROCHLORIDE,NDA021416,GLAXOSMITHKLINE LLC,"CAPSULE, EXTENDED RELEASE",ORAL,Discontinued
RYZNEUTA,EFBEMALENOGRASTIM ALFA-VUXW,BLA761134,EVIVE BIOTECHNOLOGY,INJECTABLE,INJECTION,Prescription
RYZODEG 70/30,INSULIN ASPART; INSULIN DEGLUDEC,BLA203313,NOVO,SOLUTION,SUBCUTANEOUS,Discontinued
RYZOLT,TRAMADOL HYDROCHLORIDE,NDA021745,PURDUE PHARMA,"TABLET, EXTENDED RELEASE",ORAL,Discontinued
RYZUMVI,PHENTOLAMINE MESYLATE,NDA217064,FAMYGEN LIFE SCI,SOLUTION,OPHTHALMIC,Prescription
Ruxolitinib,Ruxolitinib,NDA219660,APOTEX,TABLET,ORAL,None (Tentative Approval)
S.A.S.-500,SULFASALAZINE,ANDA083450,SOLVAY,TABLET,ORAL,Discontinued
SABRIL,VIGABATRIN,NDA020427,LUNDBECK PHARMS LLC,TABLET,ORAL,Prescription
SACUBITRIL AND VALSARTAN,SACUBITRIL; VALSARTAN,ANDA213604,TORRENT,TABLET,ORAL,Prescription
SAFINAMIDE,SAFINAMIDE,ANDA216020,OPTIMUS PHARMA PRIVATE LTD,TABLET,ORAL,None (Tentative Approval)
SAFINAMIDE MESYLATE,SAFINAMIDE MESYLATE,ANDA215978,MSN,TABLET,ORAL,Prescription
SAFYRAL,DROSPIRENONE; ETHINYL ESTRADIOL; LEVOMEFOLATE CALCIUM,NDA022574,BAYER HLTHCARE,TABLET,ORAL,Prescription
SAIZEN,SOMATROPIN,BLA019764,EMD SERONO,INJECTABLE,INJECTION,Prescription
SALAGEN,PILOCARPINE HYDROCHLORIDE,NDA020237,ADVANZ PHARMA,TABLET,ORAL,Prescription
SALONPAS,MENTHOL; METHYL SALICYLATE,NDA022029,HISAMITSU PHARM CO,PATCH,TOPICAL,Over-the-counter
SALPIX,ACETRIZOATE SODIUM,NDA009008,ORTHO MCNEIL PHARM,SOLUTION,INTRAUTERINE,Discontinued
SALURON,HYDROFLUMETHIAZIDE,NDA011949,SHIRE LLC,TABLET,ORAL,Discontinued
SALUTENSIN,HYDROFLUMETHIAZIDE; RESERPINE,NDA012359,SHIRE,TABLET,ORAL,Discontinued
SALUTENSIN-DEMI,HYDROFLUMETHIAZIDE; RESERPINE,NDA012359,SHIRE,TABLET,ORAL,Discontinued
SAMSCA,TOLVAPTAN,NDA022275,OTSUKA,TABLET,ORAL,Prescription
SANCTURA,TROSPIUM CHLORIDE,NDA021595,ALLERGAN,TABLET,ORAL,Discontinued
SANCTURA XR,TROSPIUM CHLORIDE,NDA022103,ALLERGAN,"CAPSULE, EXTENDED RELEASE",ORAL,Discontinued
SANCUSO,GRANISETRON,NDA022198,APOTEX,"FILM, EXTENDED RELEASE",TRANSDERMAL,Prescription
SANDIMMUNE,CYCLOSPORINE,NDA050573,NOVARTIS,INJECTABLE,INJECTION,Prescription
SANDOSTATIN,OCTREOTIDE ACETATE,NDA019667,NOVARTIS,INJECTABLE,INJECTION,Discontinued
SANDOSTATIN LAR,OCTREOTIDE ACETATE,NDA021008,NOVARTIS,INJECTABLE,INJECTION,Prescription
SANDRIL,RESERPINE,NDA010012,LILLY,INJECTABLE,INJECTION,Discontinued
SANOREX,MAZINDOL,NDA017247,NOVARTIS,TABLET,ORAL,Discontinued
SANSAC,ERYTHROMYCIN,ANDA062522,DOW PHARM,SOLUTION,TOPICAL,Discontinued
SANSERT,METHYSERGIDE MALEATE,NDA012516,NOVARTIS,TABLET,ORAL,Discontinued
SANTYL,COLLAGENASE,BLA101995,SMITH AND NEPHEW,OINTMENT,TOPICAL,Prescription
SAPHNELO,ANIFROLUMAB-FNIA,BLA761451,ASTRAZENECA AB,INJECTION,,Prescription
SAPHRIS,ASENAPINE MALEATE,NDA022117,ABBVIE,TABLET,SUBLINGUAL,Prescription
SAPROPTERIN DIHYDROCHLORIDE,SAPROPTERIN DIHYDROCHLORIDE,ANDA209452,DR REDDYS,FOR SOLUTION,ORAL,Prescription
SARAFEM,FLUOXETINE HYDROCHLORIDE,NDA021860,APIL,TABLET,ORAL,Discontinued
SARCLISA,ISATUXIMAB-IRFC,BLA761113,SANOFI AVENTIS US,INJECTABLE,INJECTION,Prescription
SARCLISA ESCENA,ISATUXIMAB-IRFC,BLA761445,SANOFI-AVENTIS U.S. LLC,VIAL,SINGLE-DOSE,Prescription
SARENIN,SARALASIN ACETATE,NDA018009,PROCTER AND GAMBLE,INJECTABLE,INJECTION,Discontinued
SARISOL,BUTABARBITAL SODIUM,ANDA084723,HALSEY,ELIXIR,ORAL,Discontinued
SARISOL NO. 1,BUTABARBITAL SODIUM,ANDA084719,HALSEY,TABLET,ORAL,Discontinued
SARISOL NO. 2,BUTABARBITAL SODIUM,ANDA084719,HALSEY,TABLET,ORAL,Discontinued
SATRIC,METRONIDAZOLE,ANDA070029,SAVAGE LABS,TABLET,ORAL,Discontinued
SAVAYSA,EDOXABAN TOSYLATE,NDA206316,DAIICHI SANKYO INC,TABLET,ORAL,Prescription
SAVELLA,MILNACIPRAN HYDROCHLORIDE,NDA022256,ABBVIE,TABLET,ORAL,Prescription
SAXAGLIPTIN,SAXAGLIPTIN,ANDA205959,PAR PHARM,TABLET,ORAL,None (Tentative Approval)
SAXAGLIPTIN,SAXAGLIPTIN HYDROCHLORIDE,ANDA205941,AMNEAL,TABLET,ORAL,Discontinued
SAXAGLIPTIN AND METFORMIN HYDROCHLORIDE,METFORMIN HYDROCHLORIDE; SAXAGLIPTIN HYDROCHLORIDE,ANDA206081,SUN PHARM,"TABLET, EXTENDED RELEASE",ORAL,Discontinued
SAXAGLIPTIN;METFORMIN HYDROCHLORIDE,METFORMIN HYDROCHLORIDE; SAXAGLIPTIN,ANDA205942,AMNEAL PHARMS,"TABLET, EXTENDED RELEASE",ORAL,None (Tentative Approval)
SAXENDA,LIRAGLUTIDE,NDA206321,NOVO,SOLUTION,SUBCUTANEOUS,Prescription
SCABENE,LINDANE,ANDA086769,STIEFEL,LOTION,TOPICAL,Discontinued
SCANDONEST L,LEVONORDEFRIN; MEPIVACAINE HYDROCHLORIDE,ANDA088388,DEPROCO,INJECTABLE,INJECTION,Discontinued
SCANDONEST PLAIN,MEPIVACAINE HYDROCHLORIDE,ANDA088387,DEPROCO,INJECTABLE,INJECTION,Prescription
SCANLUX-300,IOPAMIDOL,ANDA090394,SANOCHEMIA CORP USA,INJECTABLE,INJECTION,Discontinued
SCANLUX-370,IOPAMIDOL,ANDA090394,SANOCHEMIA CORP USA,INJECTABLE,INJECTION,Discontinued
SCEMBLIX,ASCIMINIB HYDROCHLORIDE,NDA215358,NOVARTIS,TABLET,ORAL,Prescription
SCENESSE,AFAMELANOTIDE,NDA210797,CLIVUNEL INC,IMPLANT,SUBCUTANEOUS,Prescription
SCLEROSOL,TALC,NDA020587,SCIARRA LABS,AEROSOL,INTRAPLEURAL,Prescription
SCOMARA,SIROLIMUS,NDA218528,AFT PHARMACEUTICALS LTD,CREAM,TOPICAL,Prescription
SCOPOLAMINE,SCOPOLAMINE,ANDA218384,AMNEAL,SYSTEM,TRANSDERMAL,Prescription
SCRUBTEAM SURGICAL SPONGEBRUSH,HEXACHLOROPHENE,NDA017413,3M,SPONGE,TOPICAL,Discontinued
SDAMLO,AMLODIPINE BESYLATE,NDA219531,BRILLIAN PHARMA,FOR SOLUTION,ORAL,Prescription
SEASONALE,ETHINYL ESTRADIOL; LEVONORGESTREL,NDA021544,TEVA BRANDED PHARM,TABLET,ORAL,Prescription
SEASONIQUE,ETHINYL ESTRADIOL; LEVONORGESTREL,NDA021840,TEVA BRANDED PHARM,TABLET,ORAL,Prescription
SECOBARBITAL SODIUM,SECOBARBITAL SODIUM,ANDA084762,PARKE DAVIS,CAPSULE,ORAL,Discontinued
SECONAL SODIUM,SECOBARBITAL SODIUM,ANDA086530,LILLY,SUPPOSITORY,RECTAL,Discontinued
SECREFLO,SECRETIN SYNTHETIC PORCINE,NDA021136,CHIRHOCLIN,FOR SOLUTION,INTRAVENOUS,Discontinued
SECRETIN-FERRING,SECRETIN,NDA018290,FERRING,INJECTABLE,INJECTION,Discontinued
SECTRAL,ACEBUTOLOL HYDROCHLORIDE,NDA018917,PROMIUS PHARMA,CAPSULE,ORAL,Discontinued
SECUADO,ASENAPINE,NDA212268,HISAMITSU,SYSTEM,TRANSDERMAL,Prescription
SEDAPAP,ACETAMINOPHEN; BUTALBITAL,ANDA088944,MAYRAND,TABLET,ORAL,Discontinued
SEEBRI NEOHALER,GLYCOPYRROLATE,NDA207923,NOVARTIS,POWDER,INHALATION,Discontinued
SEFFIN,CEPHALOTHIN SODIUM,ANDA062435,GLAXOSMITHKLINE,INJECTABLE,INJECTION,Discontinued
SEGLENTIS,CELECOXIB; TRAMADOL HYDROCHLORIDE,NDA213426,KOWA PHARMS,TABLET,ORAL,Discontinued
SEGLUROMET,ERTUGLIFLOZIN; METFORMIN HYDROCHLORIDE,NDA209806,MSD SUB MERCK,TABLET,ORAL,Prescription
SEIZALAM,MIDAZOLAM HYDROCHLORIDE,NDA209566,MMT,SOLUTION,INTRAMUSCULAR,Discontinued
SELARSDI,USTEKINUMAB-AEKN,BLA761343,ALVOTECH USA INC,INJECTABLE,INJECTION,Prescription
SELEGILINE HYDROCHLORIDE,SELEGILINE HYDROCHLORIDE,ANDA075352,NOVITIUM PHARMA,CAPSULE,ORAL,Prescription
SELENIOUS ACID,SELENIOUS ACID,NDA209379,AM REGENT,SOLUTION,INTRAVENOUS,Prescription
SELENIUM SULFIDE,SELENIUM SULFIDE,ANDA084394,ACTAVIS MID ATLANTIC,LOTION/SHAMPOO,TOPICAL,Discontinued
SELENOMETHIONINE SE 75,SELENOMETHIONINE SE-75,NDA017257,GE HEALTHCARE,INJECTABLE,INJECTION,Discontinued
SELEXIPAG,SELEXIPAG,ANDA214055,RK PHARMA,TABLET,ORAL,Prescription
SELFEMRA,FLUOXETINE HYDROCHLORIDE,ANDA200151,TEVA PHARMS USA,TABLET,ORAL,Discontinued
SELSUN,SELENIUM SULFIDE,NDA007936,CHATTEM,LOTION/SHAMPOO,TOPICAL,Discontinued
SELZENTRY,MARAVIROC,NDA208984,VIIV HLTHCARE,SOLUTION,ORAL,Prescription
SEMAGLUTIDE,SEMAGLUTIDE,ANDA220314,APOTEX INC,INJECTION,SOLUTION,None (Tentative Approval)
SEMGLEE,INSULIN GLARGINE,BLA210605,MYLAN PHARMS INC,INJECTABLE,INJECTION,Prescription
SEMGLEE,INSULIN GLARGINE-YFGN,BLA761201,MYLAN PHARMS INC,INJECTABLE,INJECTION,Prescription
SEMPREX-D,ACRIVASTINE; PSEUDOEPHEDRINE HYDROCHLORIDE,NDA019806,ENDO OPERATIONS,CAPSULE,ORAL,Discontinued
SENSIPAR,CINACALCET HYDROCHLORIDE,NDA021688,AMGEN,TABLET,ORAL,Discontinued
SENSORCAINE,BUPIVACAINE HYDROCHLORIDE,ANDA070553,FRESENIUS KABI USA,INJECTABLE,INJECTION,Prescription
SENSORCAINE,BUPIVACAINE HYDROCHLORIDE; EPINEPHRINE BITARTRATE,ANDA070968,FRESENIUS KABI USA,INJECTABLE,INJECTION,Prescription
SEPHIENCE,SEPIAPTERIN,NDA219666,PTC THERAP,POWDER,ORAL,Prescription
SEPTI-SOFT,HEXACHLOROPHENE,NDA017460,CALGON,SOLUTION,TOPICAL,Discontinued
SEPTISOL,HEXACHLOROPHENE,NDA017424,VESTAL LABS,AEROSOL,TOPICAL,Discontinued
SEPTOCAINE,ARTICAINE HYDROCHLORIDE; EPINEPHRINE BITARTRATE,NDA020971,DEPROCO,INJECTABLE,INJECTION,Prescription
SEPTRA,SULFAMETHOXAZOLE; TRIMETHOPRIM,NDA017598,MONARCH PHARMS,SUSPENSION,ORAL,Discontinued
SEPTRA DS,SULFAMETHOXAZOLE; TRIMETHOPRIM,NDA017376,MONARCH PHARMS,TABLET,ORAL,Discontinued
SEPTRA GRAPE,SULFAMETHOXAZOLE; TRIMETHOPRIM,NDA017598,MONARCH PHARMS,SUSPENSION,ORAL,Discontinued
SER-A-GEN,HYDRALAZINE HYDROCHLORIDE; HYDROCHLOROTHIAZIDE; RESERPINE,ANDA087210,SOLVAY,TABLET,ORAL,Discontinued
SER-AP-ES,HYDRALAZINE HYDROCHLORIDE; HYDROCHLOROTHIAZIDE; RESERPINE,NDA012193,NOVARTIS,TABLET,ORAL,Discontinued
SERAX,OXAZEPAM,NDA015539,ALPHARMA US PHARMS,TABLET,ORAL,Discontinued
SERENTIL,MESORIDAZINE BESYLATE,NDA016775,NOVARTIS,INJECTABLE,INJECTION,Discontinued
SEREVENT,SALMETEROL XINAFOATE,NDA020692,GLAXOSMITHKLINE,POWDER,INHALATION,Prescription
SERNIVO,BETAMETHASONE DIPROPIONATE,NDA208079,PRIMUS PHARMS,SPRAY,TOPICAL,Prescription
SEROMYCIN,CYCLOSERINE,ANDA060593,SANALUZ,CAPSULE,ORAL,Prescription
SEROPHENE,CLOMIPHENE CITRATE,NDA018361,EMD SERONO,TABLET,ORAL,Discontinued
SEROQUEL,QUETIAPINE FUMARATE,NDA020639,CHEPLAPHARM,TABLET,ORAL,Prescription
SEROQUEL XR,QUETIAPINE FUMARATE,NDA022047,CHEPLAPHARM,"TABLET, EXTENDED RELEASE",ORAL,Prescription
SEROSTIM,SOMATROPIN,BLA020604,EMD SERONO,INJECTABLE,INJECTION,Prescription
SEROSTIM LQ,SOMATROPIN,BLA020604,EMD SERONO,INJECTABLE,SUBCUTANEOUS,Discontinued
SERPALAN,RESERPINE,NDA010124,LANNETT,TABLET,ORAL,Discontinued
SERPANRAY,RESERPINE,NDA009391,PANRAY,TABLET,ORAL,Discontinued
SERPASIL,RESERPINE,NDA009115,NOVARTIS,ELIXIR,ORAL,Discontinued
SERPASIL-APRESOLINE,HYDRALAZINE HYDROCHLORIDE; RESERPINE,NDA009296,NOVARTIS,TABLET,ORAL,Discontinued
SERPASIL-ESIDRIX #1,HYDROCHLOROTHIAZIDE; RESERPINE,NDA011878,NOVARTIS,TABLET,ORAL,Discontinued
SERPASIL-ESIDRIX #2,HYDROCHLOROTHIAZIDE; RESERPINE,NDA011878,NOVARTIS,TABLET,ORAL,Discontinued
SERPATE,RESERPINE,NDA009453,VALE,TABLET,ORAL,Discontinued
SERPIVITE,RESERPINE,NDA009645,VITARINE,TABLET,ORAL,Discontinued
SERTRALINE HYDROCHLORIDE,SERTRALINE HYDROCHLORIDE,ANDA078403,GRANULES,TABLET,ORAL,Prescription
SERVISONE,PREDNISONE,ANDA080223,LEDERLE,TABLET,ORAL,Discontinued
SERZONE,NEFAZODONE HYDROCHLORIDE,NDA020152,BRISTOL MYERS SQUIBB,TABLET,ORAL,Discontinued
SESQUIENT,FOSPHENYTOIN SODIUM,NDA210864,LUPIN,SOLUTION,INTRAVENOUS,Discontinued
SETHOTOPE,SELENOMETHIONINE SE-75,NDA017047,BRACCO,INJECTABLE,INJECTION,Discontinued
SETLAKIN,ETHINYL ESTRADIOL; LEVONORGESTREL,ANDA090716,NOVAST LABS,TABLET,ORAL,Prescription
SEVELAMER CARBONATE,SEVELAMER CARBONATE,ANDA201069,STRIDES PHARMA INTL,TABLET,ORAL,Discontinued
SEVELAMER HYDROCHLORIDE,SEVELAMER HYDROCHLORIDE,ANDA212599,AUROBINDO PHARMA LTD,TABLET,ORAL,Prescription
SEVOFLURANE,SEVOFLURANE,ANDA214382,SHANDONG,LIQUID,INHALATION,Prescription
SEYSARA,SARECYCLINE HYDROCHLORIDE,NDA209521,ALMIRALL,TABLET,ORAL,Prescription
SEZABY,PHENOBARBITAL SODIUM,NDA215910,SUN PHARM INDS INC,POWDER,INTRAVENOUS,Prescription
SFROWASA,MESALAMINE,NDA019618,MYLAN SPECIALITY LP,ENEMA,RECTAL,Discontinued
SHADE UVAGUARD,AVOBENZONE; OCTINOXATE; OXYBENZONE,NDA020045,BAYER HEALTHCARE LLC,LOTION,TOPICAL,Discontinued
SHEUR,"ELAGOLIX, ESTRADIOL AND NORETHINDRONE ACETATE AND ELAGOLIX",ANDA217650,TEVA PHARM,CAPSULE,,Prescription
SIGNIFOR,PASIREOTIDE DIASPARTATE,NDA200677,RECORDATI RARE,SOLUTION,SUBCUTANEOUS,Prescription
SIGNIFOR LAR KIT,PASIREOTIDE PAMOATE,NDA203255,RECORDATI RARE,FOR SUSPENSION,INTRAMUSCULAR,Prescription
SIKLOS,HYDROXYUREA,NDA208843,THERAVIA,TABLET,ORAL,Prescription
SILDAFLO,SILVER SULFADIAZINE,NDA019608,FRANKLIN PHARMS,DRESSING,TOPICAL,Discontinued
SILDENAFIL CITRATE,SILDENAFIL CITRATE,ANDA201150,MYLAN PHARMS INC,TABLET,ORAL,Discontinued
SILENOR,DOXEPIN HYDROCHLORIDE,NDA022036,CURRAX,TABLET,ORAL,Prescription
SILIQ,BRODALUMAB,BLA761032,VALEANT LUXEMBOURG,INJECTABLE,INJECTION,Prescription
SILODOSIN,SILODOSIN,ANDA211731,ALEMBIC,CAPSULE,ORAL,Discontinued
SILPHEN,DIPHENHYDRAMINE HYDROCHLORIDE,ANDA072646,LANNETT CO INC,SYRUP,ORAL,Discontinued
SILVADENE,SILVER SULFADIAZINE,NDA017381,KING PHARMS LLC,CREAM,TOPICAL,Prescription
SIMBRINZA,BRIMONIDINE TARTRATE; BRINZOLAMIDE,NDA204251,ALCON LABS INC,SUSPENSION/DROPS,OPHTHALMIC,Prescription
SIMLANDI,ADALIMUMAB-RYVK,BLA761299,ALVOTECH USA INC,INJECTABLE,INJECTION,Prescription
SIMLIYA,DESOGESTREL; ETHINYL ESTRADIOL,ANDA206853,AUROBINDO PHARMA,TABLET,ORAL-28,Prescription
SIMPESSE,ETHINYL ESTRADIOL; LEVONORGESTREL,ANDA206851,AUROBINDO PHARMA,TABLET,ORAL,Prescription
SIMPONI,GOLIMUMAB,BLA125289,CENTOCOR ORTHO BIOTECH INC,INJECTABLE,INJECTION,Prescription
SIMPONI ARIA,GOLIMUMAB,BLA125433,JANSSEN BIOTECH,INJECTABLE,INJECTION,Prescription
SIMTRIYO,CENTANAFADINE HYDROCHLORIDE,NDA218145,OTSUKA PHARMACEUTICAL CO LTD,"CAPSULE, EXTENDED RELEASE",,Prescription
SIMULECT,BASILIXIMAB,BLA103764,NOVARTIS,VIAL,SINGLE-USE,Prescription
SIMVASTATIN,SIMVASTATIN,ANDA077691,AUROBINDO PHARMA,TABLET,ORAL,Prescription
SINCALIDE,SINCALIDE,NDA210850,MAIA PHARMS INC,POWDER,INTRAVENOUS,Prescription
SINE-AID IB,IBUPROFEN; PSEUDOEPHEDRINE HYDROCHLORIDE,NDA019899,KENVUE BRANDS,TABLET,ORAL,Over-the-counter
SINEMET,CARBIDOPA; LEVODOPA,NDA017555,ORGANON,TABLET,ORAL,Prescription
SINEMET CR,CARBIDOPA; LEVODOPA,NDA019856,ORGANON LLC,"TABLET, EXTENDED RELEASE",ORAL,Discontinued
SINEQUAN,DOXEPIN HYDROCHLORIDE,NDA016798,PFIZER,CAPSULE,ORAL,Discontinued
SINGULAIR,MONTELUKAST SODIUM,NDA020830,ORGANON,"TABLET, CHEWABLE",ORAL,Prescription
SINOGRAFIN,DIATRIZOATE MEGLUMINE; IODIPAMIDE MEGLUMINE,NDA011324,BRACCO,SOLUTION,INTRAUTERINE,Discontinued
SINUVA,MOMETASONE FUROATE,NDA209310,INTERSECT ENT INC,IMPLANT,IMPLANTATION,Prescription
SIPONIMOD,SIPONIMOD,ANDA218228,CIPLA LTD,TABLET,ORAL,None (Tentative Approval)
SIROLIMUS,SIROLIMUS,ANDA201676,ZYDUS PHARMS,TABLET,ORAL,Prescription
SIRTURO,BEDAQUILINE FUMARATE,NDA204384,JANSSEN THERAP,TABLET,ORAL,Prescription
SITAGLIPTIN,SITAGLIPTIN,ANDA216057,LAURUS LABS LTD,TABLET,,None (Tentative Approval)
SITAGLIPTIN,SITAGLIPTIN PHOSPHATE,ANDA217041,"FOSUN WANBANG (JIANGSU) PHARMACEUTICAL GROUP CO.,",TABLET,,None (Tentative Approval)
SITAGLIPTIN AND METFORMIN HCL,"SITAGLIPTIN, METFORMIN HYDROCHLORIDE",ANDA218971,MANKIND PHARMA LTD,TABLET,,None (Tentative Approval)
SITAGLIPTIN AND METFORMIN HYDROCHLORIDE,"METFORMIN HYDROCHLORIDE, SITAGLIPTIN",ANDA216516,AJANTA PHARMA LTD,TABLET,,None (Tentative Approval)
SITAGLIPTIN AND METFORMIN HYDROCHLORIDE,"METFORMIN HYDROCHLORIDE, SITAGLIPTIN PHOSPHATE",ANDA217017,"ZHEJIANG JIUZHOU BIOPHARMA CO., LTD.","TABLET, EXTENDED RELEASE",,None (Tentative Approval)
SITAGLIPTIN AND METFORMIN HYDROCHLORIDE,METFORMIN HYDROCHLORIDE; SITAGLIPTIN,ANDA215220,AJANTA PHARMA LTD,TABLET,ORAL,None (Tentative Approval)
SITAGLIPTIN AND METFORMIN HYDROCHLORIDE,METFORMIN HYDROCHLORIDE; SITAGLIPTIN PHOSPHATE,ANDA202388,SANDOZ,TABLET,ORAL,Prescription
SITAGLIPTIN AND METFORMIN HYDROCHLORIDE,SITAGLIPTIN AND METFORMIN HYDROCHLORIDE,ANDA214859,AUROBINDO PHARMA LIMITED,TABLET,,None (Tentative Approval)
SITAGLIPTIN AND METFORMIN HYDROCHLORIDE,"SITAGLIPTIN PHOSPHATE ANHYDROUS, METFORMIN HYDROCHLORIDE",ANDA217395,MSN LABORATORIES PRIVATE LTD,TABLET,,None (Tentative Approval)
SITAGLIPTIN AND METFORMIN HYDROCHLORIDE,"SITAGLIPTIN, METFORMIN HYDROCHLORIDE",ANDA215411,INVENTIA HEALTHCARE LIMITED,TABLET,,None (Tentative Approval)
SITAGLIPTIN PHOSPHATE,SITAGLIPTIN PHOSPHATE,ANDA208186,ZYDUS PHARMS USA INC,TABLET,ORAL,None (Tentative Approval)
SITAGLIPTIN PHOSPHATE AND METFORMIN HYDROCHLORIDE,"METFORMIN HYDROCHLORIDE, SITAGLIPTIN PHOSPHATE",ANDA216885,PRINSTON PHARMACEUTICAL INC,TABLET,FILM COATED,None (Tentative Approval)
SITAGLIPTIN PHOSPHATE; METFORMIN HYDROCHLORIDE,METFORMIN HYDROCHLORIDE; SITAGLIPTIN PHOSPHATE,ANDA204591,TEVA PHARMS USA INC,"TABLET, EXTENDED RELEASE",ORAL,None (Tentative Approval)
SITAVIG,ACYCLOVIR,NDA203791,LIGAND PHARMS,TABLET,BUCCAL,Discontinued
SIVEXTRO,TEDIZOLID PHOSPHATE,NDA205435,CUBIST PHARMS LLC,TABLET,ORAL,Prescription
SKELAXIN,METAXALONE,NDA013217,KING PHARMS,TABLET,ORAL,Discontinued
SKELID,TILUDRONATE DISODIUM,NDA020707,SANOFI AVENTIS US,TABLET,ORAL,Discontinued
SKIN EXPOSURE REDUCTION PASTE AGAINST CHEMICAL WARFARE AGENTS,PERFLUOROPOLYMETHYLISOPROPYL ETHER; POLYTETRAFLUOROETHYLENE,NDA021084,US ARMY MED RES,PASTE,TOPICAL,Discontinued
SKLICE,IVERMECTIN,NDA202736,ARBOR PHARMS LLC,LOTION,TOPICAL,Over-the-counter
SKYCLARYS,OMAVELOXOLONE,NDA216718,BIOGEN US,CAPSULE,ORAL,Prescription
SKYLA,LEVONORGESTREL,NDA203159,BAYER HLTHCARE,SYSTEM,INTRAUTERINE,Prescription
SKYRIZI,RISANKIZUMAB-RZAA,BLA761262,ABBVIE INC,INJECTABLE,INTRAVENOUS,Prescription
SKYTROFA,LONAPEGSOMATROPIN-TCGD,BLA761177,ASCENDIS PHARMA ENCOCRINOLOGY DIV A/S,INJECTABLE,INJECTION,Prescription
SLO-BID,THEOPHYLLINE,ANDA087893,SANOFI AVENTIS US,"CAPSULE, EXTENDED RELEASE",ORAL,Discontinued
SLO-PHYLLIN,THEOPHYLLINE,ANDA085187,SANOFI AVENTIS US,SYRUP,ORAL,Discontinued
SLOW-K,POTASSIUM CHLORIDE,NDA017476,NOVARTIS,"TABLET, EXTENDED RELEASE",ORAL,Discontinued
SLYND,DROSPIRENONE,NDA211367,EXELTIS USA INC,TABLET,ORAL,Prescription
SMOFLIPID 20%,FISH OIL; MEDIUM CHAIN TRIGLYCERIDES; OLIVE OIL; SOYBEAN OIL,NDA207648,FRESENIUS KABI USA,EMULSION,INTRAVENOUS,Prescription
SOAANZ,TORSEMIDE,NDA213218,SARFE PHARMS,TABLET,ORAL,Discontinued
SODIUM ACETATE,SODIUM ACETATE,NDA018893,HOSPIRA,SOLUTION,INTRAVENOUS,Prescription
SODIUM AMINOSALICYLATE,AMINOSALICYLATE SODIUM,ANDA080097,HEXCEL,POWDER,ORAL,Discontinued
SODIUM BICARBONATE,SODIUM BICARBONATE,ANDA211091,EXELA PHARMA,SOLUTION,INTRAVENOUS,Prescription
SODIUM BICARBONATE IN PLASTIC CONTAINER,SODIUM BICARBONATE,NDA019443,ABBOTT,SOLUTION,INTRAVENOUS,Discontinued
SODIUM BUTABARBITAL,BUTABARBITAL SODIUM,ANDA085881,LANNETT,TABLET,ORAL,Discontinued
SODIUM CHLORIDE,SODIUM CHLORIDE,NDA017038,B BRAUN,INJECTABLE,INJECTION,Discontinued
SODIUM CHLORIDE 0.45% IN PLASTIC CONTAINER,SODIUM CHLORIDE,NDA018090,OTSUKA ICU MEDCL,INJECTABLE,INJECTION,Prescription
SODIUM CHLORIDE 0.9%,SODIUM CHLORIDE,ANDA201833,HIKMA,SOLUTION,INJECTION,Prescription
SODIUM CHLORIDE 0.9% AND POTASSIUM CHLORIDE 0.075%,POTASSIUM CHLORIDE; SODIUM CHLORIDE,NDA017648,BAXTER HLTHCARE,INJECTABLE,INJECTION,Discontinued
SODIUM CHLORIDE 0.9% AND POTASSIUM CHLORIDE 0.075% IN PLASTIC CONTAINER,POTASSIUM CHLORIDE; SODIUM CHLORIDE,NDA018722,B BRAUN,INJECTABLE,INJECTION,Discontinued
SODIUM CHLORIDE 0.9% AND POTASSIUM CHLORIDE 0.15% IN PLASTIC CONTAINER,POTASSIUM CHLORIDE; SODIUM CHLORIDE,NDA018722,B BRAUN,INJECTABLE,INJECTION,Discontinued
SODIUM CHLORIDE 0.9% AND POTASSIUM CHLORIDE 0.22% IN PLASTIC CONTAINER,POTASSIUM CHLORIDE; SODIUM CHLORIDE,NDA018722,B BRAUN,INJECTABLE,INJECTION,Discontinued
SODIUM CHLORIDE 0.9% AND POTASSIUM CHLORIDE 0.3% IN PLASTIC CONTAINER,POTASSIUM CHLORIDE; SODIUM CHLORIDE,NDA018722,B BRAUN,INJECTABLE,INJECTION,Discontinued
SODIUM CHLORIDE 0.9% IN PLASTIC CONTAINER,SODIUM CHLORIDE,ANDA076316,GVS TM,INJECTABLE,INJECTION,Prescription
SODIUM CHLORIDE 0.9% IN PLASTIC THERMOJECT KIT FOR CARDIAC OUTPUT USE,SODIUM CHLORIDE,NDA019217,ICU MEDICAL INC,SOLUTION,INJECTION,Discontinued
SODIUM CHLORIDE 0.9% IN STERILE PLASTIC CONTAINER,SODIUM CHLORIDE,NDA019319,BAXTER HLTHCARE,SOLUTION FOR SLUSH,IRRIGATION,Prescription
SODIUM CHLORIDE 14.6%,SODIUM CHLORIDE,ANDA212070,FRESENIUS KABI USA,SOLUTION,INTRAVENOUS,Prescription
SODIUM CHLORIDE 23.4%,SODIUM CHLORIDE,ANDA212248,FRESENIUS KABI USA,INJECTABLE,INJECTION,Prescription
SODIUM CHLORIDE 23.4% IN PLASTIC CONTAINER,SODIUM CHLORIDE,NDA019329,ABRAXIS PHARM,INJECTABLE,INJECTION,Discontinued
SODIUM CHLORIDE 3% IN PLASTIC CONTAINER,SODIUM CHLORIDE,NDA019022,BAXTER HLTHCARE,INJECTABLE,INJECTION,Prescription
SODIUM CHLORIDE 5% IN PLASTIC CONTAINER,SODIUM CHLORIDE,NDA019022,BAXTER HLTHCARE,INJECTABLE,INJECTION,Prescription
SODIUM CHLORIDE IN PLASTIC CONTAINER,SODIUM CHLORIDE,NDA018247,MILES,SOLUTION,IRRIGATION,Discontinued
SODIUM CHROMATE CR 51,SODIUM CHROMATE CR-51,NDA016708,CURIUM,INJECTABLE,INJECTION,Discontinued
SODIUM FERRIC GLUCONATE COMPLEX IN SUCROSE,SODIUM FERRIC GLUCONATE COMPLEX,ANDA078215,HIKMA,INJECTABLE,INJECTION,Prescription
SODIUM FLUORIDE F 18,SODIUM FLUORIDE F-18,NDA022494,NIH NCI DCTD,INJECTABLE,INTRAVENOUS,Discontinued
SODIUM FLUORIDE F-18,SODIUM FLUORIDE F-18,ANDA204315,SHERTECH LABS LLC,INJECTABLE,INTRAVENOUS,Discontinued
SODIUM HEPARIN,HEPARIN SODIUM,NDA017033,ABRAXIS PHARM,INJECTABLE,INJECTION,Discontinued
SODIUM IODIDE I 123,SODIUM IODIDE I-123,NDA018671,CARDINAL HEALTH 418,CAPSULE,ORAL,Prescription
SODIUM IODIDE I 131,SODIUM IODIDE I-131,ANDA209166,INTL ISOTOPES,SOLUTION,ORAL,Prescription
SODIUM LACTATE 0.167 MOLAR IN PLASTIC CONTAINER,SODIUM LACTATE,NDA018249,HOSPIRA,INJECTABLE,INJECTION,Discontinued
SODIUM LACTATE 1/6 MOLAR IN PLASTIC CONTAINER,SODIUM LACTATE,NDA020004,B BRAUN,INJECTABLE,INJECTION,Discontinued
SODIUM LACTATE IN PLASTIC CONTAINER,SODIUM LACTATE,NDA018947,HOSPIRA,INJECTABLE,INJECTION,Discontinued
SODIUM NITRITE,SODIUM NITRITE,NDA203922,HOPE PHARMS,SOLUTION,INTRAVENOUS,Prescription
SODIUM NITROPRUSSIDE,SODIUM NITROPRUSSIDE,ANDA207426,SAGENT PHARMS INC,INJECTABLE,INJECTION,Prescription
SODIUM OXYBATE,SODIUM OXYBATE,ANDA202090,HIKMA,SOLUTION,ORAL,Discontinued
SODIUM P.A.S.,AMINOSALICYLATE SODIUM,ANDA080138,LANNETT,TABLET,ORAL,Discontinued
SODIUM PENTOBARBITAL,PENTOBARBITAL SODIUM,ANDA083239,WYETH AYERST,CAPSULE,ORAL,Discontinued
SODIUM PERTECHNETATE TC 99M,TECHNETIUM TC-99M SODIUM PERTECHNETATE,NDA017471,GE HEALTHCARE,SOLUTION,"INJECTION, ORAL",Discontinued
SODIUM PHENYLACETATE AND SODIUM BENZOATE,SODIUM BENZOATE; SODIUM PHENYLACETATE,ANDA217526,NAVINTA LLC,SOLUTION,INTRAVENOUS,Prescription
SODIUM PHENYLBUTYRATE,SODIUM PHENYLBUTYRATE,ANDA216462,GLENMARK PHARMS LTD,TABLET,ORAL,Prescription
SODIUM PHOSPHATE P 32,SODIUM PHOSPHATE P-32,NDA011777,MALLINCKRODT,SOLUTION,"INJECTION, ORAL",Discontinued
SODIUM PHOSPHATES,"SODIUM PHOSPHATE, DIBASIC, HEPTAHYDRATE; SODIUM PHOSPHATE, MONOBASIC, MONOHYDRATE",ANDA218314,AM REGENT,SOLUTION,INTRAVENOUS,Prescription
SODIUM PHOSPHATES IN PLASTIC CONTAINER,"SODIUM PHOSPHATE, DIBASIC, HEPTAHYDRATE; SODIUM PHOSPHATE, MONOBASIC, MONOHYDRATE",NDA018892,HOSPIRA,SOLUTION,INTRAVENOUS,Prescription
"SODIUM PICOSULFATE, MAGNESIUM OXIDE AND ANHYDROUS CITRIC ACID",CITRIC ACID; MAGNESIUM OXIDE; SODIUM PICOSULFATE,ANDA212789,HETERO LABS LTD V,FOR SOLUTION,ORAL,Prescription
SODIUM POLYPHOSPHATE-TIN KIT,TECHNETIUM TC-99M POLYPHOSPHATE KIT,NDA017664,GE HEALTHCARE,INJECTABLE,INJECTION,Discontinued
SODIUM POLYSTYRENE SULFONATE,SODIUM POLYSTYRENE SULFONATE,ANDA088786,PAI HOLDINGS PHARM,POWDER,"ORAL, RECTAL",Discontinued
SODIUM ROSE BENGAL I 131,ROSE BENGAL SODIUM I-131,NDA017318,SORIN,INJECTABLE,INJECTION,Discontinued
SODIUM SUCCINATE,SODIUM SUCCINATE,ANDA080516,ELKINS SINN,INJECTABLE,INJECTION,Discontinued
SODIUM SULAMYD,SULFACETAMIDE SODIUM,NDA005963,SCHERING,SOLUTION/DROPS,OPHTHALMIC,Discontinued
SODIUM SULFACETAMIDE,SULFACETAMIDE SODIUM,ANDA083021,EPIC PHARMA LLC,SOLUTION/DROPS,OPHTHALMIC,Discontinued
"SODIUM SULFATE, MAGNESIUM SULFATE AND POTASSIUM CHLORIDE",MAGNESIUM SULFATE; POTASSIUM CHLORIDE; SODIUM SULFATE,ANDA216095,LUPIN,TABLET,ORAL,Prescription
"SODIUM SULFATE, POTASSIUM SULFATE AND MAGNESIUM SULFATE",MAGNESIUM SULFATE; POTASSIUM SULFATE; SODIUM SULFATE,ANDA215469,STRIDES PHARMA INTL,SOLUTION,ORAL,Prescription
SODIUM TETRADECYL SULFATE,SODIUM TETRADECYL SULFATE,ANDA209937,HIKMA,INJECTABLE,INJECTION,Prescription
SODIUM THIOSULFATE,SODIUM THIOSULFATE,NDA020166,US ARMY,INJECTABLE,INJECTION,Discontinued
SODIUM ZIRCONIUM CYCLOSILICATE,SODIUM ZIRCONIUM CYCLOSILICATE,ANDA217558,ALKEM LABS LTD,"POWDER, FOR SUSPENSION",,None (Tentative Approval)
SOFDRA,SOFPIRONIUM BROMIDE,NDA217347,BOTANIX SB,"GEL, METERED",TOPICAL,Prescription
SOFOSBUVIR,SOFOSBUVIR,ANDA211353,TEVA PHARMS USA INC,TABLET,ORAL,Discontinued
SOGROYA,SOMAPACITAN-BECO,BLA761156,NOVO NORDISK INC,SOLUTION,SUBCUTANEOUS,Prescription
SOHONOS,PALOVAROTENE,NDA215559,IPSEN,CAPSULE,ORAL,Prescription
SOJOURN,SEVOFLURANE,ANDA077867,PIRAMAL CRITICAL,LIQUID,INHALATION,Prescription
SOLAGE,MEQUINOL; TRETINOIN,NDA020922,ALMIRALL,SOLUTION,TOPICAL,Discontinued
SOLARAZE,DICLOFENAC SODIUM,NDA021005,FOUGERA,GEL,TOPICAL,Discontinued
SOLATENE,BETA CAROTENE,NDA017589,ROCHE,CAPSULE,ORAL,Discontinued
SOLIFENACIN SUCCINATE,SOLIFENACIN SUCCINATE,ANDA209333,QILU,TABLET,ORAL,Prescription
SOLIQUA 100/33,INSULIN GLARGINE; LIXISENATIDE,BLA208673,SANOFI-AVENTIS US,SOLUTION,SUBCUTANEOUS,Prescription
SOLIRIS,ECULIZUMAB,BLA125166,ALEXION PHARM,INJECTABLE,IV (INFUSION),Prescription
SOLODYN,MINOCYCLINE HYDROCHLORIDE,NDA050808,BAUSCH,"TABLET, EXTENDED RELEASE",ORAL,Discontinued
SOLOSEC,SECNIDAZOLE,NDA209363,EVOFEM INC,GRANULE,ORAL,Prescription
SOLRIAMFETOL,SOLRIAMFETOL,ANDA218725,AUROBINDO PHARMA LIMITED,TABLET,,None (Tentative Approval)
SOLRIAMFETOL HYDROCHLORIDE,SOLRIAMFETOL HYDROCHLORIDE,ANDA218016,HIKMA,TABLET,ORAL,Prescription
SOLTAMOX,TAMOXIFEN CITRATE,NDA021807,MAYNE PHARMA COMMRCL,SOLUTION,ORAL,Prescription
SOLU-CORTEF,HYDROCORTISONE SODIUM SUCCINATE,NDA009866,PHARMACIA AND UPJOHN,INJECTABLE,INJECTION,Prescription
SOLU-MEDROL,METHYLPREDNISOLONE SODIUM SUCCINATE,NDA011856,PHARMACIA AND UPJOHN,INJECTABLE,INJECTION,Prescription
SOLUPREP S,CHLORHEXIDINE GLUCONATE; ISOPROPYL ALCOHOL,NDA208288,SOLVENTUM,SOLUTION,TOPICAL,Over-the-counter
SOMA,CARISOPRODOL,NDA011792,MYLAN SPECIALITY LP,CAPSULE,ORAL,Discontinued
SOMA COMPOUND,ASPIRIN; CARISOPRODOL,NDA012365,MEDA PHARMS,TABLET,ORAL,Discontinued
SOMA COMPOUND W/ CODEINE,ASPIRIN; CARISOPRODOL; CODEINE PHOSPHATE,NDA012366,MEDA PHARMS,TABLET,ORAL,Discontinued
SOMATULINE DEPOT,LANREOTIDE ACETATE,NDA022074,IPSEN PHARMA,SOLUTION,SUBCUTANEOUS,Prescription
SOMAVERT,PEGVISOMANT,BLA021106,PHARMACIA,INJECTABLE,SUBCUTANEOUS,Prescription
SOMOPHYLLIN,AMINOPHYLLINE,NDA018232,FISONS,ENEMA,RECTAL,Discontinued
SOMOPHYLLIN-CRT,THEOPHYLLINE,ANDA087193,GRAHAM DM,"CAPSULE, EXTENDED RELEASE",ORAL,Discontinued
SOMOPHYLLIN-DF,AMINOPHYLLINE,ANDA087045,FISONS,SOLUTION,ORAL,Discontinued
SOMOPHYLLIN-T,THEOPHYLLINE,ANDA087155,FISONS,CAPSULE,ORAL,Discontinued
SONATA,ZALEPLON,NDA020859,PFIZER,CAPSULE,ORAL,Discontinued
SONAZINE,CHLORPROMAZINE HYDROCHLORIDE,ANDA083040,CHARTWELL RX,SYRUP,ORAL,Discontinued
SONORX,SIMETHICONE-CELLULOSE,NDA020773,BRACCO,SUSPENSION,ORAL,Discontinued
SOOLANTRA,IVERMECTIN,NDA206255,GALDERMA LABS LP,CREAM,TOPICAL,Prescription
SORAFENIB TOSYLATE,SORAFENIB TOSYLATE,ANDA207012,MYLAN,TABLET,ORAL,Prescription
SORBITOL 3% IN PLASTIC CONTAINER,SORBITOL,NDA018512,BAXTER HLTHCARE,SOLUTION,IRRIGATION,Discontinued
SORBITOL 3.3% IN PLASTIC CONTAINER,SORBITOL,NDA016741,B BRAUN,SOLUTION,IRRIGATION,Prescription
SORBITOL-MANNITOL,MANNITOL; SORBITOL,ANDA080224,HOSPIRA,SOLUTION,IRRIGATION,Discontinued
SORBITOL-MANNITOL IN PLASTIC CONTAINER,MANNITOL; SORBITOL,NDA017636,HOSPIRA,SOLUTION,IRRIGATION,Discontinued
SORBITRATE,ISOSORBIDE DINITRATE,ANDA086405,ASTRAZENECA,TABLET,ORAL,Discontinued
SORIATANE,ACITRETIN,NDA019821,STIEFEL LABS INC,CAPSULE,ORAL,Discontinued
SORILUX,CALCIPOTRIENE,NDA022563,MAYNE PHARMA,"AEROSOL, FOAM",TOPICAL,Prescription
SORINE,SOTALOL HYDROCHLORIDE,ANDA075500,AIPING PHARM INC,TABLET,ORAL,Prescription
SOSOL,SULFISOXAZOLE,ANDA080036,MK LABS,TABLET,ORAL,Discontinued
SOTALOL HYDROCHLORIDE,SOTALOL HYDROCHLORIDE,ANDA076883,TEVA,TABLET,ORAL,Discontinued
SOTRADECOL,SODIUM TETRADECYL SULFATE,NDA005970,ELKINS SINN,INJECTABLE,INJECTION,Discontinued
SOTRET,ISOTRETINOIN,ANDA076503,SUN PHARM INDS LTD,CAPSULE,ORAL,Discontinued
SOTYKTU,DEUCRAVACITINIB,NDA214958,BRISTOL,TABLET,ORAL,Prescription
SOTYLIZE,SOTALOL HYDROCHLORIDE,NDA205108,AZURITY,SOLUTION,ORAL,Prescription
SOVALDI,SOFOSBUVIR,NDA204671,GILEAD SCIENCES INC,TABLET,ORAL,Prescription
SOVUNA,HYDROXYCHLOROQUINE SULFATE,NDA214581,NOVITIUM PHARMA,TABLET,ORAL,Prescription
SOXAZOLE,SULFISOXAZOLE,ANDA080366,ALRA,TABLET,ORAL,Discontinued
SOY-DOME,HEXACHLOROPHENE,NDA017405,BAYER PHARMS,EMULSION,TOPICAL,Discontinued
SOYACAL 10%,SOYBEAN OIL,NDA018465,ALPHA THERA,INJECTABLE,INJECTION,Discontinued
SOYACAL 20%,SOYBEAN OIL,NDA018786,ALPHA THERA,INJECTABLE,INJECTION,Discontinued
SPARINE,PROMAZINE HYDROCHLORIDE,NDA010942,WYETH AYERST,CONCENTRATE,ORAL,Discontinued
SPECTAMINE,IOFETAMINE HYDROCHLORIDE I-123,NDA019432,IMP,INJECTABLE,INJECTION,Discontinued
SPECTAZOLE,ECONAZOLE NITRATE,NDA018751,ALVOGEN,CREAM,TOPICAL,Discontinued
SPECTRACEF,CEFDITOREN PIVOXIL,NDA021222,VANSEN PHARMA,TABLET,ORAL,Discontinued
SPECTROBID,BACAMPICILLIN HYDROCHLORIDE,NDA050520,PFIZER,TABLET,ORAL,Discontinued
SPEVIGO,SPESOLIMAB-SBZO,BLA761244,BOEHRINGER INGELHEIM PHARMACEUTICALS INC,INJECTABLE,INTRAVENOUS,Prescription
SPINRAZA,NUSINERSEN SODIUM,NDA209531,BIOGEN,SOLUTION,INTRATHECAL,Prescription
SPIRIVA,TIOTROPIUM BROMIDE,NDA021395,BOEHRINGER INGELHEIM,POWDER,INHALATION,Prescription
SPIRIVA RESPIMAT,TIOTROPIUM BROMIDE,NDA021936,BOEHRINGER INGELHEIM,"SPRAY, METERED",INHALATION,Prescription
SPIRONOLACTONE,SPIRONOLACTONE,ANDA087554,UPSHER SMITH,TABLET,ORAL,Discontinued
SPIRONOLACTONE AND HYDROCHLOROTHIAZIDE,HYDROCHLOROTHIAZIDE; SPIRONOLACTONE,ANDA089137,SUPERPHARM,TABLET,ORAL,Discontinued
SPIRONOLACTONE W/ HYDROCHLOROTHIAZIDE,HYDROCHLOROTHIAZIDE; SPIRONOLACTONE,ANDA087948,PARKE DAVIS,TABLET,ORAL,Discontinued
SPORANOX,ITRACONAZOLE,NDA020694,JANSSEN PHARMA,CAPSULE,ORAL,Prescription
SPRAVATO,ESKETAMINE HYDROCHLORIDE,NDA211243,JANSSEN PHARMS,SPRAY,NASAL,Prescription
SPRINTEC,ETHINYL ESTRADIOL; NORGESTIMATE,ANDA075804,BARR,TABLET,ORAL-28,Prescription
SPRITAM,LEVETIRACETAM,NDA207958,APRECIA PHARMS,"TABLET, FOR SUSPENSION",ORAL,Discontinued
SPRIX,KETOROLAC TROMETHAMINE,NDA022382,COSETTE,"SPRAY, METERED",NASAL,Prescription
SPRX-105,PHENDIMETRAZINE TARTRATE,ANDA088024,NUMARK,"CAPSULE, EXTENDED RELEASE",ORAL,Discontinued
SPRX-3,PHENDIMETRAZINE TARTRATE,ANDA085897,SOLVAY,CAPSULE,ORAL,Discontinued
SPRYCEL,DASATINIB,NDA021986,BRISTOL MYERS SQUIBB,TABLET,ORAL,Prescription
SPS,SODIUM POLYSTYRENE SULFONATE,ANDA087859,CMP PHARMA INC,SUSPENSION,"ORAL, RECTAL",Prescription
SPY AGENT GREEN KIT,INDOCYANINE GREEN,NDA211580,NOVADAQ TECH,POWDER,"INTRAVENOUS, INTERSTITIAL",Prescription
SSD,SILVER SULFADIAZINE,NDA018578,DR REDDYS,CREAM,TOPICAL,Prescription
SSD AF,SILVER SULFADIAZINE,NDA018578,DR REDDYS,CREAM,TOPICAL,Discontinued
STADOL,BUTORPHANOL TARTRATE,NDA017857,APOTHECON,INJECTABLE,INJECTION,Discontinued
STADOL PRESERVATIVE FREE,BUTORPHANOL TARTRATE,NDA017857,APOTHECON,INJECTABLE,INJECTION,Discontinued
STALEVO 100,CARBIDOPA; ENTACAPONE; LEVODOPA,NDA021485,ORION PHARMA,TABLET,ORAL,Prescription
STALEVO 125,CARBIDOPA; ENTACAPONE; LEVODOPA,NDA021485,ORION PHARMA,TABLET,ORAL,Prescription
STALEVO 150,CARBIDOPA; ENTACAPONE; LEVODOPA,NDA021485,ORION PHARMA,TABLET,ORAL,Prescription
STALEVO 200,CARBIDOPA; ENTACAPONE; LEVODOPA,NDA021485,ORION PHARMA,TABLET,ORAL,Prescription
STALEVO 50,CARBIDOPA; ENTACAPONE; LEVODOPA,NDA021485,ORION PHARMA,TABLET,ORAL,Prescription
STALEVO 75,CARBIDOPA; ENTACAPONE; LEVODOPA,NDA021485,ORION PHARMA,TABLET,ORAL,Prescription
STANOZIDE,ISONIAZID,ANDA080126,EVERYLIFE,TABLET,ORAL,Discontinued
STAPHCILLIN,METHICILLIN SODIUM,NDA050117,APOTHECON,INJECTABLE,INJECTION,Discontinued
STARJEMZA,USTEKINUMAB-HMNY,BLA761419,BIO-THERA SOLUTIONS LTD,INJECTABLE,SUBCUTANEOUS,Prescription
STARLIX,NATEGLINIDE,NDA021204,NOVARTIS,TABLET,ORAL,Discontinued
STATICIN,ERYTHROMYCIN,NDA050526,WESTWOOD SQUIBB,SOLUTION,TOPICAL,Discontinued
STATOBEX,PHENDIMETRAZINE TARTRATE,ANDA086013,TEVA,TABLET,ORAL,Discontinued
STATOBEX-G,PHENDIMETRAZINE TARTRATE,ANDA085095,TEVA,TABLET,ORAL,Discontinued
STATROL,NEOMYCIN SULFATE; POLYMYXIN B SULFATE,NDA050456,ALCON,SOLUTION/DROPS,OPHTHALMIC,Discontinued
STAVUDINE,STAVUDINE,ANDA077774,AUROBINDO PHARMA,FOR SOLUTION,ORAL,Discontinued
STAVUDINE; LAMIVUDINE,LAMIVUDINE; STAVUDINE,NDA021838,STRIDES ACROLAB,TABLET,ORAL,None (Tentative Approval)
STAVUDINE; LAMIVUDINE W/NEVIRAPINE,LAMIVUDINE; NEVIRAPINE; STAVUDINE,NDA021854,STRIDES ACROLAB,TABLET,ORAL,None (Tentative Approval)
STAVUDINE; LAMIVUDINE; EFAVIRENZ,EFAVIRENZ; LAMIVUDINE; STAVUDINE,NDA022097,STRIDES ACROLAB,TABLET,ORAL,None (Tentative Approval)
STAVUDINE; LAMIVUDINE; NEVIRAPINE,LAMIVUDINE; NEVIRAPINE; STAVUDINE,NDA022177,STRIDES ACROLAB,TABLET,ORAL,None (Tentative Approval)
STAVZOR,VALPROIC ACID,NDA022152,BIONPHARMA,"CAPSULE, DELAYED RELEASE",ORAL,Discontinued
STAXYN,VARDENAFIL HYDROCHLORIDE,NDA200179,BAYER HLTHCARE,"TABLET, ORALLY DISINTEGRATING",ORAL,Discontinued
STEGLATRO,ERTUGLIFLOZIN,NDA209803,MSD SUB MERCK,TABLET,ORAL,Prescription
STEGLUJAN,ERTUGLIFLOZIN; SITAGLIPTIN PHOSPHATE,NDA209805,MSD SUB MERCK,TABLET,ORAL,Prescription
STELARA,USTEKINUMAB,BLA125261,CENTOCOR ORTHO BIOTECH INC,INJECTABLE,INJECTION,Prescription
STELAZINE,TRIFLUOPERAZINE HYDROCHLORIDE,NDA011552,GLAXOSMITHKLINE,INJECTABLE,INJECTION,Discontinued
STENDRA,AVANAFIL,NDA202276,VIVUS LLC,TABLET,ORAL,Prescription
STEQEYMA,USTEKINUMAB-STBA,BLA761338,"CELLTRION, INC.",INJECTABLE,SUBCUTANEOUS,Prescription
STERANE,PREDNISOLONE,NDA009996,PFIZER,TABLET,ORAL,Discontinued
STERANE,PREDNISOLONE ACETATE,NDA011446,PFIZER,INJECTABLE,INJECTION,Discontinued
STERI-STAT,CHLORHEXIDINE GLUCONATE,ANDA070104,MATRIX MEDCL,SOLUTION,TOPICAL,Discontinued
STERILE UREA,UREA,NDA017698,HOSPIRA,INJECTABLE,INJECTION,Discontinued
STERILE WATER,STERILE WATER,ANDA077393,TARO,INJECTABLE,INJECTION,Prescription
STERILE WATER,STERILE WATER FOR IRRIGATION,NDA017428,BAXTER HLTHCARE,LIQUID,IRRIGATION,Prescription
STERILE WATER FOR INJECTION,STERILE WATER FOR INJECTION,ANDA212735,HIKMA,LIQUID,N/A,Prescription
STERILE WATER FOR INJECTION IN PLASTIC CONTAINER,STERILE WATER FOR INJECTION,NDA018233,OTSUKA ICU MEDCL,LIQUID,N/A,Prescription
STERILE WATER FOR IRRIGATION,STERILE WATER FOR IRRIGATION,ANDA216123,FRESENIUS KABI USA,LIQUID,IRRIGATION,Prescription
STERILE WATER IN PLASTIC CONTAINER,STERILE WATER FOR IRRIGATION,NDA017866,BAXTER HLTHCARE,LIQUID,IRRIGATION,Prescription
STERITALC,TALC,NDA205555,NOVATECH SA,POWDER,INTRAPLEURAL,Prescription
STIE-CORT,HYDROCORTISONE,ANDA089074,PADAGIS US,LOTION,TOPICAL,Prescription
STILBESTROL,DIETHYLSTILBESTROL,NDA004056,BRISTOL MYERS SQUIBB,INJECTABLE,INJECTION,Discontinued
STILBETIN,DIETHYLSTILBESTROL,NDA004056,BRISTOL MYERS SQUIBB,TABLET,ORAL,Discontinued
STILPHOSTROL,DIETHYLSTILBESTROL DIPHOSPHATE,NDA010010,BAYER PHARMS,TABLET,ORAL,Discontinued
STIMATE,DESMOPRESSIN ACETATE,NDA020355,FERRING PHARMS INC,"SPRAY, METERED",NASAL,Discontinued
STIMATE (NEEDS NO REFRIGERATION),DESMOPRESSIN ACETATE,NDA020355,FERRING PHARMS INC,"SPRAY, METERED",NASAL,Discontinued
STIMUFEND,PEGFILGRASTIM-FPGK,BLA761173,FRESENIUS KABI USA,SOLUTION,INJECTION,Prescription
STIOLTO RESPIMAT,OLODATEROL HYDROCHLORIDE; TIOTROPIUM BROMIDE,NDA206756,BOEHRINGER INGELHEIM,"SPRAY, METERED",INHALATION,Prescription
STIVARGA,REGORAFENIB,NDA203085,BAYER HLTHCARE,TABLET,ORAL,Prescription
STOBOCLO,DENOSUMAB-BMWO,BLA761404,CELLTRION INC,INJECTABLE,INJECTION,Prescription
STOXIL,IDOXURIDINE,NDA013934,GLAXOSMITHKLINE,SOLUTION/DROPS,OPHTHALMIC,Discontinued
STRATTERA,ATOMOXETINE HYDROCHLORIDE,NDA021411,LILLY,CAPSULE,ORAL,Discontinued
STRENSIQ,ASFOTASE ALFA,BLA125513,ALEXION PHARM,SOLUTION,INJECTION,Prescription
STREPTOMYCIN SULFATE,STREPTOMYCIN SULFATE,ANDA060107,LILLY,INJECTABLE,INJECTION,Discontinued
STRIANT,TESTOSTERONE,NDA021543,AUXILIUM PHARMS LLC,"TABLET, EXTENDED RELEASE",BUCCAL,Discontinued
STRIBILD,COBICISTAT; ELVITEGRAVIR; EMTRICITABINE; TENOFOVIR DISOPROXIL FUMARATE,NDA203100,GILEAD SCIENCES INC,TABLET,ORAL,Prescription
STRIFON FORTE DSC,CHLORZOXAZONE,ANDA081008,FERNDALE LABS,TABLET,ORAL,Discontinued
STRIVERDI RESPIMAT,OLODATEROL HYDROCHLORIDE,NDA203108,BOEHRINGER INGELHEIM,"SPRAY, METERED",INHALATION,Prescription
STROMECTOL,IVERMECTIN,NDA050742,MERCK SHARP DOHME,TABLET,ORAL,Prescription
STRONTIUM CHLORIDE SR-89,STRONTIUM CHLORIDE SR-89,ANDA075941,Q BIOMED,INJECTABLE,INJECTION,Prescription
SUBLIMAZE PRESERVATIVE FREE,FENTANYL CITRATE,NDA016619,RISING,INJECTABLE,INJECTION,Prescription
SUBLOCADE,BUPRENORPHINE,NDA209819,INDIVIOR,"SOLUTION, EXTENDED RELEASE",SUBCUTANEOUS,Prescription
SUBOXONE,BUPRENORPHINE HYDROCHLORIDE; NALOXONE HYDROCHLORIDE,NDA020733,INDIVIOR,TABLET,SUBLINGUAL,Discontinued
SUBSYS,FENTANYL,NDA202788,BTCP PHARMA,SPRAY,SUBLINGUAL,Discontinued
SUBUTEX,BUPRENORPHINE HYDROCHLORIDE,NDA020732,INDIVIOR,TABLET,SUBLINGUAL,Discontinued
SUBVENITE,LAMOTRIGINE,NDA218879,OWP PHARMS,SUSPENSION,ORAL,Prescription
SUCCINYLCHOLINE CHLORIDE,SUCCINYLCHOLINE CHLORIDE,ANDA211346,FRESENIUS KABI USA,INJECTABLE,INJECTION,Prescription
SUCLEAR,MAGNESIUM SULFATE; POLYETHYLENE GLYCOL 3350; POTASSIUM CHLORIDE; POTASSIUM SULFATE; SODIUM BICARBONATE; SODIUM CHLORIDE; SODIUM SULFATE,NDA203595,BRAINTREE LABS,SOLUTION,ORAL,Discontinued
SUCOSTRIN,SUCCINYLCHOLINE CHLORIDE,NDA008847,APOTHECON,INJECTABLE,INJECTION,Discontinued
SUCRAID,SACROSIDASE,BLA020772,QOL MEDCL,SOLUTION,ORAL,Prescription
SUCRALFATE,SUCRALFATE,ANDA209356,AMNEAL,SUSPENSION,ORAL,Prescription
SUDAFED 12 HOUR,PSEUDOEPHEDRINE HYDROCHLORIDE,ANDA073585,MCNEIL CONS,"TABLET, EXTENDED RELEASE",ORAL,Discontinued
SUDAFED 24 HOUR,PSEUDOEPHEDRINE HYDROCHLORIDE,NDA020021,KENVUE BRANDS,"TABLET, EXTENDED RELEASE",ORAL,Discontinued
SUFENTA PRESERVATIVE FREE,SUFENTANIL CITRATE,NDA019050,RISING,INJECTABLE,INJECTION,Prescription
SUFENTANIL CITRATE,SUFENTANIL CITRATE,ANDA074406,WATSON LABS,INJECTABLE,INJECTION,Discontinued
SUFLAVE,MAGNESIUM SULFATE; POLYETHYLENE GLYCOL 3350; POTASSIUM CHLORIDE; SODIUM CHLORIDE; SODIUM SULFATE,NDA215344,AZURITY,FOR SOLUTION,ORAL,Prescription
SUGAMMADEX SODIUM,SUGAMMADEX SODIUM,ANDA214319,SUN PHARM INDS INC,SOLUTION,INTRAVENOUS,Prescription
SULAR,NISOLDIPINE,NDA020356,AZURITY,"TABLET, EXTENDED RELEASE",ORAL,Discontinued
SULF-10,SULFACETAMIDE SODIUM,ANDA080025,NOVARTIS,SOLUTION/DROPS,OPHTHALMIC,Discontinued
SULF-15,SULFACETAMIDE SODIUM,ANDA089047,NOVARTIS,SOLUTION/DROPS,OPHTHALMIC,Discontinued
SULFA-TRIPLE #2,SULFAMERAZINE; SULFAMETHAZINE); TRISULFAPYRIMIDINES (SULFADIAZINE,ANDA080079,IMPAX LABS,TABLET,ORAL,Discontinued
SULFABID,SULFAPHENAZOLE,NDA013093,PHARM RES ASSOC,SUSPENSION,ORAL,Discontinued
SULFACEL-15,SULFACETAMIDE SODIUM,ANDA080024,OPTOPICS,SOLUTION/DROPS,OPHTHALMIC,Discontinued
SULFACETAMIDE SODIUM,SULFACETAMIDE SODIUM,ANDA078668,SUN PHARMA CANADA,LOTION,TOPICAL,Discontinued
SULFACETAMIDE SODIUM AND PREDNISOLONE SODIUM PHOSPHATE,PREDNISOLONE SODIUM PHOSPHATE; SULFACETAMIDE SODIUM,ANDA073630,GENUS,SOLUTION/DROPS,OPHTHALMIC,Discontinued
SULFADIAZINE,SULFADIAZINE,NDA004122,LILLY,TABLET,ORAL,Discontinued
SULFADIAZINE SODIUM,SULFADIAZINE SODIUM,NDA004054,LEDERLE,INJECTABLE,INJECTION,Discontinued
SULFAIR 10,SULFACETAMIDE SODIUM,ANDA088000,PHARMAFAIR,OINTMENT,OPHTHALMIC,Discontinued
SULFAIR FORTE,SULFACETAMIDE SODIUM,ANDA088385,PHARMAFAIR,SOLUTION/DROPS,OPHTHALMIC,Discontinued
SULFAIR-15,SULFACETAMIDE SODIUM,ANDA088186,PHARMAFAIR,SOLUTION/DROPS,OPHTHALMIC,Discontinued
SULFALAR,SULFISOXAZOLE,ANDA084955,PARKE DAVIS,TABLET,ORAL,Discontinued
SULFALOID,SULFAMERAZINE; SULFAMETHAZINE); TRISULFAPYRIMIDINES (SULFADIAZINE,ANDA080100,FOREST PHARMS,SUSPENSION,ORAL,Discontinued
SULFAMETHOPRIM,SULFAMETHOXAZOLE; TRIMETHOPRIM,ANDA070022,NOVEL LABS INC,TABLET,ORAL,Discontinued
SULFAMETHOPRIM-DS,SULFAMETHOXAZOLE; TRIMETHOPRIM,ANDA070032,NOVEL LABS INC,TABLET,ORAL,Discontinued
SULFAMETHOXAZOLE,SULFAMETHOXAZOLE,ANDA085844,RISING,TABLET,ORAL,Discontinued
SULFAMETHOXAZOLE AND TRIMETHOPRIM,SULFAMETHOXAZOLE; TRIMETHOPRIM,ANDA090624,AUROBINDO PHARMA,TABLET,ORAL,Prescription
SULFAMETHOXAZOLE AND TRIMETHOPRIM AND PHENAZOPYRIDINE HYDROCHLORIDE,PHENAZOPYRIDINE HYDROCHLORIDE; SULFAMETHOXAZOLE; TRIMETHOPRIM,NDA021105,ABLE,TABLET,ORAL,Discontinued
SULFAMETHOXAZOLE AND TRIMETHOPRIM DOUBLE STRENGTH,SULFAMETHOXAZOLE; TRIMETHOPRIM,ANDA070007,MUTUAL PHARM,TABLET,ORAL,Discontinued
SULFAMETHOXAZOLE AND TRIMETHOPRIM SINGLE STRENGTH,SULFAMETHOXAZOLE; TRIMETHOPRIM,ANDA070030,HERITAGE PHARMA AVET,TABLET,ORAL,Discontinued
SULFAMYLON,MAFENIDE ACETATE,NDA016763,RISING,CREAM,TOPICAL,Prescription
SULFANILAMIDE,SULFANILAMIDE,ANDA088718,COSETTE PHARMS NC,CREAM,VAGINAL,Discontinued
SULFAPYRIDINE,SULFAPYRIDINE,NDA000159,LILLY,TABLET,ORAL,Discontinued
SULFASALAZINE,SULFASALAZINE,ANDA086184,EPIC PHARMA LLC,TABLET,ORAL,Discontinued
SULFATRIM,SULFAMETHOXAZOLE; TRIMETHOPRIM,NDA018615,PHARM ASSOC,SUSPENSION,ORAL,Discontinued
SULFATRIM PEDIATRIC,SULFAMETHOXAZOLE; TRIMETHOPRIM,NDA018615,PHARM ASSOC,SUSPENSION,ORAL,Prescription
SULFATRIM-DS,SULFAMETHOXAZOLE; TRIMETHOPRIM,ANDA070066,SUPERPHARM,TABLET,ORAL,Discontinued
SULFATRIM-SS,SULFAMETHOXAZOLE; TRIMETHOPRIM,ANDA070065,SUPERPHARM,TABLET,ORAL,Discontinued
SULFINPYRAZONE,SULFINPYRAZONE,ANDA087769,IVAX PHARMS,TABLET,ORAL,Discontinued
SULFISOXAZOLE,SULFISOXAZOLE,ANDA087649,LEDERLE,TABLET,ORAL,Discontinued
SULFISOXAZOLE DIOLAMINE,SULFISOXAZOLE DIOLAMINE,ANDA084148,SOLA BARNES HIND,SOLUTION/DROPS,OPHTHALMIC,Discontinued
SULFONAMIDES DUPLEX,SULFADIAZINE; SULFAMERAZINE,NDA006317,LILLY,SUSPENSION,ORAL,Discontinued
SULFOSE,SULFAMERAZINE; SULFAMETHAZINE); TRISULFAPYRIMIDINES (SULFADIAZINE,ANDA080013,WYETH AYERST,SUSPENSION,ORAL,Discontinued
SULINDAC,SULINDAC,ANDA071795,WATSON LABS,TABLET,ORAL,Prescription
SULLA,SULFAMETER,NDA016000,BAYER HLTHCARE,TABLET,ORAL,Discontinued
SULMEPRIM,SULFAMETHOXAZOLE; TRIMETHOPRIM,ANDA070063,USL PHARMA,SUSPENSION,ORAL,Discontinued
SULMEPRIM PEDIATRIC,SULFAMETHOXAZOLE; TRIMETHOPRIM,ANDA070064,USL PHARMA,SUSPENSION,ORAL,Discontinued
SULPHRIN,PREDNISOLONE ACETATE; SULFACETAMIDE SODIUM,ANDA088089,BAUSCH AND LOMB,SUSPENSION/DROPS,OPHTHALMIC,Discontinued
SULSOXIN,SULFISOXAZOLE,ANDA080040,SOLVAY,TABLET,ORAL,Discontinued
SULSTER,PREDNISOLONE SODIUM PHOSPHATE; SULFACETAMIDE SODIUM,ANDA074511,EPIC PHARMA LLC,SOLUTION/DROPS,OPHTHALMIC,Discontinued
SULTEN-10,SULFACETAMIDE SODIUM,ANDA087818,BAUSCH AND LOMB,SOLUTION/DROPS,OPHTHALMIC,Discontinued
SULTRIN,SULFACETAMIDE; SULFATHIAZOLE); TRIPLE SULFA (SULFABENZAMIDE,NDA005794,ORTHO MCNEIL PHARM,CREAM,VAGINAL,Discontinued
SUMATRIPTAN,SUMATRIPTAN,ANDA213650,PERRIGO UK FINCO,SPRAY,NASAL,Prescription
SUMATRIPTAN AND NAPROXEN SODIUM,NAPROXEN SODIUM; SUMATRIPTAN SUCCINATE,ANDA202803,SUN PHARM,TABLET,ORAL,Prescription
SUMATRIPTAN SUCCINATE,SUMATRIPTAN SUCCINATE,ANDA077332,PH HEALTH,INJECTABLE,SUBCUTANEOUS,Discontinued
SUMATRIPTAN SUCCINATE (AUTOINJECTOR),SUMATRIPTAN SUCCINATE,ANDA090314,ONESOURCE SPECIALTY,INJECTABLE,SUBCUTANEOUS,Prescription
SUMATRIPTAN; NAPROXEN SODIUM,NAPROXEN SODIUM; SUMATRIPTAN,ANDA090753,PAR PHARM,TABLET,ORAL,None (Tentative Approval)
SUMAVEL DOSEPRO,SUMATRIPTAN SUCCINATE,NDA022239,ENDO OPERATIONS,INJECTABLE,SUBCUTANEOUS,Discontinued
SUMYCIN,TETRACYCLINE HYDROCHLORIDE,ANDA061147,STRIDES PHARMA INTL,TABLET,ORAL,Prescription
SUNITINIB MALATE,SUNITINIB MALATE,ANDA213803,TEVA PHARMS USA,CAPSULE,ORAL,Prescription
SUNLENCA,LENACAPAVIR SODIUM,NDA215973,GILEAD SCIENCES INC,SOLUTION,SUBCUTANEOUS,Prescription
SUNOSI,SOLRIAMFETOL HYDROCHLORIDE,NDA211230,AXSOME MALTA,TABLET,ORAL,Prescription
SUPPRELIN,HISTRELIN ACETATE,NDA019836,SHIRE,INJECTABLE,INJECTION,Discontinued
SUPPRELIN LA,HISTRELIN ACETATE,NDA022058,ENDO OPERATIONS,IMPLANT,SUBCUTANEOUS,Prescription
SUPRANE,DESFLURANE,NDA020118,BAXTER HLTHCARE,LIQUID,INHALATION,Prescription
SUPRAX,CEFIXIME,NDA050621,LEDERLE,TABLET,ORAL,Discontinued
SUPRENZA,PHENTERMINE HYDROCHLORIDE,NDA202088,CITIUS PHARMS,"TABLET, ORALLY DISINTEGRATING",ORAL,Discontinued
SUPREP BOWEL PREP KIT,MAGNESIUM SULFATE; POTASSIUM SULFATE; SODIUM SULFATE,NDA022372,AZURITY,SOLUTION,ORAL,Prescription
SURFAXIN,LUCINACTANT,NDA021746,LEES PHARM HK,SUSPENSION,INTRATRACHEAL,Discontinued
SURITAL,THIAMYLAL SODIUM,NDA007600,PARKEDALE,INJECTABLE,INJECTION,Discontinued
SURMONTIL,TRIMIPRAMINE MALEATE,NDA016792,TEVA WOMENS,CAPSULE,ORAL,Discontinued
SURVANTA,BERACTANT,BLA020032,ABBVIE,SUSPENSION,INTRATRACHEAL,Prescription
SUS-PHRINE SULFITE FREE,EPINEPHRINE,NDA007942,FOREST LABS,INJECTABLE,INJECTION,Discontinued
SUSTAIRE,THEOPHYLLINE,ANDA085665,ROERIG,"TABLET, EXTENDED RELEASE",ORAL,Discontinued
SUSTIVA,EFAVIRENZ,NDA021360,BRISTOL MYERS SQUIBB,TABLET,ORAL,Discontinued
SUSTOL,GRANISETRON,NDA022445,HERON THERAPS INC,INJECTABLE,SUBCUTANEOUS,Prescription
SUSVIMO,RANIBIZUMAB,BLA761197,GENENTECH INC,SOLUTION,INJECTION,Prescription
SUTAB,MAGNESIUM SULFATE; POTASSIUM CHLORIDE; SODIUM SULFATE,NDA213135,AZURITY,TABLET,ORAL,Prescription
SUTENT,SUNITINIB MALATE,NDA021938,CPPI CV,CAPSULE,ORAL,Prescription
SUVOREXANT,SUVOREXANT,ANDA219386,HETERO LABS LTD UNIT III,TABLET,,None (Tentative Approval)
SYEDA,DROSPIRENONE; ETHINYL ESTRADIOL,ANDA090114,XIROMED,TABLET,ORAL-28,Prescription
SYFOVRE,PEGCETACOPLAN,NDA217171,APELLIS PHARMS,SOLUTION,INTRAVITREAL,Prescription
SYLATRON,PEGINTERFERON ALFA-2B,BLA103949,SCHERING,VIAL,,Prescription
SYLEVIA,ETHINYL ESTRADIOL; LEVONORGESTREL,ANDA202988,SUN PHARM,TABLET,ORAL,Discontinued
SYLVANT,SILTUXIMAB,BLA125496,"RECORDATI RARE DISEASES, INC.",INJECTABLE,INJECTION,Prescription
SYMADINE,AMANTADINE HYDROCHLORIDE,ANDA071000,SOLVAY,CAPSULE,ORAL,Discontinued
SYMBICORT,BUDESONIDE; FORMOTEROL FUMARATE DIHYDRATE,NDA021929,ASTRAZENECA,"AEROSOL, METERED",INHALATION,Prescription
SYMBICORT AEROSPHERE,BUDESONIDE; FORMOTEROL FUMARATE,NDA216579,ASTRAZENECA,"AEROSOL, METERED",INHALATION,Prescription
SYMBRAVO,MELOXICAM; RIZATRIPTAN BENZOATE,NDA215431,AXSOME,TABLET,ORAL,Prescription
SYMBYAX,FLUOXETINE HYDROCHLORIDE; OLANZAPINE,NDA021520,LILLY,CAPSULE,ORAL,Discontinued
SYMDEKO (COPACKAGED),"IVACAFTOR; IVACAFTOR, TEZACAFTOR",NDA210491,VERTEX PHARMS INC,TABLET,ORAL,Prescription
SYMFI,EFAVIRENZ; LAMIVUDINE; TENOFOVIR DISOPROXIL FUMARATE,NDA022142,MYLAN LABS LTD,TABLET,ORAL,Prescription
SYMFI LO,EFAVIRENZ; LAMIVUDINE; TENOFOVIR DISOPROXIL FUMARATE,NDA208255,MYLAN,TABLET,ORAL,Discontinued
SYMJEPI,EPINEPHRINE,NDA207534,ADAMIS PHARMS CORP,SOLUTION,"INTRAMUSCULAR, SUBCUTANEOUS",Prescription
SYMLIN,PRAMLINTIDE ACETATE,NDA021332,ASTRAZENECA AB,INJECTABLE,SUBCUTANEOUS,Discontinued
SYMMETREL,AMANTADINE HYDROCHLORIDE,NDA017118,ENDO PHARMS,SYRUP,ORAL,Discontinued
SYMPAZAN,CLOBAZAM,NDA210833,COSETTE,FILM,ORAL,Prescription
SYMPROIC,NALDEMEDINE TOSYLATE,NDA208854,BDSI,TABLET,ORAL,Prescription
SYMTUZA,COBICISTAT; DARUNAVIR; EMTRICITABINE; TENOFOVIR ALAFENAMIDE FUMARATE,NDA210455,JANSSEN PRODS,TABLET,ORAL,Prescription
SYNACORT,HYDROCORTISONE,ANDA087459,BAUSCH,CREAM,TOPICAL,Discontinued
SYNAGIS,PALIVIZUMAB,BLA103770,SWEDISH ORPHAN,VIAL,,Prescription
SYNALAR,FLUOCINOLONE ACETONIDE,NDA012787,EUROFARMA,CREAM,TOPICAL,Prescription
SYNALAR-HP,FLUOCINOLONE ACETONIDE,NDA016161,EUROFARMA,CREAM,TOPICAL,Discontinued
SYNALGOS-DC,ASPIRIN; CAFFEINE; DIHYDROCODEINE BITARTRATE,NDA011483,SUN PHARM INDUSTRIES,CAPSULE,ORAL,Discontinued
SYNALGOS-DC-A,ACETAMINOPHEN; CAFFEINE; DIHYDROCODEINE BITARTRATE,ANDA089166,LEITNER PHARMS,CAPSULE,ORAL,Discontinued
SYNAREL,NAFARELIN ACETATE,NDA019886,PFIZER,"SPRAY, METERED",NASAL,Prescription
SYNCURINE,DECAMETHONIUM BROMIDE,NDA006931,GLAXOSMITHKLINE,INJECTABLE,INJECTION,Discontinued
SYNDROS,DRONABINOL,NDA205525,WELLHOUSE PHARMA,SOLUTION,ORAL,Discontinued
SYNERA,LIDOCAINE; TETRACAINE,NDA021623,GALEN SPECIALTY,PATCH,TOPICAL,Discontinued
SYNERCID,DALFOPRISTIN; QUINUPRISTIN,NDA050747,KING PHARMS,INJECTABLE,INJECTION,Prescription
SYNJARDY,EMPAGLIFLOZIN; METFORMIN HYDROCHLORIDE,NDA206111,BOEHRINGER INGELHEIM,TABLET,ORAL,Prescription
SYNJARDY XR,EMPAGLIFLOZIN; METFORMIN HYDROCHLORIDE,NDA208658,BOEHRINGER INGELHEIM,"TABLET, EXTENDED RELEASE",ORAL,Prescription
SYNKAYVITE,MENADIOL SODIUM DIPHOSPHATE,NDA003718,ROCHE,INJECTABLE,INJECTION,Discontinued
SYNOPHYLATE,THEOPHYLLINE SODIUM GLYCINATE,NDA006333,CENT PHARMS,ELIXIR,ORAL,Discontinued
SYNOVALYTE IN PLASTIC CONTAINER,MAGNESIUM CHLORIDE; POTASSIUM CHLORIDE; SODIUM ACETATE; SODIUM CHLORIDE; SODIUM GLUCONATE,NDA019326,BAXTER HLTHCARE,SOLUTION,IRRIGATION,Discontinued
SYNRIBO,OMACETAXINE MEPESUCCINATE,NDA203585,TEVA PHARMS INTL,POWDER,SUBCUTANEOUS,Discontinued
SYNTHETIC CONJUGATED ESTROGENS A,"ESTROGENS, CONJUGATED SYNTHETIC A",NDA021788,TEVA WOMENS,CREAM,VAGINAL,Discontinued
SYNTHROID,LEVOTHYROXINE SODIUM,NDA021402,ABBVIE,TABLET,ORAL,Prescription
SYNTOCINON,OXYTOCIN,NDA012285,RTRX,SOLUTION,NASAL,Discontinued
SYPRINE,TRIENTINE HYDROCHLORIDE,NDA019194,BAUSCH,CAPSULE,ORAL,Prescription
T-PHYL,THEOPHYLLINE,ANDA088253,PHARM RES ASSOC,"TABLET, EXTENDED RELEASE",ORAL,Discontinued
T-STAT,ERYTHROMYCIN,ANDA062436,WESTWOOD SQUIBB,SOLUTION,TOPICAL,Discontinued
TAB-PROFEN,IBUPROFEN,ANDA072095,PERRIGO,TABLET,ORAL,Discontinued
TABRECTA,CAPMATINIB HYDROCHLORIDE,NDA213591,NOVARTIS PHARM,TABLET,ORAL,Prescription
TACARYL,METHDILAZINE,NDA011950,WESTWOOD SQUIBB,"TABLET, CHEWABLE",ORAL,Discontinued
TACARYL,METHDILAZINE HYDROCHLORIDE,NDA011950,WESTWOOD SQUIBB,SYRUP,ORAL,Discontinued
TACE,CHLOROTRIANISENE,NDA016235,SANOFI AVENTIS US,CAPSULE,ORAL,Discontinued
TACLONEX,BETAMETHASONE DIPROPIONATE; CALCIPOTRIENE,NDA021852,LEO PHARMA AS,OINTMENT,TOPICAL,Prescription
TACLONEX,BETAMETHASONE DIPROPIONATE; CALCIPOTRIENE HYDRATE,NDA022185,LEO PHARMA AS,SUSPENSION,TOPICAL,Prescription
TACROLIMUS,TACROLIMUS,ANDA090687,STRIDES PHARMA,CAPSULE,ORAL,Prescription
TADALAFIL,TADALAFIL,ANDA090141,TEVA PHARMS USA,TABLET,ORAL,Prescription
TADLIQ,TADALAFIL,NDA214522,CMP DEV LLC,SUSPENSION,ORAL,Prescription
TAFINLAR,DABRAFENIB MESYLATE,NDA217514,NOVARTIS,CAPSULE,ORAL,Prescription
TAFLUPROST,TAFLUPROST,ANDA209051,MICRO LABS,SOLUTION/DROPS,OPHTHALMIC,Prescription
TAGAMET,CIMETIDINE,NDA017920,GLAXOSMITHKLINE,TABLET,ORAL,Discontinued
TAGAMET,CIMETIDINE HYDROCHLORIDE,NDA017924,GLAXOSMITHKLINE,SOLUTION,ORAL,Discontinued
TAGAMET HB,CIMETIDINE,NDA020238,MEDTECH PRODUCTS,TABLET,ORAL,Over-the-counter
TAGAMET HB 200,CIMETIDINE,NDA020951,GLAXOSMITHKLINE,SUSPENSION,ORAL,Discontinued
TAGAMET HYDROCHLORIDE IN SODIUM CHLORIDE 0.9% IN PLASTIC CONTAINER,CIMETIDINE HYDROCHLORIDE,NDA019434,GLAXOSMITHKLINE,INJECTABLE,INJECTION,Discontinued
TAGITOL V,BARIUM SULFATE,NDA208143,BRACCO,SUSPENSION,ORAL,Prescription
TAGRISSO,OSIMERTINIB MESYLATE,NDA208065,ASTRAZENECA,TABLET,ORAL,Prescription
TAKHZYRO,LANADELUMAB-FLYO,BLA761090,DYAX CORP.,SOLUTION,SUBCUTANEOUS,Prescription
TALACEN,ACETAMINOPHEN; PENTAZOCINE HYDROCHLORIDE,NDA018458,SANOFI AVENTIS US,TABLET,ORAL,Discontinued
TALC,TALC,NDA021388,SCIARRA LABS,POWDER,INTRAPLEURAL,Prescription
TALICIA,AMOXICILLIN; OMEPRAZOLE MAGNESIUM; RIFABUTIN,NDA213004,TALICIA HOLDINGS,"CAPSULE, DELAYED RELEASE",ORAL,Prescription
TALTZ,IXEKIZUMAB,BLA125521,ELI LILLY AND CO,INJECTABLE,INJECTION,Prescription
TALVEY,TALQUETAMAB-TGVS,BLA761342,JANSSEN BIOTECH,INJECTABLE,INJECTION,Prescription
TALWIN,PENTAZOCINE LACTATE,NDA016194,HOSPIRA,INJECTABLE,INJECTION,Discontinued
TALWIN 50,PENTAZOCINE HYDROCHLORIDE,NDA016732,SANOFI AVENTIS US,TABLET,ORAL,Discontinued
TALWIN COMPOUND,ASPIRIN; PENTAZOCINE HYDROCHLORIDE,NDA016891,SANOFI AVENTIS US,TABLET,ORAL,Discontinued
TALWIN NX,NALOXONE HYDROCHLORIDE; PENTAZOCINE HYDROCHLORIDE,NDA018733,SANOFI AVENTIS US,TABLET,ORAL,Discontinued
TALZENNA,TALAZOPARIB TOSYLATE,NDA217439,PFIZER,CAPSULE,ORAL,Prescription
TAMBOCOR,FLECAINIDE ACETATE,NDA018830,ALVOGEN,TABLET,ORAL,Discontinued
TAMIFLU,OSELTAMIVIR PHOSPHATE,NDA021087,ROCHE,CAPSULE,ORAL,Discontinued
TAMOXIFEN CITRATE,TAMOXIFEN CITRATE,ANDA076027,ROXANE,TABLET,ORAL,Discontinued
TAMSULOSIN HYDROCHLORIDE,TAMSULOSIN HYDROCHLORIDE,ANDA090408,PHARMOBEDIENT,CAPSULE,ORAL,Discontinued
TANDEARIL,OXYPHENBUTAZONE,NDA012542,NOVARTIS,TABLET,ORAL,Discontinued
TANZEUM,ALBIGLUTIDE,BLA125431,GLAXOSMITHKLINE LLC,INJECTABLE,INJECTION,Discontinued
TAO,TROLEANDOMYCIN,NDA050336,PFIZER,CAPSULE,ORAL,Discontinued
TAPAZOLE,METHIMAZOLE,ANDA040320,KING PHARMS LLC,TABLET,ORAL,Discontinued
TAPENTADOL,TAPENTADOL,ANDA205015,ALKEM LABS LTD,TABLET,ORAL,None (Tentative Approval)
TAPENTADOL HYDROCHLORIDE,TAPENTADOL HYDROCHLORIDE,ANDA209369,RHODES PHARMS,TABLET,ORAL,None (Tentative Approval)
TARACTAN,CHLORPROTHIXENE,NDA012487,ROCHE,INJECTABLE,INJECTION,Discontinued
TARCEVA,ERLOTINIB HYDROCHLORIDE,NDA021743,OSI PHARMS,TABLET,ORAL,Discontinued
TARGINIQ,NALOXONE HYDROCHLORIDE; OXYCODONE HYDROCHLORIDE,NDA205777,PURDUE PHARMA LP,"TABLET, EXTENDED RELEASE",ORAL,Discontinued
TARGRETIN,BEXAROTENE,NDA021055,BAUSCH,CAPSULE,ORAL,Prescription
TARKA,TRANDOLAPRIL; VERAPAMIL HYDROCHLORIDE,NDA020591,ABBVIE,"TABLET, EXTENDED RELEASE",ORAL,Discontinued
TARPEYO,BUDESONIDE,NDA215935,CALLIDITAS,"CAPSULE, DELAYED RELEASE",ORAL,Prescription
TASCENSO ODT,FINGOLIMOD LAURYL SULFATE,NDA214962,CYCLE,"TABLET, ORALLY DISINTEGRATING",ORAL,Prescription
TASIGNA,NILOTINIB HYDROCHLORIDE,NDA022068,NOVARTIS,CAPSULE,ORAL,Prescription
TASIMELTEON,TASIMELTEON,ANDA211601,TEVA PHARMS USA INC,CAPSULE,ORAL,Prescription
TASMAR,TOLCAPONE,NDA020697,BAUSCH,TABLET,ORAL,Prescription
TATUM-T,COPPER,NDA018205,GD SEARLE LLC,INTRAUTERINE DEVICE,INTRAUTERINE,Discontinued
TAUKLARIFY,FLORQUINITAU F18,NDA220496,CERVEAU TECHNOLOGIES INC A LANTHEUS CO,INJECTABLE,INJECTION,Prescription
TAUVID,FLORTAUCIPIR F-18,NDA212123,AVID RADIOPHARMS INC,SOLUTION,INTRAVENOUS,Prescription
TAVABOROLE,TAVABOROLE,ANDA212256,AMNEAL,SOLUTION,TOPICAL,Discontinued
TAVALISSE,FOSTAMATINIB DISODIUM,NDA209299,RIGEL PHARMS,TABLET,ORAL,Prescription
TAVIST,CLEMASTINE FUMARATE,NDA018675,NOVARTIS,SYRUP,ORAL,Discontinued
TAVIST ALLERGY/SINUS/HEADACHE,ACETAMINOPHEN; CLEMASTINE FUMARATE; PSEUDOEPHEDRINE HYDROCHLORIDE,NDA021082,NOVARTIS,TABLET,ORAL,Discontinued
TAVIST-1,CLEMASTINE FUMARATE,NDA020925,HALEON US HOLDINGS,TABLET,ORAL,Discontinued
TAVNEOS,AVACOPAN,NDA214487,CHEMOCENTRYX,CAPSULE,ORAL,Prescription
TAXOL,PACLITAXEL,NDA020262,HQ SPCLT PHARMA,INJECTABLE,INJECTION,Discontinued
TAXOTERE,DOCETAXEL,NDA020449,SANOFI AVENTIS US,INJECTABLE,INJECTION,Discontinued
TAYTULLA,ETHINYL ESTRADIOL; NORETHINDRONE ACETATE,NDA204426,APIL,CAPSULE,ORAL,Prescription
TAZAROTENE,TAZAROTENE,ANDA214136,COSETTE PHARMS NC,GEL,TOPICAL,Prescription
TAZICEF,CEFTAZIDIME,ANDA064032,HOSPIRA,INJECTABLE,INJECTION,Prescription
TAZIDIME,CEFTAZIDIME,ANDA062655,LILLY,INJECTABLE,INJECTION,Discontinued
TAZIDIME IN PLASTIC CONTAINER,CEFTAZIDIME,ANDA062739,LILLY,INJECTABLE,INJECTION,Discontinued
TAZORAC,TAZAROTENE,NDA020600,ALMIRALL,GEL,TOPICAL,Prescription
TAZTIA XT,DILTIAZEM HYDROCHLORIDE,ANDA075401,ACTAVIS LABS FL INC,"CAPSULE, EXTENDED RELEASE",ORAL,Discontinued
TAZVERIK,TAZEMETOSTAT HYDROBROMIDE,NDA211723,EPIZYME INC,TABLET,ORAL,Discontinued
TECENTRIQ,ATEZOLIZUMAB,BLA761041,GENENTECH INC,INJECTABLE,INJECTION,Prescription
TECENTRIQ HYBREZA,ATEZOLIZUMAB AND HYALURONIDASE-TQJS,BLA761347,GENENTECH INC,INJECTABLE,INJECTION,Prescription
TECFIDERA,DIMETHYL FUMARATE,NDA204063,BIOGEN,"CAPSULE, DELAYED RELEASE",ORAL,Prescription
TECHNECOLL,TECHNETIUM TC-99M SULFUR COLLOID KIT,NDA017059,MALLINCKRODT,SOLUTION,"INJECTION, ORAL",Discontinued
TECHNEGAS KIT,TECHNETIUM TC-99M LABELED CARBON,NDA022335,CYCLOMEDICA,AEROSOL,INHALATION,Prescription
TECHNELITE,TECHNETIUM TC-99M SODIUM PERTECHNETATE GENERATOR,NDA017771,SHINE,SOLUTION,INTRAVENOUS,Discontinued
TECHNESCAN GLUCEPTATE,TECHNETIUM TC-99M GLUCEPTATE KIT,NDA018272,DRAXIMAGE,INJECTABLE,INJECTION,Discontinued
TECHNESCAN HDP,TECHNETIUM TC-99M OXIDRONATE KIT,NDA018321,CURIUM,INJECTABLE,INJECTION,Prescription
TECHNESCAN HIDA,TECHNETIUM TC-99M LIDOFENIN KIT,NDA018489,DRAXIMAGE,INJECTABLE,INJECTION,Discontinued
TECHNESCAN MAG3,TECHNETIUM TC-99M MERTIATIDE KIT,NDA019882,CURIUM,INJECTABLE,INJECTION,Prescription
TECHNESCAN PYP KIT,TECHNETIUM TC-99M PYROPHOSPHATE KIT,NDA017538,CURIUM,INJECTABLE,INJECTION,Prescription
TECHNETIUM TC 99M ALBUMIN AGGREGATED KIT,TECHNETIUM TC-99M ALBUMIN AGGREGATED KIT,BLA017881,DRAXIMAGE,INJECTABLE,INJECTION,Prescription
TECHNETIUM TC 99M DIPHOSPHONATE-TIN KIT,TECHNETIUM TC-99M ETIDRONATE KIT,NDA017562,GE HEALTHCARE,INJECTABLE,INJECTION,Discontinued
TECHNETIUM TC 99M MERTIATIDE KIT,TECHNETIUM TC-99M MERTIATIDE KIT,NDA216820,JUBILANT DRAXIMAGE,POWDER,INTRAVENOUS,Prescription
TECHNETIUM TC 99M MPI MDP,TECHNETIUM TC-99M MEDRONATE KIT,NDA018141,GE HEALTHCARE,INJECTABLE,INJECTION,Discontinued
TECHNETIUM TC 99M SESTAMIBI,TECHNETIUM TC-99M SESTAMIBI KIT,ANDA078098,CURIUM,INJECTABLE,INJECTION,Prescription
TECHNETIUM TC 99M SULFUR COLLOID,TECHNETIUM TC-99M SULFUR COLLOID,NDA017456,GE HEALTHCARE,SOLUTION,"INJECTION, ORAL",Discontinued
TECHNETIUM TC 99M TSC,TECHNETIUM TC-99M SULFUR COLLOID KIT,NDA017784,GE HEALTHCARE,SOLUTION,"INJECTION, ORAL",Discontinued
TECHNETIUM TC-99M MEBROFENIN,TECHNETIUM TC-99M MEBROFENIN KIT,ANDA078242,SUN PHARM INDS INC,INJECTABLE,INJECTION,Prescription
TECHNETIUM TC-99M MEDRONATE KIT,TECHNETIUM TC-99M MEDRONATE KIT,NDA018107,CARDINAL HEALTH 414,INJECTABLE,INJECTION,Prescription
TECHNETIUM TC-99M PENTETATE KIT,TECHNETIUM TC-99M PENTETATE KIT,NDA017264,GE HEALTHCARE,INJECTABLE,INJECTION,Discontinued
TECHNETIUM TC-99M SULFUR COLLOID KIT,TECHNETIUM TC-99M SULFUR COLLOID KIT,ANDA213516,JUBILANT,SOLUTION,"INJECTION, ORAL",Prescription
TECHNETIUM TC99M MERTIATIDE KIT,TECHNETIUM TC-99M MERTIATIDE KIT,ANDA208994,SUN PHARM INDS INC,INJECTABLE,INJECTION,Prescription
TECHNIVIE,OMBITASVIR; PARITAPREVIR; RITONAVIR,NDA207931,ABBVIE,TABLET,ORAL,Discontinued
TECVAYLI,TECLISTAMAB-CQYV,BLA761291,JANSSEN BIOTECH,INJECTABLE,INJECTION,Prescription
TECZEM,DILTIAZEM MALATE; ENALAPRIL MALEATE,NDA020507,BIOVAIL,"TABLET, EXTENDED RELEASE",ORAL,Discontinued
TEEBACIN,AMINOSALICYLATE SODIUM,NDA007320,CONSOLIDATED MIDLAND,TABLET,ORAL,Discontinued
TEFLARO,CEFTAROLINE FOSAMIL,NDA200327,ABBVIE,POWDER,INTRAVENOUS,Prescription
TEGISON,ETRETINATE,NDA019369,ROCHE,CAPSULE,ORAL,Discontinued
TEGOPEN,CLOXACILLIN SODIUM,NDA050192,APOTHECON,FOR SOLUTION,ORAL,Discontinued
TEGRETOL,CARBAMAZEPINE,NDA018927,NOVARTIS,SUSPENSION,ORAL,Prescription
TEGRETOL-XR,CARBAMAZEPINE,NDA020234,NOVARTIS,"TABLET, EXTENDED RELEASE",ORAL,Prescription
TEGSEDI,INOTERSEN SODIUM,NDA211172,AKCEA THERAPS,SOLUTION,SUBCUTANEOUS,Discontinued
TEKAMLO,ALISKIREN HEMIFUMARATE; AMLODIPINE BESYLATE,NDA022545,NOVARTIS,TABLET,ORAL,Discontinued
TEKTURNA,ALISKIREN HEMIFUMARATE,NDA210709,NODEN PHARMA,"CAPSULE, PELLET",ORAL,Discontinued
TEKTURNA HCT,ALISKIREN HEMIFUMARATE; HYDROCHLOROTHIAZIDE,NDA022107,NODEN PHARMA,TABLET,ORAL,Discontinued
TELDRIN,CHLORPHENIRAMINE MALEATE,NDA017369,GLAXOSMITHKLINE,"CAPSULE, EXTENDED RELEASE",ORAL,Discontinued
TELEPAQUE,IOPANOIC ACID,NDA008032,GE HEALTHCARE,TABLET,ORAL,Discontinued
TELMISARTAN,TELMISARTAN,ANDA203171,TORRENT,TABLET,ORAL,Prescription
TELMISARTAN AND AMLODIPINE,AMLODIPINE BESYLATE; TELMISARTAN,ANDA201586,LUPIN,TABLET,ORAL,Discontinued
TELMISARTAN AND HYDROCHLOROTHIAZIDE,HYDROCHLOROTHIAZIDE; TELMISARTAN,ANDA208727,AUROBINDO PHARMA,TABLET,ORAL,Prescription
TELMISARTAN; HYDROCHLOROTHIAZIDE,HYDROCHLOROTHIAZIDE; TELMISARTAN,ANDA091084,WATSON LABS FLORIDA,TABLET,ORAL,None (Tentative Approval)
TEMARIL,TRIMEPRAZINE TARTRATE,NDA011316,ALLERGAN HERBERT,SYRUP,ORAL,Discontinued
TEMAZ,TEMAZEPAM,ANDA070547,QUANTUM PHARMICS,CAPSULE,ORAL,Discontinued
TEMAZEPAM,TEMAZEPAM,ANDA070490,USL PHARMA,CAPSULE,ORAL,Discontinued
TEMBEXA,BRINCIDOFOVIR,NDA214461,EMERGENT BIODEFENSE,TABLET,ORAL,Prescription
TEMIXYS,LAMIVUDINE; TENOFOVIR DISOPROXIL FUMARATE,NDA211284,CHARTWELL RX,TABLET,ORAL,Discontinued
TEMODAR,TEMOZOLOMIDE,NDA021029,MERCK SHARP DOHME,CAPSULE,ORAL,Discontinued
TEMOVATE,CLOBETASOL PROPIONATE,NDA019323,FOUGERA,OINTMENT,TOPICAL,Discontinued
TEMOVATE E,CLOBETASOL PROPIONATE,NDA020340,FOUGERA,CREAM,TOPICAL,Discontinued
TEMOZOLOMIDE,TEMOZOLOMIDE,ANDA207658,DEVA HOLDING AS,CAPSULE,ORAL,Prescription
TEMSIROLIMUS,TEMSIROLIMUS,ANDA203153,ACCORD HLTHCARE,SOLUTION,INTRAVENOUS,Prescription
TEN-K,POTASSIUM CHLORIDE,NDA019381,NOVARTIS,"TABLET, EXTENDED RELEASE",ORAL,Discontinued
TENATHAN,BETHANIDINE SULFATE,NDA017675,ROBINS AH,TABLET,ORAL,Discontinued
TENCON,ACETAMINOPHEN; BUTALBITAL,ANDA089405,MALLINCKRODT,CAPSULE,ORAL,Discontinued
TENEX,GUANFACINE HYDROCHLORIDE,NDA019032,PROMIUS PHARMA,TABLET,ORAL,Discontinued
TENOFOVIR ALAFENAMIDE,TENOFOVIR ALAFENAMIDE,ANDA214072,SHILPA MEDICARE LTD,TABLET,ORAL,None (Tentative Approval)
TENOFOVIR ALAFENAMIDE,TENOFOVIR ALAFENAMIDE FUMARATE,ANDA214226,LUPIN,TABLET,ORAL,Prescription
TENOFOVIR ALAFENAMIDE FUMARATE,TENOFOVIR ALAFENAMIDE FUMARATE,ANDA214030,LAURUS LABS LTD,TABLET,ORAL,None (Tentative Approval)
TENOFOVIR DISOPROXIL FUMARATE,TENOFOVIR DISOPROXIL FUMARATE,ANDA204402,LUPIN LTD,TABLET,ORAL,None (Tentative Approval)
TENORETIC 100,ATENOLOL; CHLORTHALIDONE,NDA018760,TWI PHARMS,TABLET,ORAL,Discontinued
TENORETIC 50,ATENOLOL; CHLORTHALIDONE,NDA018760,TWI PHARMS,TABLET,ORAL,Discontinued
TENORMIN,ATENOLOL,NDA019058,ASTRAZENECA,INJECTABLE,INJECTION,Discontinued
TENSILON,EDROPHONIUM CHLORIDE,NDA007959,PAI HOLDINGS PHARM,INJECTABLE,INJECTION,Discontinued
TENSILON PRESERVATIVE FREE,EDROPHONIUM CHLORIDE,NDA007959,PAI HOLDINGS PHARM,INJECTABLE,INJECTION,Discontinued
TENUATE,DIETHYLPROPION HYDROCHLORIDE,NDA017669,SANOFI AVENTIS US,"TABLET, EXTENDED RELEASE",ORAL,Discontinued
TENUATE DOSPAN,DIETHYLPROPION HYDROCHLORIDE,NDA012546,ANI PHARMS,"TABLET, EXTENDED RELEASE",ORAL,Discontinued
TEPADINA,THIOTEPA,NDA208264,ADIENNE SA,POWDER,"INTRACAVITARY, INTRAVENOUS, INTRAVESICAL",Prescription
TEPADINA AND SODIUM CHLORIDE,THIOTEPA,NDA208264,ADIENNE SA,POWDER,INTRAVENOUS,Prescription
TEPANIL,DIETHYLPROPION HYDROCHLORIDE,NDA011673,3M,TABLET,ORAL,Discontinued
TEPANIL TEN-TAB,DIETHYLPROPION HYDROCHLORIDE,NDA017956,3M,"TABLET, EXTENDED RELEASE",ORAL,Discontinued
TEPEZZA,TEPROTUMUMAB-TRBW,BLA761143,HORIZON THERAPEUTICS IRELAND,INJECTABLE,INJECTION,Prescription
TEPMETKO,TEPOTINIB HYDROCHLORIDE,NDA214096,EMD SERONO INC,TABLET,ORAL,Prescription
TEPYLUTE,THIOTEPA,NDA216984,SHORLA,SOLUTION,INTRAVENOUS,Prescription
TERAZOL 3,TERCONAZOLE,NDA019641,JANSSEN PHARMS,SUPPOSITORY,VAGINAL,Discontinued
TERAZOL 7,TERCONAZOLE,NDA019579,JANSSEN PHARMS,CREAM,VAGINAL,Discontinued
TERAZOSIN HYDROCHLORIDE,TERAZOSIN HYDROCHLORIDE,ANDA076021,RANBAXY LABS LTD,CAPSULE,ORAL,Discontinued
TERBINAFINE HYDROCHLORIDE,TERBINAFINE HYDROCHLORIDE,ANDA077195,NATCO PHARMA,TABLET,ORAL,Discontinued
TERBUTALINE SULFATE,TERBUTALINE SULFATE,ANDA211832,TWI PHARMS,TABLET,ORAL,Prescription
TERCONAZOLE,TERCONAZOLE,ANDA077149,PADAGIS ISRAEL,SUPPOSITORY,VAGINAL,Prescription
TERFONYL,SULFAMERAZINE; SULFAMETHAZINE); TRISULFAPYRIMIDINES (SULFADIAZINE,NDA006904,BRISTOL MYERS SQUIBB,SUSPENSION,ORAL,Discontinued
TERIFLUNOMIDE,TERIFLUNOMIDE,ANDA209638,AUROBINDO PHARMA,TABLET,ORAL,Prescription
TERIL,CARBAMAZEPINE,ANDA076729,TARO,SUSPENSION,ORAL,Prescription
TERIPARATIDE,TERIPARATIDE,ANDA211097,APOTEX,SOLUTION,SUBCUTANEOUS,Prescription
TERLIVAZ,TERLIPRESSIN ACETATE,NDA022231,MALLINCKRODT IRELAND,POWDER,INTRAVENOUS,Prescription
TERRA-CORTRIL,HYDROCORTISONE ACETATE; OXYTETRACYCLINE HYDROCHLORIDE,ANDA061016,PFIZER,SUSPENSION,OPHTHALMIC,Discontinued
TERRAMYCIN,LIDOCAINE HYDROCHLORIDE; OXYTETRACYCLINE,ANDA060567,PFIZER,INJECTABLE,INJECTION,Discontinued
TERRAMYCIN,OXYTETRACYCLINE,NDA050287,PFIZER,TABLET,ORAL,Discontinued
TERRAMYCIN,OXYTETRACYCLINE CALCIUM,ANDA060595,PFIZER,SYRUP,ORAL,Discontinued
TERRAMYCIN,OXYTETRACYCLINE HYDROCHLORIDE,ANDA060586,PFIZER,INJECTABLE,INJECTION,Discontinued
TERRAMYCIN W/ POLYMYXIN,OXYTETRACYCLINE HYDROCHLORIDE; POLYMYXIN B SULFATE,ANDA061841,PFIZER,OINTMENT,OTIC,Discontinued
TERRAMYCIN W/ POLYMYXIN B SULFATE,OXYTETRACYCLINE HYDROCHLORIDE; POLYMYXIN B SULFATE,NDA061015,CASPER PHARMA LLC,OINTMENT,OPHTHALMIC,Discontinued
TERRAMYCIN-POLYMYXIN,OXYTETRACYCLINE HYDROCHLORIDE; POLYMYXIN B SULFATE,ANDA061009,PFIZER,TABLET,VAGINAL,Discontinued
TESLAC,TESTOLACTONE,NDA016119,BRISTOL MYERS SQUIBB,INJECTABLE,INJECTION,Discontinued
TESLASCAN,MANGAFODIPIR TRISODIUM,NDA020652,IC TARGETS,INJECTABLE,INJECTION,Discontinued
TESSALON,BENZONATATE,NDA011210,PFIZER,CAPSULE,ORAL,Discontinued
TESTIM,TESTOSTERONE,NDA021454,ENDO OPERATIONS,GEL,TRANSDERMAL,Prescription
TESTODERM,TESTOSTERONE,NDA019762,ALZA,"FILM, EXTENDED RELEASE",TRANSDERMAL,Discontinued
TESTODERM TTS,TESTOSTERONE,NDA020791,ALZA,"FILM, EXTENDED RELEASE",TRANSDERMAL,Discontinued
TESTOPEL,TESTOSTERONE,ANDA080911,ENDO OPERATIONS,PELLET,IMPLANTATION,Prescription
TESTOSTERONE,TESTOSTERONE,ANDA076737,ACTAVIS LABS UT INC,GEL,TRANSDERMAL,Prescription
TESTOSTERONE CYPIONATE,TESTOSTERONE CYPIONATE,ANDA089327,QUAD PHARMS,Injectable,Injection,Discontinued
TESTOSTERONE CYPIONATE-ESTRADIOL CYPIONATE,ESTRADIOL CYPIONATE; TESTOSTERONE CYPIONATE,ANDA085603,WATSON LABS,INJECTABLE,INJECTION,Discontinued
TESTOSTERONE ENANTHATE,TESTOSTERONE ENANTHATE,ANDA085599,WATSON LABS,INJECTABLE,INJECTION,Discontinued
TESTOSTERONE ENANTHATE AND ESTRADIOL VALERATE,ESTRADIOL VALERATE; TESTOSTERONE ENANTHATE,ANDA085860,WATSON LABS,INJECTABLE,INJECTION,Discontinued
TESTOSTERONE PROPIONATE,TESTOSTERONE PROPIONATE,ANDA080188,WATSON LABS,INJECTABLE,INJECTION,Discontinued
TESTOSTERONE UNDECANOATE,TESTOSTERONE UNDECANOATE,ANDA207583,HIKMA PHARMACEUTICALS USA INC,INJECTABLE,INTRAMUSCULAR,None (Tentative Approval)
TESTRED,METHYLTESTOSTERONE,ANDA083976,BAUSCH,CAPSULE,ORAL,Discontinued
TESULOID,TECHNETIUM TC-99M SULFUR COLLOID KIT,NDA016923,BRACCO,SOLUTION,"INJECTION, ORAL",Discontinued
TETRABENAZINE,TETRABENAZINE,ANDA206093,APOTEX,TABLET,ORAL,Prescription
TETRACAINE HYDROCHLORIDE,TETRACAINE HYDROCHLORIDE,NDA208135,ALCON LABS,SOLUTION,OPHTHALMIC,Prescription
TETRACHEL,TETRACYCLINE HYDROCHLORIDE,ANDA060343,ANGUS,CAPSULE,ORAL,Discontinued
TETRACYCLINE HYDROCHLORIDE,TETRACYCLINE HYDROCHLORIDE,ANDA061148,HEATHER,CAPSULE,ORAL,Discontinued
TETRACYN,PROCAINE HYDROCHLORIDE; TETRACYCLINE HYDROCHLORIDE,ANDA060285,PFIZER,INJECTABLE,INJECTION,Discontinued
TETRACYN,TETRACYCLINE HYDROCHLORIDE,ANDA060096,PFIZER,INJECTABLE,INJECTION,Discontinued
TETRAMED,TETRACYCLINE HYDROCHLORIDE,ANDA061468,IVAX SUB TEVA PHARMS,SUSPENSION,ORAL,Discontinued
TETREX,TETRACYCLINE PHOSPHATE COMPLEX,ANDA061889,BRISTOL,CAPSULE,ORAL,Discontinued
TEVETEN,EPROSARTAN MESYLATE,NDA020738,ABBVIE,TABLET,ORAL,Discontinued
TEVETEN HCT,EPROSARTAN MESYLATE; HYDROCHLOROTHIAZIDE,NDA021268,ABBVIE,TABLET,ORAL,Discontinued
TEVIMBRA,TISLELIZUMAB-JSGR,BLA761232,BEIGENE,INJECTION,SOLUTION,Prescription
TEVIMBRA,islelizumab-jsgr,BLA761380,BEIGENE,INJECTABLE,INJECTION,Prescription
TEXACORT,HYDROCORTISONE,ANDA080425,MISSION PHARMA,SOLUTION,TOPICAL,Discontinued
TEZRULY,TERAZOSIN HYDROCHLORIDE,NDA218139,NOVITIUM PHARMA,SOLUTION,ORAL,Discontinued
TEZSPIRE,TEZEPELUMAB-EKKO,BLA761224,ASTRAZENECA AB,SOLUTION,SUBCUTANEOUS,Prescription
THALIDOMIDE,THALIDOMIDE,ANDA213267,NATCO,CAPSULE,ORAL,Prescription
THALITONE,CHLORTHALIDONE,NDA019574,CASPER PHARMA LLC,TABLET,ORAL,Prescription
THALLOUS CHLORIDE TL 201,THALLOUS CHLORIDE TL-201,ANDA075569,TRACE LIFE,INJECTABLE,INJECTION,Discontinued
THALOMID,THALIDOMIDE,NDA021430,CELGENE,CAPSULE,ORAL,Prescription
THAM,TROMETHAMINE,NDA013025,HOSPIRA,SOLUTION,INJECTION,Prescription
THAM-E,POTASSIUM CHLORIDE; SODIUM CHLORIDE; TROMETHAMINE,NDA013025,HOSPIRA,INJECTABLE,INJECTION,Discontinued
THEELIN,ESTRONE,NDA003977,PARKEDALE,INJECTABLE,INJECTION,Discontinued
THEO-24,THEOPHYLLINE,ANDA087943,ENDO OPERATIONS,"CAPSULE, EXTENDED RELEASE",ORAL,Prescription
THEO-DUR,THEOPHYLLINE,ANDA088016,SCHERING,"CAPSULE, EXTENDED RELEASE",ORAL,Discontinued
THEOBID,THEOPHYLLINE,ANDA085983,WHITBY,"CAPSULE, EXTENDED RELEASE",ORAL,Discontinued
THEOBID JR.,THEOPHYLLINE,ANDA087854,WHITBY,"CAPSULE, EXTENDED RELEASE",ORAL,Discontinued
THEOCLEAR L.A.-130,THEOPHYLLINE,ANDA086569,SCHWARZ PHARMA,"CAPSULE, EXTENDED RELEASE",ORAL,Discontinued
THEOCLEAR L.A.-260,THEOPHYLLINE,ANDA086569,SCHWARZ PHARMA,"CAPSULE, EXTENDED RELEASE",ORAL,Discontinued
THEOCLEAR-100,THEOPHYLLINE,ANDA085353,CENT PHARMS,TABLET,ORAL,Discontinued
THEOCLEAR-200,THEOPHYLLINE,ANDA085353,CENT PHARMS,TABLET,ORAL,Discontinued
THEOCLEAR-80,THEOPHYLLINE,ANDA087095,CENT PHARMS,SYRUP,ORAL,Discontinued
THEOLAIR,THEOPHYLLINE,ANDA086107,3M,SOLUTION,ORAL,Discontinued
THEOLAIR-SR,THEOPHYLLINE,ANDA086363,3M,"TABLET, EXTENDED RELEASE",ORAL,Discontinued
THEOLIXIR,THEOPHYLLINE,ANDA084559,PANRAY,ELIXIR,ORAL,Discontinued
THEOPHYL,THEOPHYLLINE,ANDA086506,ORTHO MCNEIL PHARM,"TABLET, CHEWABLE",ORAL,Discontinued
THEOPHYL-225,THEOPHYLLINE,ANDA086485,ORTHO MCNEIL PHARM,ELIXIR,ORAL,Discontinued
THEOPHYL-SR,THEOPHYLLINE,ANDA086471,ORTHO MCNEIL PHARM,"CAPSULE, EXTENDED RELEASE",ORAL,Discontinued
THEOPHYLLINE,THEOPHYLLINE,ANDA087449,ROXANE,SOLUTION,ORAL,Discontinued
THEOPHYLLINE 0.04% AND DEXTROSE 5% IN PLASTIC CONTAINER,THEOPHYLLINE,NDA019826,B BRAUN,INJECTABLE,INJECTION,Discontinued
THEOPHYLLINE 0.08% AND DEXTROSE 5% IN PLASTIC CONTAINER,THEOPHYLLINE,NDA019826,B BRAUN,INJECTABLE,INJECTION,Discontinued
THEOPHYLLINE 0.16% AND DEXTROSE 5% IN PLASTIC CONTAINER,THEOPHYLLINE,NDA019826,B BRAUN,INJECTABLE,INJECTION,Discontinued
THEOPHYLLINE 0.2% AND DEXTROSE 5% IN PLASTIC CONTAINER,THEOPHYLLINE,NDA019212,B BRAUN,INJECTABLE,INJECTION,Discontinued
THEOPHYLLINE 0.32% AND DEXTROSE 5% IN PLASTIC CONTAINER,THEOPHYLLINE,NDA019826,B BRAUN,INJECTABLE,INJECTION,Discontinued
THEOPHYLLINE 0.4% AND DEXTROSE 5% IN PLASTIC CONTAINER,THEOPHYLLINE,NDA019212,B BRAUN,INJECTABLE,INJECTION,Discontinued
THEOPHYLLINE AND DEXTROSE 5% IN PLASTIC CONTAINER,THEOPHYLLINE,NDA018649,BAXTER HLTHCARE,INJECTABLE,INJECTION,Discontinued
THEOPHYLLINE IN DEXTROSE 5% IN PLASTIC CONTAINER,THEOPHYLLINE,NDA019211,HOSPIRA INC,INJECTABLE,INJECTION,Discontinued
THEOPHYLLINE-SR,THEOPHYLLINE,ANDA088255,SCHERER RP,"CAPSULE, EXTENDED RELEASE",ORAL,Discontinued
THEOVENT,THEOPHYLLINE,ANDA087010,SCHERING,"CAPSULE, EXTENDED RELEASE",ORAL,Discontinued
THERMAZENE,SILVER SULFADIAZINE,NDA018810,THEPHARMANETWORK LLC,CREAM,TOPICAL,Prescription
THEROXIDIL,MINOXIDIL,ANDA076239,PURE SOURCE,SOLUTION,TOPICAL,Over-the-counter
THIAMINE HYDROCHLORIDE,THIAMINE HYDROCHLORIDE,ANDA080553,WYETH AYERST,INJECTABLE,INJECTION,Discontinued
THIOGUANINE,THIOGUANINE,NDA012429,WAYLIS THERAP,TABLET,ORAL,Prescription
THIOLA,TIOPRONIN,NDA019569,MISSION PHARMA,TABLET,ORAL,Prescription
THIOLA EC,TIOPRONIN,NDA211843,MISSION PHARMACAL,"TABLET, DELAYED RELEASE",ORAL,Prescription
THIOPLEX,THIOTEPA,NDA020058,IMMUNEX,INJECTABLE,INJECTION,Discontinued
THIORIDAZINE HYDROCHLORIDE,THIORIDAZINE HYDROCHLORIDE,ANDA087264,MUTUAL PHARM,TABLET,ORAL,Discontinued
THIORIDAZINE HYDROCHLORIDE INTENSOL,THIORIDAZINE HYDROCHLORIDE,ANDA088942,ROXANE,CONCENTRATE,ORAL,Discontinued
THIOSULFIL,SULFAMETHIZOLE,NDA008565,WYETH AYERST,TABLET,ORAL,Discontinued
THIOTEPA,THIOTEPA,ANDA214222,GLAND,POWDER,"INTRACAVITARY, INTRAVENOUS, INTRAVESICAL",Prescription
THIOTHIXENE,THIOTHIXENE,ANDA071093,RISING,CAPSULE,ORAL,Prescription
THIOTHIXENE HYDROCHLORIDE,THIOTHIXENE HYDROCHLORIDE,ANDA071939,PACO,CONCENTRATE,ORAL,Discontinued
THIOTHIXENE HYDROCHLORIDE INTENSOL,THIOTHIXENE HYDROCHLORIDE,ANDA073494,HIKMA,CONCENTRATE,ORAL,Discontinued
THORAZINE,CHLORPROMAZINE,NDA009149,GLAXOSMITHKLINE,SUPPOSITORY,RECTAL,Discontinued
THORAZINE,CHLORPROMAZINE HYDROCHLORIDE,NDA009149,GLAXOSMITHKLINE,TABLET,ORAL,Discontinued
THRIVE,NICOTINE POLACRILEX,ANDA077658,GLAXOSMITHKLINE CONS,"GUM, CHEWING",BUCCAL,Discontinued
THYPINONE,PROTIRELIN,NDA017638,ABBOTT,INJECTABLE,INJECTION,Discontinued
THYQUIDITY,LEVOTHYROXINE SODIUM,NDA214047,STEVENS J,SOLUTION,ORAL,Prescription
THYREL TRH,PROTIRELIN,NDA018087,FERRING,INJECTABLE,INJECTION,Discontinued
THYRO-BLOCK,POTASSIUM IODIDE,NDA018307,MEDA PHARMS,TABLET,ORAL,Discontinued
THYRO-TABS,LEVOTHYROXINE SODIUM,NDA021116,ALVOGEN,TABLET,ORAL,Prescription
THYROGEN,THYROTROPIN ALFA,BLA020898,GENZYME,INJECTABLE,INJECTION,Prescription
THYROLAR-0.25,LIOTRIX (T4; T3),NDA016807,ALLERGAN,TABLET,ORAL,Discontinued
THYROLAR-0.5,LIOTRIX (T4; T3),NDA016807,ALLERGAN,TABLET,ORAL,Discontinued
THYROLAR-1,LIOTRIX (T4; T3),NDA016807,ALLERGAN,TABLET,ORAL,Discontinued
THYROLAR-2,LIOTRIX (T4; T3),NDA016807,ALLERGAN,TABLET,ORAL,Discontinued
THYROLAR-3,LIOTRIX (T4; T3),NDA016807,ALLERGAN,TABLET,ORAL,Discontinued
THYROLAR-5,LIOTRIX (T4; T3),NDA016807,ALLERGAN,TABLET,ORAL,Discontinued
THYROSAFE,POTASSIUM IODIDE,ANDA076350,BTG INTL,TABLET,ORAL,Over-the-counter
THYROSHIELD,POTASSIUM IODIDE,ANDA077218,ARCO PHARMS LLC,SOLUTION,ORAL,Discontinued
TIAGABINE HYDROCHLORIDE,TIAGABINE HYDROCHLORIDE,ANDA077555,SUN PHARM INDS,TABLET,ORAL,Discontinued
TIAMATE,DILTIAZEM MALATE,NDA020506,MERCK,"TABLET, EXTENDED RELEASE",ORAL,Discontinued
TIAZAC,DILTIAZEM HYDROCHLORIDE,NDA020401,BAUSCH,"CAPSULE, EXTENDED RELEASE",ORAL,Prescription
TIBSOVO,IVOSIDENIB,NDA211192,SERVIER,TABLET,ORAL,Prescription
TICAGRELOR,TICAGRELOR,ANDA208390,WATSON LABS INC,TABLET,ORAL,Prescription
TICAR,TICARCILLIN DISODIUM,ANDA062690,GLAXOSMITHKLINE,INJECTABLE,INJECTION,Discontinued
TICLID,TICLOPIDINE HYDROCHLORIDE,NDA019979,ROCHE PALO,TABLET,ORAL,Discontinued
TICLOPIDINE HYDROCHLORIDE,TICLOPIDINE HYDROCHLORIDE,ANDA075149,TEVA,TABLET,ORAL,Discontinued
TIGAN,TRIMETHOBENZAMIDE HYDROCHLORIDE,NDA017530,PH HEALTH,INJECTABLE,INJECTION,Prescription
TIGECYCLINE,TIGECYCLINE,ANDA091620,SANDOZ,POWDER,INTRAVENOUS,Prescription
TIGLUTIK KIT,RILUZOLE,NDA209080,ITALFARMACO SA,SUSPENSION,ORAL,Prescription
TIKOSYN,DOFETILIDE,NDA020931,PFIZER,CAPSULE,ORAL,Prescription
TILADE,NEDOCROMIL SODIUM,NDA019660,KING PHARMS LLC,"AEROSOL, METERED",INHALATION,Discontinued
TIMENTIN,CLAVULANATE POTASSIUM; TICARCILLIN DISODIUM,NDA050590,GLAXOSMITHKLINE,INJECTABLE,INJECTION,Discontinued
TIMENTIN IN PLASTIC CONTAINER,CLAVULANATE POTASSIUM; TICARCILLIN DISODIUM,NDA050658,GLAXOSMITHKLINE,INJECTABLE,INJECTION,Discontinued
TIMOLIDE 10-25,HYDROCHLOROTHIAZIDE; TIMOLOL MALEATE,NDA018061,MERCK,TABLET,ORAL,Discontinued
TIMOLOL,TIMOLOL,ANDA205309,EPIC PHARMA LLC,SOLUTION/DROPS,OPHTHALMIC,Discontinued
TIMOLOL MALEATE,TIMOLOL MALEATE,ANDA216343,AMNEAL,"SOLUTION, GEL FORMING/DROPS",OPHTHALMIC,Discontinued
TIMOPTIC,TIMOLOL MALEATE,NDA018086,BAUSCH AND LOMB INC,SOLUTION/DROPS,OPHTHALMIC,Prescription
TIMOPTIC IN OCUDOSE,TIMOLOL MALEATE,NDA019463,BAUSCH AND LOMB INC,SOLUTION/DROPS,OPHTHALMIC,Prescription
TIMOPTIC-XE,TIMOLOL MALEATE,NDA020330,BAUSCH AND LOMB INC,"SOLUTION, GEL FORMING/DROPS",OPHTHALMIC,Prescription
TINDAL,ACETOPHENAZINE MALEATE,NDA012254,SCHERING,TABLET,ORAL,Discontinued
TINDAMAX,TINIDAZOLE,NDA021618,MISSION PHARMA,TABLET,ORAL,Prescription
TINIDAZOLE,TINIDAZOLE,ANDA203808,EDENBRIDGE PHARMS,TABLET,ORAL,Prescription
TIOCONAZOLE,TIOCONAZOLE,ANDA075915,PERRIGO,OINTMENT,VAGINAL,Over-the-counter
TIOCYSTIN,TIOPRONIN,NDA212927,CASPER PHARMA LLC,TABLET,ORAL,Prescription
TIOPRONIN,TIOPRONIN,ANDA217219,PH HEALTH,"TABLET, DELAYED RELEASE",ORAL,Prescription
TIOTROPIUM BROMIDE,TIOTROPIUM BROMIDE,ANDA211287,LUPIN,POWDER,INHALATION,Prescription
TIPIRACIL HYDROCHLORIDE AND TRIFLURIDINE,TIPIRACIL HYDROCHLORIDE; TRIFLURIDINE,ANDA214008,NATCO,TABLET,ORAL,Prescription
TIROFIBAN HYDROCHLORIDE,TIROFIBAN HYDROCHLORIDE,ANDA206888,GLAND,SOLUTION,INTRAVENOUS,Prescription
TIROSINT,LEVOTHYROXINE SODIUM,NDA021924,IBSA,CAPSULE,ORAL,Prescription
TIROSINT-SOL,LEVOTHYROXINE SODIUM,NDA206977,IBSA,SOLUTION,ORAL,Prescription
TIS-U-SOL,"MAGNESIUM SULFATE; POTASSIUM CHLORIDE; POTASSIUM PHOSPHATE, MONOBASIC; SODIUM CHLORIDE; SODIUM PHOSPHATE",NDA018508,BAXTER HLTHCARE,SOLUTION,IRRIGATION,Prescription
TIS-U-SOL IN PLASTIC CONTAINER,"MAGNESIUM SULFATE; POTASSIUM CHLORIDE; POTASSIUM PHOSPHATE, MONOBASIC; SODIUM CHLORIDE; SODIUM PHOSPHATE",NDA018336,BAXTER HLTHCARE,SOLUTION,IRRIGATION,Prescription
TISSUEBLUE,BRILLIANT BLUE G,NDA209569,DUTCH OPHTHALMIC,SOLUTION,OPHTHALMIC,Prescription
TIVDAK,TISOTUMAB VEDOTIN-TFTV,BLA761208,SEAGEN,INJECTABLE,INJECTION,Prescription
TIVICAY,DOLUTEGRAVIR SODIUM,NDA204790,VIIV HLTHCARE,TABLET,ORAL,Discontinued
TIVICAY PD,DOLUTEGRAVIR SODIUM,NDA213983,VIIV HLTHCARE,"TABLET, FOR SUSPENSION",ORAL,Prescription
TIVORBEX,INDOMETHACIN,NDA204768,GENUS,CAPSULE,ORAL,Discontinued
TIVOZANIB,TIVOZANIB,ANDA220437,SANDOZ INC,CAPSULE,,None (Tentative Approval)
TIZANIDINE HYDROCHLORIDE,TIZANIDINE HYDROCHLORIDE,ANDA076321,ANI PHARMS,TABLET,ORAL,Discontinued
TLANDO,TESTOSTERONE UNDECANOATE,NDA208088,VERITY,CAPSULE,ORAL,Prescription
TNKASE,TENECTEPLASE,BLA103909,GENENTECH,VIAL,,Prescription
TOBI,TOBRAMYCIN,NDA050753,VIATRIS,SOLUTION,INHALATION,Prescription
TOBI PODHALER,TOBRAMYCIN,NDA201688,VIATRIS,POWDER,INHALATION,Prescription
TOBRADEX,DEXAMETHASONE; TOBRAMYCIN,NDA050592,SANDOZ,SUSPENSION/DROPS,OPHTHALMIC,Prescription
TOBRADEX ST,DEXAMETHASONE; TOBRAMYCIN,NDA050818,HARROW EYE,SUSPENSION/DROPS,OPHTHALMIC,Prescription
TOBRAMYCIN,TOBRAMYCIN,ANDA210871,LUOXIN AUROVITAS,SOLUTION,INHALATION,Discontinued
TOBRAMYCIN AND DEXAMETHASONE,DEXAMETHASONE; TOBRAMYCIN,ANDA064134,BAUSCH AND LOMB INC,SUSPENSION/DROPS,OPHTHALMIC,Prescription
TOBRAMYCIN SULFATE,TOBRAMYCIN SULFATE,ANDA205179,EPIC PHARMA LLC,INJECTABLE,INJECTION,Discontinued
TOBRAMYCIN SULFATE (PHARMACY BULK),TOBRAMYCIN SULFATE,ANDA063116,HOSPIRA,INJECTABLE,INJECTION,Discontinued
TOBRAMYCIN SULFATE IN SODIUM CHLORIDE 0.9% IN PLASTIC CONTAINER,TOBRAMYCIN SULFATE,ANDA063081,HOSPIRA,INJECTABLE,INJECTION,Discontinued
TOBRASONE,FLUOROMETHOLONE ACETATE; TOBRAMYCIN,NDA050628,HARROW EYE,SUSPENSION/DROPS,OPHTHALMIC,Discontinued
TOBREX,TOBRAMYCIN,NDA050555,NOVARTIS,OINTMENT,OPHTHALMIC,Prescription
TODAY,NONOXYNOL-9,NDA018683,MAYER LABS INC,SPONGE,VAGINAL,Discontinued
TOFACITINIB,TOFACITINIB,ANDA218437,ANNORA PHARMA PRIVATE LIMITED,TABLET,,None (Tentative Approval)
TOFACITINIB CITRATE,TOFACITINIB CITRATE,ANDA218407,SUN PHARM INDS INC,SOLUTION,ORAL,Prescription
TOFIDENCE,TOCILIZUMAB-BAVI,BLA761354,BIOGEN MA,INJECTABLE,INJECTION,Prescription
TOFRANIL,IMIPRAMINE HYDROCHLORIDE,ANDA087846,SPECGX LLC,TABLET,ORAL,Discontinued
TOFRANIL-PM,IMIPRAMINE PAMOATE,NDA017090,SPECGX LLC,CAPSULE,ORAL,Discontinued
TOLAK,FLUOROURACIL,NDA022259,HILL DERMACEUTICALS,CREAM,TOPICAL,Prescription
TOLAZAMIDE,TOLAZAMIDE,ANDA070165,DURAMED PHARMS BARR,TABLET,ORAL,Discontinued
TOLBUTAMIDE,TOLBUTAMIDE,ANDA087318,WATSON LABS,TABLET,ORAL,Discontinued
TOLCAPONE,TOLCAPONE,ANDA210095,DR REDDYS LABS SA,TABLET,ORAL,Discontinued
TOLECTIN,TOLMETIN SODIUM,NDA017628,ORTHO MCNEIL JANSSEN,TABLET,ORAL,Discontinued
TOLECTIN 600,TOLMETIN SODIUM,NDA017628,ORTHO MCNEIL JANSSEN,TABLET,ORAL,Discontinued
TOLECTIN DS,TOLMETIN SODIUM,NDA018084,ORTHO MCNEIL JANSSEN,CAPSULE,ORAL,Discontinued
TOLINASE,TOLAZAMIDE,NDA015500,PHARMACIA AND UPJOHN,TABLET,ORAL,Discontinued
TOLMETIN SODIUM,TOLMETIN SODIUM,ANDA073310,SUN PHARM INDUSTRIES,TABLET,ORAL,Discontinued
TOLSURA,ITRACONAZOLE,NDA208901,MAYNE PHARMA,CAPSULE,ORAL,Prescription
TOLTERODINE,TOLTERODINE TARTRATE,ANDA076953,RANBAXY,TABLET,ORAL,None (Tentative Approval)
TOLTERODINE TARTRATE,TOLTERODINE TARTRATE,ANDA200164,APOTEX CORP,TABLET,ORAL,Discontinued
TOLVAPTAN,TOLVAPTAN,ANDA206119,PH HEALTH,TABLET,ORAL,Prescription
TONMYA,CYCLOBENZAPRINE HYDROCHLORIDE,NDA219428,TONIX,TABLET,SUBLINGUAL,Prescription
TONOCARD,TOCAINIDE HYDROCHLORIDE,NDA018257,ASTRAZENECA,TABLET,ORAL,Discontinued
TOPAMAX,TOPIRAMATE,NDA020505,JANSSEN PHARMS,TABLET,ORAL,Prescription
TOPAMAX SPRINKLE,TOPIRAMATE,NDA020844,JANSSEN PHARMS,CAPSULE,ORAL,Discontinued
TOPICORT,DESOXIMETASONE,ANDA074286,TARO,OINTMENT,TOPICAL,Discontinued
TOPICORT LP,DESOXIMETASONE,NDA018309,TARO,CREAM,TOPICAL,Discontinued
TOPICYCLINE,TETRACYCLINE HYDROCHLORIDE,NDA050493,SHIRE,FOR SOLUTION,TOPICAL,Discontinued
TOPIRAMATE,TOPIRAMATE,ANDA076448,BARR,CAPSULE,ORAL,Discontinued
TOPOSAR,ETOPOSIDE,ANDA074166,TEVA PARENTERAL,INJECTABLE,INJECTION,Discontinued
TOPOTECAN,TOPOTECAN HYDROCHLORIDE,NDA200199,SANDOZ INC,SOLUTION,INTRAVENOUS,Discontinued
TOPOTECAN HYDROCHLORIDE,TOPOTECAN HYDROCHLORIDE,ANDA091284,SAGENT PHARMS,INJECTABLE,INJECTION,Prescription
TOPROL-XL,METOPROLOL SUCCINATE,NDA019962,MELINTA THERAP,"TABLET, EXTENDED RELEASE",ORAL,Prescription
TORA,PHENTERMINE HYDROCHLORIDE,ANDA084035,SOLVAY,TABLET,ORAL,Discontinued
TORADOL,KETOROLAC TROMETHAMINE,NDA019645,ROCHE PALO,TABLET,ORAL,Discontinued
TORECAN,THIETHYLPERAZINE MALATE,NDA012754,NOVARTIS,INJECTABLE,INJECTION,Discontinued
TORECAN,THIETHYLPERAZINE MALEATE,NDA013247,NOVARTIS,SUPPOSITORY,RECTAL,Discontinued
TOREMIFENE CITRATE,TOREMIFENE CITRATE,ANDA212818,MSN,TABLET,ORAL,Prescription
TORISEL,TEMSIROLIMUS,NDA022088,PF PRISM CV,SOLUTION,INTRAVENOUS,Prescription
TORNALATE,BITOLTEROL MESYLATE,NDA019548,SANOFI AVENTIS US,SOLUTION,INHALATION,Discontinued
TORSEMIDE,TORSEMIDE,ANDA076226,STRIDES PHARMA INTL,TABLET,ORAL,Discontinued
TOSYMRA,SUMATRIPTAN,NDA210884,TONIX MEDS,SPRAY,NASAL,Prescription
TOTACILLIN,AMPICILLIN/AMPICILLIN TRIHYDRATE,ANDA060666,GLAXOSMITHKLINE,FOR SUSPENSION,ORAL,Discontinued
TOTACILLIN-N,AMPICILLIN SODIUM,ANDA060677,GLAXOSMITHKLINE,INJECTABLE,INJECTION,Discontinued
TOTECT,DEXRAZOXANE HYDROCHLORIDE,NDA022025,CLINIGEN,INJECTABLE,INJECTION,Discontinued
TOUJEO MAX SOLOSTAR,INSULIN GLARGINE RECOMBINANT,BLA206538,SANOFI US SERVICES,SOLUTION,SUBCUTANEOUS,Prescription
TOUJEO SOLOSTAR,INSULIN GLARGINE RECOMBINANT,BLA206538,SANOFI US SERVICES,SOLUTION,SUBCUTANEOUS,Prescription
TOVALT ODT,ZOLPIDEM TARTRATE,NDA021412,BIOVAIL LABS INTL,"TABLET, ORALLY DISINTEGRATING",ORAL,Discontinued
TOVIAZ,FESOTERODINE FUMARATE,NDA022030,PFIZER,"TABLET, EXTENDED RELEASE",ORAL,Prescription
TPN,NIACINAMIDE; PYRIDOXINE HYDROCHLORIDE; TYROSINE,NDA008378,INTL MINERALS,SUSPENSION,ORAL,Discontinued
TPN ELECTROLYTES IN PLASTIC CONTAINER,CALCIUM CHLORIDE; MAGNESIUM CHLORIDE; POTASSIUM CHLORIDE; SODIUM ACETATE; SODIUM CHLORIDE,NDA019399,ABBOTT,INJECTABLE,INJECTION,Discontinued
TPOXX,TECOVIRIMAT,NDA214518,SIGA TECHNOLOGIES,SOLUTION,INTRAVENOUS,Prescription
TRABECTEDIN,TRABECTEDIN,ANDA214837,NATCO PHARMA LTD,INJECTABLE,INJECTION,None (Tentative Approval)
TRACLEER,BOSENTAN,NDA209279,ACTELION,"TABLET, FOR SUSPENSION",ORAL,Prescription
TRACRIUM,ATRACURIUM BESYLATE,NDA018831,HOSPIRA,INJECTABLE,INJECTION,Discontinued
TRACRIUM PRESERVATIVE FREE,ATRACURIUM BESYLATE,NDA018831,HOSPIRA,INJECTABLE,INJECTION,Discontinued
TRADJENTA,LINAGLIPTIN,NDA201280,BOEHRINGER INGELHEIM,TABLET,ORAL,Prescription
TRAL,HEXOCYCLIUM METHYLSULFATE,NDA010599,ABBVIE,TABLET,ORAL,Discontinued
TRALEMENT,CUPRIC SULFATE; MANGANESE SULFATE; SELENIOUS ACID; ZINC SULFATE,NDA209376,AM REGENT,SOLUTION,INTRAVENOUS,Prescription
TRAMADOL HYDROCHLORIDE,TRAMADOL HYDROCHLORIDE,ANDA091607,SUN PHARM,"TABLET, EXTENDED RELEASE",ORAL,Discontinued
TRAMADOL HYDROCHLORIDE AND ACETAMINOPHEN,ACETAMINOPHEN; TRAMADOL HYDROCHLORIDE,ANDA202076,ALKEM LABS LTD,TABLET,ORAL,Prescription
TRAMETINIB DIMETHYL SULFOXIDE,TRAMETINIB DIMETHYL SULFOXIDE,ANDA219002,HIKMA,TABLET,ORAL,Discontinued
TRANCOPAL,CHLORMEZANONE,NDA011467,SANOFI AVENTIS US,TABLET,ORAL,Discontinued
TRANDATE,LABETALOL HYDROCHLORIDE,NDA019425,SEBELA IRELAND LTD,INJECTABLE,INJECTION,Discontinued
TRANDATE HCT,HYDROCHLOROTHIAZIDE; LABETALOL HYDROCHLORIDE,NDA019174,GLAXOSMITHKLINE,TABLET,ORAL,Discontinued
TRANDOLAPRIL,TRANDOLAPRIL,ANDA077489,TEVA PHARMS,TABLET,ORAL,Discontinued
TRANDOLAPRIL AND VERAPAMIL HYDROCHLORIDE,TRANDOLAPRIL; VERAPAMIL HYDROCHLORIDE,ANDA079135,GLENMARK PHARMS LTD,"TABLET, EXTENDED RELEASE",ORAL,Prescription
TRANEXAMIC ACID,TRANEXAMIC ACID,ANDA201580,XGEN PHARMS,INJECTABLE,INJECTION,Prescription
TRANMEP,MEPROBAMATE,NDA016249,SOLVAY,TABLET,ORAL,Discontinued
TRANSDERM SCOP,SCOPOLAMINE,NDA017874,BAXTER HLTHCARE CORP,SYSTEM,TRANSDERMAL,Prescription
TRANSDERM-NITRO,NITROGLYCERIN,NDA020144,NOVARTIS,"FILM, EXTENDED RELEASE",TRANSDERMAL,Discontinued
TRANXENE,CLORAZEPATE DIPOTASSIUM,NDA017105,AJENAT PHARMS,TABLET,ORAL,Discontinued
TRANXENE SD,CLORAZEPATE DIPOTASSIUM,NDA017105,AJENAT PHARMS,TABLET,ORAL,Discontinued
TRANYLCYPROMINE SULFATE,TRANYLCYPROMINE SULFATE,ANDA040640,STRIDES PHARMA INTL,TABLET,ORAL,Prescription
TRASICOR,OXPRENOLOL HYDROCHLORIDE,NDA018166,NOVARTIS,CAPSULE,ORAL,Discontinued
TRASYLOL,APROTININ,BLA020304,BAYER HLTHCARE,INJECTABLE,INJECTION,Discontinued
TRAVAMULSION 10%,SOYBEAN OIL,NDA018660,BAXTER HLTHCARE,INJECTABLE,INJECTION,Discontinued
TRAVAMULSION 20%,SOYBEAN OIL,NDA018758,BAXTER HLTHCARE,INJECTABLE,INJECTION,Discontinued
TRAVASE,SUTILAINS,NDA012828,ABBOTT,OINTMENT,TOPICAL,Discontinued
TRAVASOL 10% IN PLASTIC CONTAINER,AMINO ACIDS,NDA018931,BAXTER HLTHCARE,INJECTABLE,INJECTION,Prescription
TRAVASOL 10% W/O ELECTROLYTES,AMINO ACIDS,NDA017493,BAXTER HLTHCARE,INJECTABLE,INJECTION,Discontinued
TRAVASOL 2.75% IN DEXTROSE 10% IN PLASTIC CONTAINER,AMINO ACIDS; DEXTROSE,NDA019520,BAXTER HLTHCARE,INJECTABLE,INJECTION,Discontinued
TRAVASOL 2.75% IN DEXTROSE 15% IN PLASTIC CONTAINER,AMINO ACIDS; DEXTROSE,NDA019520,BAXTER HLTHCARE,INJECTABLE,INJECTION,Discontinued
TRAVASOL 2.75% IN DEXTROSE 20% IN PLASTIC CONTAINER,AMINO ACIDS; DEXTROSE,NDA019520,BAXTER HLTHCARE,INJECTABLE,INJECTION,Discontinued
TRAVASOL 2.75% IN DEXTROSE 25% IN PLASTIC CONTAINER,AMINO ACIDS; DEXTROSE,NDA019520,BAXTER HLTHCARE,INJECTABLE,INJECTION,Discontinued
TRAVASOL 2.75% IN DEXTROSE 5% IN PLASTIC CONTAINER,AMINO ACIDS; DEXTROSE,NDA019520,BAXTER HLTHCARE,INJECTABLE,INJECTION,Discontinued
TRAVASOL 2.75% SULFITE FREE W/ ELECTROLYTES IN DEXTROSE 10% IN PLASTIC CONTAINER,"AMINO ACIDS; DEXTROSE; MAGNESIUM CHLORIDE; POTASSIUM PHOSPHATE, DIBASIC; SODIUM ACETATE; SODIUM CHLORIDE",NDA020147,BAXTER HLTHCARE,INJECTABLE,INJECTION,Discontinued
TRAVASOL 2.75% SULFITE FREE W/ ELECTROLYTES IN DEXTROSE 15% IN PLASTIC CONTAINER,"AMINO ACIDS; DEXTROSE; MAGNESIUM CHLORIDE; POTASSIUM PHOSPHATE, DIBASIC; SODIUM ACETATE; SODIUM CHLORIDE",NDA020147,BAXTER HLTHCARE,INJECTABLE,INJECTION,Discontinued
TRAVASOL 2.75% SULFITE FREE W/ ELECTROLYTES IN DEXTROSE 20% IN PLASTIC CONTAINER,"AMINO ACIDS; DEXTROSE; MAGNESIUM CHLORIDE; POTASSIUM PHOSPHATE, DIBASIC; SODIUM ACETATE; SODIUM CHLORIDE",NDA020147,BAXTER HLTHCARE,INJECTABLE,INJECTION,Discontinued
TRAVASOL 2.75% SULFITE FREE W/ ELECTROLYTES IN DEXTROSE 25% IN PLASTIC CONTAINER,"AMINO ACIDS; DEXTROSE; MAGNESIUM CHLORIDE; POTASSIUM PHOSPHATE, DIBASIC; SODIUM ACETATE; SODIUM CHLORIDE",NDA020147,BAXTER HLTHCARE,INJECTABLE,INJECTION,Discontinued
TRAVASOL 2.75% SULFITE FREE W/ ELECTROLYTES IN DEXTROSE 5% IN PLASTIC CONTAINER,"AMINO ACIDS; DEXTROSE; MAGNESIUM CHLORIDE; POTASSIUM PHOSPHATE, DIBASIC; SODIUM ACETATE; SODIUM CHLORIDE",NDA020147,BAXTER HLTHCARE,INJECTABLE,INJECTION,Discontinued
TRAVASOL 3.5% SULFITE FREE W/ ELECTROLYTES IN PLASTIC CONTAINER,"AMINO ACIDS; MAGNESIUM CHLORIDE; POTASSIUM PHOSPHATE, DIBASIC; SODIUM ACETATE; SODIUM CHLORIDE",NDA020177,BAXTER HLTHCARE,INJECTABLE,INJECTION,Discontinued
TRAVASOL 3.5% W/ ELECTROLYTES,"AMINO ACIDS; MAGNESIUM CHLORIDE; POTASSIUM PHOSPHATE, DIBASIC; SODIUM ACETATE; SODIUM CHLORIDE",NDA017493,BAXTER HLTHCARE,INJECTABLE,INJECTION,Discontinued
TRAVASOL 4.25% IN DEXTROSE 10% IN PLASTIC CONTAINER,AMINO ACIDS; DEXTROSE,NDA019520,BAXTER HLTHCARE,INJECTABLE,INJECTION,Discontinued
TRAVASOL 4.25% IN DEXTROSE 15% IN PLASTIC CONTAINER,AMINO ACIDS; DEXTROSE,NDA019520,BAXTER HLTHCARE,INJECTABLE,INJECTION,Discontinued
TRAVASOL 4.25% IN DEXTROSE 20% IN PLASTIC CONTAINER,AMINO ACIDS; DEXTROSE,NDA019520,BAXTER HLTHCARE,INJECTABLE,INJECTION,Discontinued
TRAVASOL 4.25% IN DEXTROSE 25% IN PLASTIC CONTAINER,AMINO ACIDS; DEXTROSE,NDA019520,BAXTER HLTHCARE,INJECTABLE,INJECTION,Discontinued
TRAVASOL 4.25% IN DEXTROSE 5% IN PLASTIC CONTAINER,AMINO ACIDS; DEXTROSE,NDA019520,BAXTER HLTHCARE,INJECTABLE,INJECTION,Discontinued
TRAVASOL 4.25% SULFITE FREE W/ ELECTROLYTES IN DEXTROSE 10% IN PLASTIC CONTAINER,"AMINO ACIDS; DEXTROSE; MAGNESIUM CHLORIDE; POTASSIUM PHOSPHATE, DIBASIC; SODIUM ACETATE; SODIUM CHLORIDE",NDA020147,BAXTER HLTHCARE,INJECTABLE,INJECTION,Discontinued
TRAVASOL 4.25% SULFITE FREE W/ ELECTROLYTES IN DEXTROSE 15% IN PLASTIC CONTAINER,"AMINO ACIDS; DEXTROSE; MAGNESIUM CHLORIDE; POTASSIUM PHOSPHATE, DIBASIC; SODIUM ACETATE; SODIUM CHLORIDE",NDA020147,BAXTER HLTHCARE,INJECTABLE,INJECTION,Discontinued
TRAVASOL 4.25% SULFITE FREE W/ ELECTROLYTES IN DEXTROSE 20% IN PLASTIC CONTAINER,"AMINO ACIDS; DEXTROSE; MAGNESIUM CHLORIDE; POTASSIUM PHOSPHATE, DIBASIC; SODIUM ACETATE; SODIUM CHLORIDE",NDA020147,BAXTER HLTHCARE,INJECTABLE,INJECTION,Discontinued
TRAVASOL 4.25% SULFITE FREE W/ ELECTROLYTES IN DEXTROSE 25% IN PLASTIC CONTAINER,"AMINO ACIDS; DEXTROSE; MAGNESIUM CHLORIDE; POTASSIUM PHOSPHATE, DIBASIC; SODIUM ACETATE; SODIUM CHLORIDE",NDA020147,BAXTER HLTHCARE,INJECTABLE,INJECTION,Discontinued
TRAVASOL 4.25% SULFITE FREE W/ ELECTROLYTES IN DEXTROSE 5% IN PLASTIC CONTAINER,"AMINO ACIDS; DEXTROSE; MAGNESIUM CHLORIDE; POTASSIUM PHOSPHATE, DIBASIC; SODIUM ACETATE; SODIUM CHLORIDE",NDA020147,BAXTER HLTHCARE,INJECTABLE,INJECTION,Discontinued
TRAVASOL 5.5% IN PLASTIC CONTAINER,AMINO ACIDS,NDA018931,BAXTER HLTHCARE,INJECTABLE,INJECTION,Prescription
TRAVASOL 5.5% SULFITE FREE W/ ELECTROLYTES IN PLASTIC CONTAINER,"AMINO ACIDS; MAGNESIUM CHLORIDE; POTASSIUM PHOSPHATE, DIBASIC; SODIUM ACETATE; SODIUM CHLORIDE",NDA020173,BAXTER HLTHCARE,INJECTABLE,INJECTION,Discontinued
TRAVASOL 5.5% W/ ELECTROLYTES,"AMINO ACIDS; MAGNESIUM CHLORIDE; POTASSIUM PHOSPHATE, DIBASIC; SODIUM ACETATE; SODIUM CHLORIDE",NDA017493,BAXTER HLTHCARE,INJECTABLE,INJECTION,Discontinued
TRAVASOL 5.5% W/O ELECTROLYTES,AMINO ACIDS,NDA017493,BAXTER HLTHCARE,INJECTABLE,INJECTION,Discontinued
TRAVASOL 8.5% IN PLASTIC CONTAINER,AMINO ACIDS,NDA018931,BAXTER HLTHCARE,INJECTABLE,INJECTION,Prescription
TRAVASOL 8.5% SULFITE FREE W/ ELECTROLYTES IN PLASTIC CONTAINER,"AMINO ACIDS; MAGNESIUM CHLORIDE; POTASSIUM PHOSPHATE, DIBASIC; SODIUM ACETATE; SODIUM CHLORIDE",NDA020173,BAXTER HLTHCARE,INJECTABLE,INJECTION,Discontinued
TRAVASOL 8.5% W/ ELECTROLYTES,"AMINO ACIDS; MAGNESIUM CHLORIDE; POTASSIUM PHOSPHATE, DIBASIC; SODIUM ACETATE; SODIUM CHLORIDE",NDA017493,BAXTER HLTHCARE,INJECTABLE,INJECTION,Discontinued
TRAVASOL 8.5% W/O ELECTROLYTES,AMINO ACIDS,NDA017493,BAXTER HLTHCARE,INJECTABLE,INJECTION,Discontinued
TRAVATAN,TRAVOPROST,NDA021257,ALCON PHARMS LTD,SOLUTION/DROPS,OPHTHALMIC,Discontinued
TRAVATAN Z,TRAVOPROST,NDA021994,SANDOZ,SOLUTION/DROPS,OPHTHALMIC,Prescription
TRAVERT 10% IN PLASTIC CONTAINER,INVERT SUGAR,NDA016717,BAXTER HLTHCARE,INJECTABLE,INJECTION,Discontinued
TRAVOPROST,TRAVOPROST,ANDA207040,LUPIN,SOLUTION/DROPS,OPHTHALMIC,Discontinued
TRAZIMERA,TRASTUZUMAB-QYYP,BLA761081,PFIZER INC,INJECTABLE,INJECTION,Prescription
TRAZODONE HYDROCHLORIDE,TRAZODONE HYDROCHLORIDE,ANDA090514,PHARMOBEDIENT,TABLET,ORAL,Discontinued
TREANDA,BENDAMUSTINE HYDROCHLORIDE,NDA022249,CEPHALON,SOLUTION,INTRAVENOUS,Discontinued
TRECATOR,ETHIONAMIDE,NDA013026,WYETH PHARMS,TABLET,ORAL,Discontinued
TRELEGY ELLIPTA,FLUTICASONE FUROATE; UMECLIDINIUM BROMIDE; VILANTEROL TRIFENATATE,NDA209482,GLAXOSMITHKLINE,POWDER,INHALATION,Prescription
TRELSTAR,TRIPTORELIN PAMOATE,NDA020715,VERITY,INJECTABLE,INTRAMUSCULAR,Prescription
TREMFYA,GUSELKUMAB,BLA761061,JANSSEN BIOTECH,INJECTABLE,INJECTION,Prescription
TREMIN,TRIHEXYPHENIDYL HYDROCHLORIDE,ANDA080381,SCHERING,TABLET,ORAL,Discontinued
TRENTAL,PENTOXIFYLLINE,NDA018631,VALIDUS PHARMS,"TABLET, EXTENDED RELEASE",ORAL,Discontinued
TREPROSTINIL,TREPROSTINIL,ANDA211574,ALEMBIC GLOBAL,INJECTABLE,"INTRAVENOUS, SUBCUTANEOUS",Prescription
TRESIBA,INSULIN DEGLUDEC,BLA203314,NOVO,SOLUTION,SUBCUTANEOUS,Prescription
TREST,METHIXENE HYDROCHLORIDE,NDA013420,NOVARTIS,TABLET,ORAL,Discontinued
TRETINOIN,TRETINOIN,ANDA202567,RISING,GEL,TOPICAL,Discontinued
TRETINOIN MICROSPHERE,TRETINOIN,ANDA215609,ENCUBE,GEL,TOPICAL,Prescription
TREXALL,METHOTREXATE SODIUM,ANDA040385,BARR,TABLET,ORAL,Prescription
TREXIMET,NAPROXEN SODIUM; SUMATRIPTAN SUCCINATE,NDA021926,AZURITY,TABLET,ORAL,Discontinued
TREZIX,ACETAMINOPHEN; CAFFEINE; DIHYDROCODEINE BITARTRATE,ANDA204785,KEY THERAP,CAPSULE,ORAL,Discontinued
TRI LO SPRINTEC,ETHINYL ESTRADIOL; NORGESTIMATE,ANDA076784,BARR LABS INC,TABLET,ORAL-28,Prescription
TRI-ESTARYLLA,ETHINYL ESTRADIOL; NORGESTIMATE,ANDA090793,XIROMED,TABLET,ORAL-28,Prescription
TRI-LEGEST 21,ETHINYL ESTRADIOL; NORETHINDRONE ACETATE,ANDA076405,BARR,TABLET,ORAL-21,Discontinued
TRI-LEGEST FE,ETHINYL ESTRADIOL; NORETHINDRONE ACETATE,ANDA076105,BARR,TABLET,ORAL-28,Prescription
TRI-LINYAH,ETHINYL ESTRADIOL; NORGESTIMATE,ANDA090524,NOVAST LABS LTD,TABLET,ORAL-28,Prescription
TRI-LO-ESTARYLLA,ETHINYL ESTRADIOL; NORGESTIMATE,ANDA091232,XIROMED,TABLET,ORAL-28,Prescription
TRI-LO-LINYAH,ETHINYL ESTRADIOL; NORGESTIMATE,ANDA090541,NOVAST LABS,TABLET,ORAL,None (Tentative Approval)
TRI-LO-MILI,ETHINYL ESTRADIOL; NORGESTIMATE,ANDA205762,AUROBINDO PHARMA,TABLET,ORAL-28,Prescription
TRI-LUMA,FLUOCINOLONE ACETONIDE; HYDROQUINONE; TRETINOIN,NDA021112,GALDERMA LABS LP,CREAM,TOPICAL,Prescription
TRI-MILI,ETHINYL ESTRADIOL; NORGESTIMATE,ANDA205441,AUROBINDO PHARMA LTD,TABLET,ORAL-28,Prescription
TRI-NORINYL 21-DAY,ETHINYL ESTRADIOL; NORETHINDRONE,NDA018977,DR REDDYS LABS SA,TABLET,ORAL-21,Discontinued
TRI-NORINYL 28-DAY,ETHINYL ESTRADIOL; NORETHINDRONE,NDA018977,DR REDDYS LABS SA,TABLET,ORAL-28,Prescription
TRI-PREVIFEM,ETHINYL ESTRADIOL; NORGESTIMATE,ANDA076335,PH HEALTH,TABLET,ORAL-28,Discontinued
TRI-SPRINTEC,ETHINYL ESTRADIOL; NORGESTIMATE,ANDA075808,BARR,TABLET,ORAL-28,Prescription
TRIACET,TRIAMCINOLONE ACETONIDE,ANDA084908,TEVA,CREAM,TOPICAL,Discontinued
TRIACIN-C,CODEINE PHOSPHATE; PSEUDOEPHEDRINE HYDROCHLORIDE; TRIPROLIDINE HYDROCHLORIDE,ANDA088704,ANIMA,SYRUP,ORAL,Prescription
TRIACORT,TRIAMCINOLONE ACETONIDE,ANDA087113,SOLVAY,CREAM,TOPICAL,Discontinued
TRIAD,ACETAMINOPHEN; BUTALBITAL; CAFFEINE,ANDA089023,MALLINCKRODT,CAPSULE,ORAL,Discontinued
TRIALODINE,TRAZODONE HYDROCHLORIDE,ANDA070942,QUANTUM PHARMICS,TABLET,ORAL,Discontinued
TRIAMCINOLONE,TRIAMCINOLONE,ANDA084707,ROXANE,TABLET,ORAL,Discontinued
TRIAMCINOLONE ACETONIDE,TRIAMCINOLONE ACETONIDE,ANDA087191,ALPHARMA US PHARMS,LOTION,TOPICAL,Discontinued
TRIAMCINOLONE DIACETATE,TRIAMCINOLONE DIACETATE,ANDA085122,EPIC PHARMA LLC,INJECTABLE,INJECTION,Discontinued
TRIAMINIC-12,CHLORPHENIRAMINE MALEATE; PHENYLPROPANOLAMINE HYDROCHLORIDE,NDA018115,NOVARTIS,"TABLET, EXTENDED RELEASE",ORAL,Discontinued
TRIAMTERENE,TRIAMTERENE,ANDA211581,AGNITIO,CAPSULE,ORAL,Prescription
TRIAMTERENE AND HYDROCHLOROTHIAZIDE,HYDROCHLOROTHIAZIDE; TRIAMTERENE,ANDA074857,NOVARTIS,CAPSULE,ORAL,Discontinued
TRIANEX,TRIAMCINOLONE ACETONIDE,ANDA089595,CMP PHARMA INC,OINTMENT,TOPICAL,Discontinued
TRIAPRIN,ACETAMINOPHEN; BUTALBITAL,ANDA089268,DUNHALL,CAPSULE,ORAL,Discontinued
TRIATEX,TRIAMCINOLONE ACETONIDE,ANDA087429,IVAX PHARMS,CREAM,TOPICAL,Discontinued
TRIAVIL 2-10,AMITRIPTYLINE HYDROCHLORIDE; PERPHENAZINE,NDA014715,NEW RIVER,TABLET,ORAL,Discontinued
TRIAVIL 2-25,AMITRIPTYLINE HYDROCHLORIDE; PERPHENAZINE,NDA014715,NEW RIVER,TABLET,ORAL,Discontinued
TRIAVIL 4-10,AMITRIPTYLINE HYDROCHLORIDE; PERPHENAZINE,NDA014715,NEW RIVER,TABLET,ORAL,Discontinued
TRIAVIL 4-25,AMITRIPTYLINE HYDROCHLORIDE; PERPHENAZINE,NDA014715,NEW RIVER,TABLET,ORAL,Discontinued
TRIAVIL 4-50,AMITRIPTYLINE HYDROCHLORIDE; PERPHENAZINE,NDA014715,NEW RIVER,TABLET,ORAL,Discontinued
TRIAZOLAM,TRIAZOLAM,ANDA216890,BRECKENRIDGE,TABLET,ORAL,Discontinued
TRIBENZOR,AMLODIPINE BESYLATE; HYDROCHLOROTHIAZIDE; OLMESARTAN MEDOXOMIL,NDA200175,COSETTE,TABLET,ORAL,Prescription
TRICHLOREX,TRICHLORMETHIAZIDE,ANDA085630,LANNETT,TABLET,ORAL,Discontinued
TRICHLORMAS,TRICHLORMETHIAZIDE,ANDA086259,MAST MM,TABLET,ORAL,Discontinued
TRICHLORMETHIAZIDE,TRICHLORMETHIAZIDE,ANDA083855,WATSON LABS,TABLET,ORAL,Discontinued
TRICHLORMETHIAZIDE W/ RESERPINE,RESERPINE; TRICHLORMETHIAZIDE,ANDA085248,WATSON LABS,TABLET,ORAL,Discontinued
TRICLOS,TRICLOFOS SODIUM,NDA016809,SANOFI AVENTIS US,TABLET,ORAL,Discontinued
TRICOR,FENOFIBRATE,NDA021203,ABBVIE,TABLET,ORAL,Discontinued
TRICOR (MICRONIZED),FENOFIBRATE,NDA019304,ABBVIE,CAPSULE,ORAL,Discontinued
TRIDERM,TRIAMCINOLONE ACETONIDE,ANDA088042,CROWN LABS,CREAM,TOPICAL,Prescription
TRIDESILON,"ACETIC ACID, GLACIAL; DESONIDE",NDA017914,BAYER PHARMS,SOLUTION/DROPS,OTIC,Discontinued
TRIDIL,NITROGLYCERIN,NDA018537,HOSPIRA,INJECTABLE,INJECTION,Discontinued
TRIDIONE,TRIMETHADIONE,NDA005856,ABBVIE,CAPSULE,ORAL,Discontinued
TRIENTINE HYDROCHLORIDE,TRIENTINE HYDROCHLORIDE,ANDA211134,MSN,CAPSULE,ORAL,Prescription
TRIESENCE,TRIAMCINOLONE ACETONIDE,NDA022223,ALCON RES,INJECTABLE,SUSPENSION,Prescription
TRIFERIC,FERRIC PYROPHOSPHATE CITRATE,NDA206317,ROCKWELL MEDICAL INC,SOLUTION,INTRAVENOUS,Discontinued
TRIFERIC AVNU,FERRIC PYROPHOSPHATE CITRATE,NDA212860,ROCKWELL MEDICAL INC,SOLUTION,INTRAVENOUS,Discontinued
TRIFLUOPERAZINE HCL,TRIFLUOPERAZINE HYDROCHLORIDE,ANDA089893,QUAD PHARMS,Injectable,Injection,Discontinued
TRIFLUOPERAZINE HYDROCHLORIDE,TRIFLUOPERAZINE HYDROCHLORIDE,ANDA087328,IVAX PHARMS,TABLET,ORAL,Discontinued
TRIFLURIDINE,TRIFLURIDINE,ANDA205438,HIKMA,SOLUTION/DROPS,OPHTHALMIC,Discontinued
TRIFLURIDINE; TIPIRACIL,TIPIRACIL; TRIFLURIDINE,ANDA214036,INTAS PHARMS LTD,TABLET,ORAL,None (Tentative Approval)
TRIGLIDE,FENOFIBRATE,NDA021350,JAGOTEC,TABLET,ORAL,Discontinued
TRIHEXYPHENIDYL HYDROCHLORIDE,TRIHEXYPHENIDYL HYDROCHLORIDE,ANDA084364,WATSON LABS,TABLET,ORAL,Prescription
TRIJARDY XR,EMPAGLIFLOZIN; LINAGLIPTIN; METFORMIN HYDROCHLORIDE,NDA212614,BOEHRINGER INGELHEIM,"TABLET, EXTENDED RELEASE",ORAL,Prescription
TRIKAFTA (COPACKAGED),"ELEXACAFTOR, IVACAFTOR, TEZACAFTOR; IVACAFTOR",NDA217660,VERTEX PHARMS INC,GRANULE,ORAL,Prescription
TRILAFON,PERPHENAZINE,NDA010775,SCHERING,TABLET,ORAL,Discontinued
TRILEPTAL,OXCARBAZEPINE,NDA021285,NOVARTIS,SUSPENSION,ORAL,Prescription
TRILIPIX,CHOLINE FENOFIBRATE,NDA022224,ABBVIE,"CAPSULE, DELAYED RELEASE",ORAL,Discontinued
TRILITRON,PSEUDOEPHEDRINE HYDROCHLORIDE; TRIPROLIDINE HYDROCHLORIDE,ANDA088474,NEWTRON PHARMS,SYRUP,ORAL,Discontinued
TRILYTE,POLYETHYLENE GLYCOL 3350; POTASSIUM CHLORIDE; SODIUM BICARBONATE; SODIUM CHLORIDE,ANDA076491,AUROBINDO PHARMA USA,FOR SOLUTION,ORAL,Prescription
TRIMBOW,BECLOMETHASONE DIPROPIONATE; FORMOTEROL FUMARATE; GLYCOPYRROLATE,NDA219622,CHIESI,"AEROSOL, METERED",INHALATION,Prescription
TRIMEPRAZINE TARTRATE,TRIMEPRAZINE TARTRATE,ANDA088285,MORTON GROVE,SYRUP,ORAL,Discontinued
TRIMETH/SULFA,SULFAMETHOXAZOLE; TRIMETHOPRIM,ANDA072398,ALPHARMA US PHARMS,SUSPENSION,ORAL,Discontinued
TRIMETHOBENZAMIDE HYDROCHLORIDE,TRIMETHOBENZAMIDE HYDROCHLORIDE,ANDA076570,SUN PHARM INDUSTRIES,CAPSULE,ORAL,Discontinued
TRIMETHOBENZAMIDE HYDROCHLORIDE PRESERVATIVE FREE,TRIMETHOBENZAMIDE HYDROCHLORIDE,ANDA091329,AM REGENT,INJECTABLE,INJECTION,Discontinued
TRIMETHOPRIM,TRIMETHOPRIM,ANDA216393,NOVITIUM PHARMA,TABLET,ORAL,Prescription
TRIMETHOPRIM SULFATE AND POLYMYXIN B SULFATE,POLYMYXIN B SULFATE; TRIMETHOPRIM SULFATE,ANDA064211,SANDOZ,SOLUTION/DROPS,OPHTHALMIC,Prescription
TRIMIPRAMINE MALEATE,TRIMIPRAMINE MALEATE,ANDA077361,ELITE LABS INC,CAPSULE,ORAL,Prescription
TRIMOX,AMOXICILLIN,ANDA062885,APOTHECON,FOR SUSPENSION,ORAL,Discontinued
TRIMPEX,TRIMETHOPRIM,NDA017952,ROCHE,TABLET,ORAL,Discontinued
TRIMPEX 200,TRIMETHOPRIM,NDA017952,ROCHE,TABLET,ORAL,Discontinued
TRINALIN,AZATADINE MALEATE; PSEUDOEPHEDRINE SULFATE,NDA018506,SCHERING,"TABLET, EXTENDED RELEASE",ORAL,Discontinued
TRINTELLIX,VORTIOXETINE HYDROBROMIDE,NDA204447,TAKEDA PHARMS USA,TABLET,ORAL,Prescription
TRIOSTAT,LIOTHYRONINE SODIUM,NDA020105,PH HEALTH,INJECTABLE,INJECTION,Discontinued
TRIPELENNAMINE HYDROCHLORIDE,TRIPELENNAMINE HYDROCHLORIDE,ANDA083626,PARKE DAVIS,TABLET,ORAL,Discontinued
TRIPHASIL-21,ETHINYL ESTRADIOL; LEVONORGESTREL,NDA019192,WYETH PHARMS,TABLET,ORAL-21,Discontinued
TRIPHASIL-28,ETHINYL ESTRADIOL; LEVONORGESTREL,NDA019190,WYETH PHARMS INC,TABLET,ORAL-28,Discontinued
TRIPHED,PSEUDOEPHEDRINE HYDROCHLORIDE; TRIPROLIDINE HYDROCHLORIDE,ANDA088630,TEVA,TABLET,ORAL,Discontinued
TRIPLE SULFA,SULFACETAMIDE; SULFATHIAZOLE); TRIPLE SULFA (SULFABENZAMIDE,ANDA086424,FOUGERA,CREAM,VAGINAL,Discontinued
TRIPLE SULFA,SULFAMERAZINE; SULFAMETHAZINE); TRISULFAPYRIMIDINES (SULFADIAZINE,ANDA080280,ALPHARMA US PHARMS,SUSPENSION,ORAL,Discontinued
TRIPLE SULFAS,SULFAMERAZINE; SULFAMETHAZINE); TRISULFAPYRIMIDINES (SULFADIAZINE,NDA006920,LEDERLE,SUSPENSION,ORAL,Discontinued
TRIPLE SULFOID,SULFAMERAZINE; SULFAMETHAZINE); TRISULFAPYRIMIDINES (SULFADIAZINE,ANDA080094,PAL PAK,TABLET,ORAL,Discontinued
TRIPROLIDINE AND PSEUDOEPHEDRINE,PSEUDOEPHEDRINE HYDROCHLORIDE; TRIPROLIDINE HYDROCHLORIDE,ANDA088318,WATSON LABS,TABLET,ORAL,Discontinued
TRIPROLIDINE AND PSEUDOEPHEDRINE HYDROCHLORIDES,PSEUDOEPHEDRINE HYDROCHLORIDE; TRIPROLIDINE HYDROCHLORIDE,ANDA071798,KV PHARM,"CAPSULE, EXTENDED RELEASE",ORAL,Discontinued
TRIPROLIDINE AND PSEUDOEPHEDRINE HYDROCHLORIDES W/ CODEINE,CODEINE PHOSPHATE; PSEUDOEPHEDRINE HYDROCHLORIDE; TRIPROLIDINE HYDROCHLORIDE,ANDA089018,CENCI,SYRUP,ORAL,Discontinued
TRIPROLIDINE HYDROCHLORIDE,TRIPROLIDINE HYDROCHLORIDE,ANDA085940,ALPHARMA US PHARMS,SYRUP,ORAL,Discontinued
TRIPROLIDINE HYDROCHLORIDE AND PSEUDOEPHEDRINE HYDROCHLORIDE,PSEUDOEPHEDRINE HYDROCHLORIDE; TRIPROLIDINE HYDROCHLORIDE,ANDA085273,IVAX SUB TEVA PHARMS,TABLET,ORAL,Discontinued
"TRIPROLIDINE HYDROCHLORIDE, PSEUDOEPHEDRINE HYDROCHLORIDE AND CODEINE PHOSPHATE",CODEINE PHOSPHATE; PSEUDOEPHEDRINE HYDROCHLORIDE; TRIPROLIDINE HYDROCHLORIDE,ANDA088833,WOCKHARDT,SYRUP,ORAL,Discontinued
TRIPTODUR KIT,TRIPTORELIN PAMOATE,NDA208956,AZURITY,"FOR SUSPENSION, EXTENDED RELEASE",INTRAMUSCULAR,Prescription
TRISENOX,ARSENIC TRIOXIDE,NDA021248,CEPHALON,INJECTABLE,INJECTION,Prescription
TRISORALEN,TRIOXSALEN,NDA012697,VALEANT PHARM INTL,TABLET,ORAL,Discontinued
TRITEC,RANITIDINE BISMUTH CITRATE,NDA020559,GLAXOSMITHKLINE,TABLET,ORAL,Discontinued
TRIUMEQ,ABACAVIR SULFATE; DOLUTEGRAVIR SODIUM; LAMIVUDINE,NDA205551,VIIV HLTHCARE,TABLET,ORAL,Prescription
TRIUMEQ PD,ABACAVIR SULFATE; DOLUTEGRAVIR SODIUM; LAMIVUDINE,NDA215413,VIIV HLTHCARE,"TABLET, FOR SUSPENSION",ORAL,Prescription
TRIVAGIZOLE 3,CLOTRIMAZOLE,NDA021143,SUN PHARMA CANADA,CREAM,VAGINAL,Over-the-counter
TRIVARIS,TRIAMCINOLONE ACETONIDE,NDA022220,ALLERGAN,INJECTABLE,"INTRA-ARTICULAR, INTRAMUSCULAR, INTRAVITREAL",Discontinued
TRIVORA-21,ETHINYL ESTRADIOL; LEVONORGESTREL,ANDA074538,DR REDDYS LABS SA,TABLET,ORAL-21,Discontinued
TRIVORA-28,ETHINYL ESTRADIOL; LEVONORGESTREL,ANDA074538,DR REDDYS LABS SA,TABLET,ORAL-28,Prescription
TRIZIVIR,ABACAVIR SULFATE; LAMIVUDINE; ZIDOVUDINE,NDA021205,VIIV HLTHCARE,TABLET,ORAL,Discontinued
TROBICIN,SPECTINOMYCIN HYDROCHLORIDE,NDA050347,PFIZER,INJECTABLE,INJECTION,Discontinued
TRODELVY,SACITUZUMAB GOVITECAN-HZIY,BLA761115,IMMUNOMEDICS INC,INJECTABLE,INJECTION,Prescription
TROGARZO,IBALIZUMAB-UIYK,BLA761065,THERATECHNOLOGIES,INJECTABLE,INJECTION,Prescription
TROKENDI XR,TOPIRAMATE,NDA201635,SUPERNUS PHARMS,"CAPSULE, EXTENDED RELEASE",ORAL,Prescription
TROMETHAMINE,TROMETHAMINE,ANDA211558,B BRAUN MEDICAL,SOLUTION,INJECTION,Prescription
TROPHAMINE,AMINO ACIDS,NDA019018,B BRAUN,INJECTABLE,INJECTION,Prescription
TROPHAMINE 10%,AMINO ACIDS,NDA019018,B BRAUN,INJECTABLE,INJECTION,Prescription
TROPICACYL,TROPICAMIDE,ANDA040314,EPIC PHARMA LLC,SOLUTION/DROPS,OPHTHALMIC,Prescription
TROPICAMIDE,TROPICAMIDE,ANDA089171,WATSON LABS,SOLUTION/DROPS,OPHTHALMIC,Discontinued
TROSPIUM CHLORIDE,TROSPIUM CHLORIDE,ANDA091513,APOTEX,TABLET,ORAL,Prescription
TROVAN,TROVAFLOXACIN MESYLATE,NDA020759,PFIZER,TABLET,ORAL,Discontinued
TROVAN PRESERVATIVE FREE,ALATROFLOXACIN MESYLATE,NDA020760,PFIZER,INJECTABLE,INJECTION,Discontinued
TROVAN/ZITHROMAX COMPLIANCE PAK,AZITHROMYCIN DIHYDRATE; TROVAFLOXACIN MESYLATE,NDA050762,PFIZER,"FOR SUSPENSION, TABLET",ORAL,Discontinued
TROXYCA ER,NALTREXONE HYDROCHLORIDE; OXYCODONE HYDROCHLORIDE,NDA207621,PFIZER,"CAPSULE, EXTENDED RELEASE",ORAL,Discontinued
TRUDHESA,DIHYDROERGOTAMINE MESYLATE,NDA213436,IMPEL PHARMS,"SPRAY, METERED",NASAL,Prescription
TRULANCE,PLECANATIDE,NDA208745,SALIX,TABLET,ORAL,Prescription
TRULICITY,DULAGLUTIDE,BLA125469,ELI LILLY AND CO,INJECTABLE,INJECTION,Prescription
TRUPHYLLINE,AMINOPHYLLINE,ANDA085498,COSETTE PHARMS NC,SUPPOSITORY,RECTAL,Discontinued
TRUQAP,CAPIVASERTIB,NDA218197,ASTRAZENECA,TABLET,ORAL,Prescription
TRUSELTIQ,INFIGRATINIB PHOSPHATE,NDA214622,HELSINN HLTHCARE,CAPSULE,ORAL,Discontinued
TRUSOPT,DORZOLAMIDE HYDROCHLORIDE,NDA020408,MSD SUB MERCK,SOLUTION/DROPS,OPHTHALMIC,Discontinued
TRUTAKNA,ATACICEPT-VYMJ,BLA761486,VERA THERAPEUTICS INC.,INJECTABLE,SUBCUTANEOUS,Prescription
TRUVADA,EMTRICITABINE; TENOFOVIR DISOPROXIL FUMARATE,NDA021752,GILEAD,TABLET,ORAL,Prescription
TRUXIMA,RITUXIMAB-ABBS,BLA761088,CELLTRION INC,INJECTABLE,INJECTION,Prescription
TRYMEX,TRIAMCINOLONE ACETONIDE,ANDA088197,SAVAGE LABS,CREAM,TOPICAL,Discontinued
TRYNGOLZA (AUTOINJECTOR),OLEZARSEN SODIUM,NDA218614,IONIS PHARMS INC,SOLUTION,SUBCUTANEOUS,Prescription
TRYPTYR,ACOLTREMON,NDA217370,ALCON LABS INC,SOLUTION/DROPS,OPHTHALMIC,Prescription
TRYSUL,SULFACETAMIDE; SULFATHIAZOLE); TRIPLE SULFA (SULFABENZAMIDE,ANDA087887,SAVAGE LABS,CREAM,VAGINAL,Discontinued
TRYVIO,APROCITENTAN,NDA217686,IDORSIA,TABLET,ORAL,Prescription
TUBOCURARINE CHLORIDE,TUBOCURARINE CHLORIDE,NDA006095,HOSPIRA,INJECTABLE,INJECTION,Discontinued
TUDORZA PRESSAIR,ACLIDINIUM BROMIDE,NDA202450,AZURITY,"POWDER, METERED",INHALATION,Prescription
TUKYSA,TUCATINIB,NDA213411,SEAGEN,TABLET,ORAL,Prescription
TURALIO,PEXIDARTINIB HYDROCHLORIDE,NDA211810,DAIICHI SANKYO INC,CAPSULE,ORAL,Prescription
TURGEX,HEXACHLOROPHENE,NDA018375,XTTRIUM,AEROSOL,TOPICAL,Discontinued
TURQOZ,ETHINYL ESTRADIOL; NORGESTREL,ANDA202980,LUPIN,TABLET,ORAL-28,Prescription
TUSSICAPS,CHLORPHENIRAMINE POLISTIREX; HYDROCODONE POLISTIREX,ANDA077273,ECR PHARMA,"CAPSULE, EXTENDED RELEASE",ORAL,Discontinued
TUSSIGON,HOMATROPINE METHYLBROMIDE; HYDROCODONE BITARTRATE,ANDA088508,KING PHARMS,TABLET,ORAL,Discontinued
TUSSIONEX PENNKINETIC,CHLORPHENIRAMINE POLISTIREX; HYDROCODONE POLISTIREX,NDA019111,UCB INC,"SUSPENSION, EXTENDED RELEASE",ORAL,Discontinued
TUXARIN ER,CHLORPHENIRAMINE MALEATE; CODEINE PHOSPHATE,NDA206323,MAINPOINTE,"TABLET, EXTENDED RELEASE",ORAL,Prescription
TUZISTRA XR,CHLORPHENIRAMINE POLISTIREX; CODEINE POLISTIREX,NDA207768,TRIS PHARMA INC,"SUSPENSION, EXTENDED RELEASE",ORAL,Discontinued
TWINJECT,EPINEPHRINE,NDA020800,IMPAX,INJECTABLE,"INTRAMUSCULAR, SUBCUTANEOUS",Discontinued
TWIRLA,ETHINYL ESTRADIOL; LEVONORGESTREL,NDA204017,AGILE,SYSTEM,TRANSDERMAL,Prescription
TWYNEO,BENZOYL PEROXIDE; TRETINOIN,NDA214902,MAYNE PHARMA,CREAM,TOPICAL,Prescription
TWYNSTA,AMLODIPINE BESYLATE; TELMISARTAN,NDA022401,BOEHRINGER INGELHEIM,TABLET,ORAL,Discontinued
TYBLUME,ETHINYL ESTRADIOL; LEVONORGESTREL,NDA209405,EXELTIS USA INC,TABLET,ORAL,Prescription
TYBOST,COBICISTAT,NDA203094,GILEAD SCIENCES INC,TABLET,ORAL,Discontinued
TYCOLET,ACETAMINOPHEN; HYDROCODONE BITARTRATE,ANDA089385,ORTHO MCNEIL PHARM,TABLET,ORAL,Discontinued
TYDEMY,DROSPIRENONE; ETHINYL ESTRADIOL; LEVOMEFOLATE CALCIUM,ANDA205948,LUPIN,TABLET,ORAL,Prescription
TYENNE,TOCILIZUMAB-AAZG,BLA761275,FRESENIUS KABI USA,INJECTABLE,INTRAVENOUS,Prescription
TYGACIL,TIGECYCLINE,NDA021821,PF PRISM CV,POWDER,INTRAVENOUS,Prescription
TYKERB,LAPATINIB DITOSYLATE,NDA022059,NOVARTIS,TABLET,ORAL,Prescription
TYLENOL,ACETAMINOPHEN,NDA019872,KENVUE BRANDS,"TABLET, EXTENDED RELEASE",ORAL,Over-the-counter
TYLENOL W/ CODEINE,ACETAMINOPHEN; CODEINE PHOSPHATE,ANDA085056,ORTHO MCNEIL PHARM,TABLET,ORAL,Discontinued
TYLENOL W/ CODEINE NO. 1,ACETAMINOPHEN; CODEINE PHOSPHATE,ANDA085055,JANSSEN PHARMS,TABLET,ORAL,Discontinued
TYLENOL W/ CODEINE NO. 2,ACETAMINOPHEN; CODEINE PHOSPHATE,ANDA085055,JANSSEN PHARMS,TABLET,ORAL,Discontinued
TYLENOL W/ CODEINE NO. 3,ACETAMINOPHEN; CODEINE PHOSPHATE,ANDA085055,JANSSEN PHARMS,TABLET,ORAL,Discontinued
TYLENOL W/ CODEINE NO. 4,ACETAMINOPHEN; CODEINE PHOSPHATE,ANDA085055,JANSSEN PHARMS,TABLET,ORAL,Discontinued
TYLENOL WITH NAPROXEN,ACETAMINOPHEN; NAPROXEN SODIUM,NDA219962,KENVUE BRANDS,TABLET,ORAL,Over-the-counter
TYLOX,ACETAMINOPHEN; OXYCODONE HYDROCHLORIDE,ANDA088790,JANSSEN PHARMS,CAPSULE,ORAL,Discontinued
TYLOX,ACETAMINOPHEN; OXYCODONE HYDROCHLORIDE; OXYCODONE TEREPHTHALATE,ANDA085375,ORTHO MCNEIL PHARM,CAPSULE,ORAL,Discontinued
TYLOX-325,ACETAMINOPHEN; OXYCODONE HYDROCHLORIDE,ANDA088246,ORTHO MCNEIL PHARM,CAPSULE,ORAL,Discontinued
TYMLOS,ABALOPARATIDE,NDA208743,RADIUS,SOLUTION,SUBCUTANEOUS,Prescription
TYMTRAN,CERULETIDE DIETHYLAMINE,NDA018296,PHARMACIA AND UPJOHN,INJECTABLE,INJECTION,Discontinued
TYRUKO,NATALIZUMAB-SZTN,BLA761322,SANDOZ INC,INJECTABLE,INJECTION,Prescription
TYRVAYA,VARENICLINE TARTRATE,NDA213978,OYSTER POINT PHARMA,SPRAY,NASAL,Prescription
TYSABRI,NATALIZUMAB,BLA125104,BIOGEN IDEC,VIAL,SINGLE-USE,Prescription
TYVASO,TREPROSTINIL,NDA022387,UNITED THERAP,SOLUTION,INHALATION,Prescription
TYVASO DPI,TREPROSTINIL,NDA214324,UNITED THERAP,POWDER,INHALATION,Prescription
TYZAVAN,VANCOMYCIN HYDROCHLORIDE,NDA211962,HIKMA,SOLUTION,INTRAVENOUS,Prescription
TYZEKA,TELBIVUDINE,NDA022011,NOVARTIS,TABLET,ORAL,Discontinued
TYZINE,TETRAHYDROZOLINE HYDROCHLORIDE,ANDA086576,FOUGERA PHARMS,SOLUTION,NASAL,Prescription
TZ-3,TIOCONAZOLE,NDA018682,PFIZER,CREAM,TOPICAL,Discontinued
TZIELD,TEPLIZUMAB-MZWV,BLA761183,PROVENTION BIO INC,INJECTABLE,INJECTION,Prescription
U-CORT,HYDROCORTISONE ACETATE,ANDA089472,SUN PHARMA CANADA,CREAM,TOPICAL,Discontinued
U-GENCIN,GENTAMICIN SULFATE,ANDA062248,PHARMACIA AND UPJOHN,INJECTABLE,INJECTION,Discontinued
UBRELVY,UBROGEPANT,NDA211765,ABBVIE,TABLET,ORAL,Prescription
UBROGEPANT,UBROGEPANT,ANDA218662,ZYDUS PHARMACEUTICALS (USA) INC.,TABLET,,None (Tentative Approval)
UCEPHAN,SODIUM BENZOATE; SODIUM PHENYLACETATE,NDA019530,B BRAUN,SOLUTION,ORAL,Discontinued
UCERIS,BUDESONIDE,NDA203634,SALIX,"TABLET, EXTENDED RELEASE",ORAL,Prescription
UDENYCA,PEGFILGRASTIM-CBQV,BLA761039,COHERUS BIOSCIENCES INC,INJECTABLE,INJECTION,Prescription
UKONIQ,UMBRALISIB TOSYLATE,NDA213176,TG THERAPS,TABLET,ORAL,Discontinued
ULESFIA,BENZYL ALCOHOL,NDA022129,SHIONOGI,LOTION,TOPICAL,Discontinued
ULO,CHLOPHEDIANOL HYDROCHLORIDE,NDA012126,3M,SYRUP,ORAL,Discontinued
ULORIC,FEBUXOSTAT,NDA021856,TAKEDA PHARMS USA,TABLET,ORAL,Prescription
ULSPIRA,NITRIC OXIDE,ANDA203144,AIRGAS THERAP,GAS,INHALATION,Prescription
ULTACAN,ARTICAINE HYDROCHLORIDE; EPINEPHRINE BITARTRATE,ANDA201751,HANSAMED INC,INJECTABLE,INJECTION,Discontinued
ULTACAN FORTE,ARTICAINE HYDROCHLORIDE; EPINEPHRINE BITARTRATE,ANDA201750,HANSAMED INC,INJECTABLE,INJECTION,Discontinued
ULTANE,SEVOFLURANE,NDA020478,ABBVIE,LIQUID,INHALATION,Prescription
ULTIVA,REMIFENTANIL HYDROCHLORIDE,NDA020630,MYLAN INSTITUTIONAL,INJECTABLE,INJECTION,Prescription
ULTOMIRIS,RAVULIZUMAB-CWVZ,BLA761108,ALEXION PHARM,INJECTABLE,INJECTION,Prescription
ULTRA-TECHNEKOW V4,TECHNETIUM TC-99M SODIUM PERTECHNETATE GENERATOR,NDA017243,CURIUM,SOLUTION,INTRAVENOUS,Prescription
ULTRACEF,CEFADROXIL/CEFADROXIL HEMIHYDRATE,ANDA062408,BRISTOL,TABLET,ORAL,Discontinued
ULTRACET,ACETAMINOPHEN; TRAMADOL HYDROCHLORIDE,NDA021123,JANSSEN PHARMS,TABLET,ORAL,Discontinued
ULTRAGRIS-165,"GRISEOFULVIN, ULTRAMICROCRYSTALLINE",ANDA062645,PLIVA,TABLET,ORAL,Discontinued
ULTRAGRIS-330,"GRISEOFULVIN, ULTRAMICROCRYSTALLINE",ANDA062646,PLIVA,TABLET,ORAL,Discontinued
ULTRAM,TRAMADOL HYDROCHLORIDE,NDA020281,JANSSEN PHARMS,TABLET,ORAL,Discontinued
ULTRAM ER,TRAMADOL HYDROCHLORIDE,NDA021692,VALEANT PHARMS,"TABLET, EXTENDED RELEASE",ORAL,Discontinued
ULTRATAG,TECHNETIUM TC-99M RED BLOOD CELL KIT,NDA019981,CURIUM,INJECTABLE,INJECTION,Prescription
ULTRAVATE,HALOBETASOL PROPIONATE,NDA019968,SUN PHARM INDS INC,OINTMENT,TOPICAL,Discontinued
ULTRAVIST (PHARMACY BULK),IOPROMIDE,NDA021425,BAYER HLTHCARE,INJECTABLE,INJECTION,Prescription
ULTRAVIST 150,IOPROMIDE,NDA020220,BAYER HLTHCARE,INJECTABLE,INJECTION,Discontinued
ULTRAVIST 240,IOPROMIDE,NDA020220,BAYER HLTHCARE,INJECTABLE,INJECTION,Discontinued
ULTRAVIST 300,IOPROMIDE,NDA020220,BAYER HLTHCARE,INJECTABLE,INJECTION,Prescription
ULTRAVIST 300 IN PLASTIC CONTAINER,IOPROMIDE,NDA020220,BAYER HLTHCARE,INJECTABLE,INJECTION,Discontinued
ULTRAVIST 370,IOPROMIDE,NDA020220,BAYER HLTHCARE,INJECTABLE,INJECTION,Prescription
UNASYN,AMPICILLIN SODIUM; SULBACTAM SODIUM,NDA050608,PFIZER,INJECTABLE,INJECTION,Prescription
UNI-DUR,THEOPHYLLINE,ANDA089822,SCHERING,"TABLET, EXTENDED RELEASE",ORAL,Discontinued
UNIPEN,NAFCILLIN SODIUM,NDA050462,WYETH AYERST,TABLET,ORAL,Discontinued
UNIPEN IN PLASTIC CONTAINER,NAFCILLIN SODIUM,NDA050320,WYETH AYERST,INJECTABLE,INJECTION,Discontinued
UNIPRES,HYDRALAZINE HYDROCHLORIDE; HYDROCHLOROTHIAZIDE; RESERPINE,ANDA086298,SOLVAY,TABLET,ORAL,Discontinued
UNIRETIC,HYDROCHLOROTHIAZIDE; MOEXIPRIL HYDROCHLORIDE,NDA020729,UCB INC,TABLET,ORAL,Discontinued
UNISOM,DOXYLAMINE SUCCINATE,NDA018066,CHATTEM,TABLET,ORAL,Over-the-counter
UNITENSEN,CRYPTENAMINE ACETATES,NDA008814,MEDPOINTE PHARM HLC,INJECTABLE,INJECTION,Discontinued
UNITENSEN,CRYPTENAMINE TANNATES,NDA009217,MEDPOINTE PHARM HLC,TABLET,ORAL,Discontinued
UNITHROID,LEVOTHYROXINE SODIUM,NDA021210,STEVENS J,TABLET,ORAL,Prescription
UNITUXIN,DINUTUXIMAB,BLA125516,UNITED THERAP,INJECTABLE,INTRAVENOUS,Prescription
UNIVASC,MOEXIPRIL HYDROCHLORIDE,NDA020312,UCB INC,TABLET,ORAL,Discontinued
UNLOXCYT,COSIBELIMAB-IPDL,BLA761297,CHECKPOINT THERAPEUTICS INC,INJECTABLE,INJECTION,Prescription
UPADACITINIB,UPADACITINIB,ANDA218866,AUROBINDO PHARMA LTD,TABLET,ORAL,None (Tentative Approval)
UPLIZNA,INEBILIZUMAB-CDON,BLA761142,VIELA BIO,INJECTABLE,INJECTION,Prescription
UPNEEQ,OXYMETAZOLINE HYDROCHLORIDE,NDA212520,RVL PHARMS,SOLUTION/DROPS,OPHTHALMIC,Prescription
UPTRAVI,SELEXIPAG,NDA214275,ACTELION,POWDER,INTRAVENOUS,Prescription
URACIL MUSTARD,URACIL MUSTARD,NDA012892,SHIRE,CAPSULE,ORAL,Discontinued
UREAPHIL,UREA,NDA012154,HOSPIRA,INJECTABLE,INJECTION,Discontinued
URECHOLINE,BETHANECHOL CHLORIDE,ANDA088441,ODYSSEY PHARMS,TABLET,ORAL,Discontinued
URESE,BENZTHIAZIDE,NDA012128,PFIZER,TABLET,ORAL,Discontinued
UREX,METHENAMINE HIPPURATE,NDA016151,QUAGEN,TABLET,ORAL,Prescription
URISPAS,FLAVOXATE HYDROCHLORIDE,NDA016769,ORTHO MCNEIL JANSSEN,TABLET,ORAL,Discontinued
UROBAK,SULFAMETHOXAZOLE,ANDA087307,SHIONOGI,TABLET,ORAL,Discontinued
UROCIT-K,POTASSIUM CITRATE,NDA019071,MISSION PHARMA,"TABLET, EXTENDED RELEASE",ORAL,Prescription
UROLOGIC G IN PLASTIC CONTAINER,CITRIC ACID; MAGNESIUM OXIDE; SODIUM CARBONATE,NDA018904,HOSPIRA,SOLUTION,IRRIGATION,Discontinued
UROPLUS DS,SULFAMETHOXAZOLE; TRIMETHOPRIM,ANDA071816,SHIONOGI,TABLET,ORAL,Discontinued
UROPLUS SS,SULFAMETHOXAZOLE; TRIMETHOPRIM,ANDA071815,SHIONOGI,TABLET,ORAL,Discontinued
UROVIST CYSTO,DIATRIZOATE MEGLUMINE,ANDA087729,BAYER HLTHCARE,SOLUTION,URETERAL,Discontinued
UROVIST CYSTO PEDIATRIC,DIATRIZOATE MEGLUMINE,ANDA087731,BAYER HLTHCARE,SOLUTION,URETERAL,Discontinued
UROVIST MEGLUMINE DIU/CT,DIATRIZOATE MEGLUMINE,ANDA087739,BAYER HLTHCARE,INJECTABLE,INJECTION,Discontinued
UROVIST SODIUM 300,DIATRIZOATE SODIUM,ANDA087725,BAYER HLTHCARE,INJECTABLE,INJECTION,Discontinued
UROXATRAL,ALFUZOSIN HYDROCHLORIDE,NDA021287,ADVANZ PHARMA,"TABLET, EXTENDED RELEASE",ORAL,Prescription
URSO 250,URSODIOL,NDA020675,ABBVIE,TABLET,ORAL,Discontinued
URSO FORTE,URSODIOL,NDA020675,ABBVIE,TABLET,ORAL,Discontinued
URSODIOL,URSODIOL,ANDA214717,EPIC PHARMA LLC,TABLET,ORAL,Prescription
UTEBZI,TEBIPENEM PIVOXIL HYDROBROMIDE,NDA215960,GLAXOSMITHKLINE,TABLET,ORAL,Prescription
UTIBRON NEOHALER,GLYCOPYRROLATE; INDACATEROL MALEATE,NDA207930,NOVARTIS,POWDER,INHALATION,Discontinued
UTICILLIN VK,PENICILLIN V POTASSIUM,ANDA061651,PHARMACIA AND UPJOHN,TABLET,ORAL,Discontinued
UTICORT,BETAMETHASONE BENZOATE,NDA018089,PARKE DAVIS,OINTMENT,TOPICAL,Discontinued
UTIMOX,AMOXICILLIN,ANDA062107,PARKE DAVIS,CAPSULE,ORAL,Discontinued
UVADEX,METHOXSALEN,NDA020969,THERAKOS DEVELOPMENT,INJECTABLE,INJECTION,Prescription
UZEDY,RISPERIDONE,NDA213586,TEVA,"SUSPENSION, EXTENDED RELEASE",SUBCUTANEOUS,Prescription
V-CILLIN,PENICILLIN V,ANDA060002,LILLY,FOR SUSPENSION,ORAL,Discontinued
V-CILLIN K,PENICILLIN V POTASSIUM,ANDA060004,LILLY,FOR SOLUTION,ORAL,Discontinued
VABOMERE,MEROPENEM; VABORBACTAM,NDA209776,REMPEX,POWDER,INTRAVENOUS,Prescription
VABYSMO,FARICIMAB-SVOA,BLA761235,GENENTECH INC,INJECTABLE,INTRAVITREAL,Prescription
VAFSEO,VADADUSTAT,NDA215192,AKEBIA,TABLET,ORAL,Prescription
VAGIFEM,ESTRADIOL,NDA020908,NOVO NORDISK INC,TABLET,VAGINAL,Discontinued
VAGILIA,SULFACETAMIDE; SULFATHIAZOLE); TRIPLE SULFA (SULFABENZAMIDE,ANDA088821,COSETTE PHARMS NC,CREAM,VAGINAL,Discontinued
VAGISTAT-1,TIOCONAZOLE,NDA020676,COMBE,OINTMENT,VAGINAL,Over-the-counter
VALACYCLOVIR HYDROCHLORIDE,VALACYCLOVIR HYDROCHLORIDE,ANDA090216,CHARTWELL RX,TABLET,ORAL,Prescription
VALBENAZINE,VALBENAZINE,ANDA215962,SANDOZ INC,CAPSULE,ORAL,None (Tentative Approval)
VALBENAZINE TOSYLATE,VALBENAZINE TOSYLATE,ANDA216064,LUPIN,CAPSULE,ORAL,Prescription
VALCHLOR,MECHLORETHAMINE HYDROCHLORIDE,NDA202317,HELSINN,GEL,TOPICAL,Prescription
VALCYTE,VALGANCICLOVIR HYDROCHLORIDE,NDA021304,CHEPLAPHARM,TABLET,ORAL,Prescription
VALGANCICLOVIR HYDROCHLORIDE,VALGANCICLOVIR HYDROCHLORIDE,ANDA211475,HETERO LABS LTD V,FOR SOLUTION,ORAL,Prescription
VALISONE,BETAMETHASONE VALERATE,NDA016932,SCHERING,LOTION,TOPICAL,Discontinued
VALIUM,DIAZEPAM,NDA016087,ROCHE,INJECTABLE,INJECTION,Discontinued
VALMID,ETHINAMATE,NDA009750,DISTA,CAPSULE,ORAL,Discontinued
VALNAC,BETAMETHASONE VALERATE,ANDA070050,ACTAVIS MID ATLANTIC,CREAM,TOPICAL,Prescription
VALPIN 50,ANISOTROPINE METHYLBROMIDE,NDA013428,ENDO PHARMS,TABLET,ORAL,Discontinued
VALPROATE SODIUM,VALPROATE SODIUM,ANDA076295,SAGENT,INJECTABLE,INJECTION,Prescription
VALPROIC ACID,VALPROIC ACID,ANDA091037,SUN PHARM INDS LTD,CAPSULE,ORAL,Discontinued
VALRELEASE,DIAZEPAM,NDA018179,ROCHE,"CAPSULE, EXTENDED RELEASE",ORAL,Discontinued
VALRUBICIN,VALRUBICIN,ANDA206430,HIKMA,SOLUTION,INTRAVESICAL,Prescription
VALSARTAN,VALSARTAN,ANDA202696,MACLEODS PHARMS LTD,TABLET,ORAL,Prescription
VALSARTAN AND HYDROCHLOROTHIAZIDE,HYDROCHLOROTHIAZIDE; VALSARTAN,ANDA078946,LUPIN LTD,TABLET,ORAL,Discontinued
VALSARTAN; HYDROCHLOROTHIAZIDE,HYDROCHLOROTHIAZIDE; VALSARTAN,ANDA091654,TORRENT PHARMS LTD,TABLET,ORAL,None (Tentative Approval)
VALSTAR PRESERVATIVE FREE,VALRUBICIN,NDA020892,ENDO OPERATIONS,SOLUTION,INTRAVESICAL,Prescription
VALTOCO,DIAZEPAM,NDA211635,NEURELIS INC,SPRAY,NASAL,Prescription
VALTREX,VALACYCLOVIR HYDROCHLORIDE,NDA020487,GLAXOSMITHKLINE,TABLET,ORAL,Prescription
VALTURNA,ALISKIREN HEMIFUMARATE; VALSARTAN,NDA022217,NOVARTIS,TABLET,ORAL,Discontinued
VANCENASE,BECLOMETHASONE DIPROPIONATE,NDA018521,SCHERING,"AEROSOL, METERED",NASAL,Discontinued
VANCENASE AQ,BECLOMETHASONE DIPROPIONATE MONOHYDRATE,NDA020469,SCHERING,"SPRAY, METERED",NASAL,Discontinued
VANCERIL,BECLOMETHASONE DIPROPIONATE,NDA017573,SCHERING,"AEROSOL, METERED",INHALATION,Discontinued
VANCERIL DOUBLE STRENGTH,BECLOMETHASONE DIPROPIONATE,NDA020486,SCHERING,"AEROSOL, METERED",INHALATION,Discontinued
VANCOCIN HYDROCHLORIDE,VANCOMYCIN HYDROCHLORIDE,ANDA060180,STERISCIENCE,INJECTABLE,INJECTION,Discontinued
VANCOLED,VANCOMYCIN HYDROCHLORIDE,ANDA063321,LEDERLE,FOR SOLUTION,ORAL,Discontinued
VANCOMYCIN,VANCOMYCIN,NDA213895,HIKMA,SOLUTION,"INTRAVENOUS, ORAL",Discontinued
VANCOMYCIN HCL,VANCOMYCIN HYDROCHLORIDE,ANDA062845,QUAD PHARMS,Injectable,Injection,Discontinued
VANCOMYCIN HYDROCHLORIDE,VANCOMYCIN HYDROCHLORIDE,ANDA217401,EUGIA PHARMA,POWDER,INTRAVENOUS,Prescription
VANCOMYCIN HYDROCHLORIDE IN PLASTIC CONTAINER,VANCOMYCIN HYDROCHLORIDE,NDA050671,BAXTER HLTHCARE,SOLUTION,INTRAVENOUS,Prescription
VANCOR,VANCOMYCIN HYDROCHLORIDE,ANDA062956,PHARMACIA AND UPJOHN,INJECTABLE,INJECTION,Discontinued
VANDAZOLE,METRONIDAZOLE,NDA021806,TEVA PHARMS,GEL,VAGINAL,Prescription
VANFLYTA,QUIZARTINIB DIHYDROCHLORIDE,NDA216993,DAIICHI SANKYO INC,TABLET,ORAL,Prescription
VANIQA,EFLORNITHINE HYDROCHLORIDE,NDA021145,ABBVIE,CREAM,TOPICAL,Discontinued
VANOBID,CANDICIDIN,ANDA061596,SANOFI AVENTIS US,OINTMENT,VAGINAL,Discontinued
VANOS,FLUOCINONIDE,NDA021758,BAUSCH,CREAM,TOPICAL,Prescription
VANRAFIA,ATRASENTAN HYDROCHLORIDE,NDA219208,NOVARTIS,TABLET,ORAL,Prescription
VANSIL,OXAMNIQUINE,NDA018069,PFIZER,CAPSULE,ORAL,Discontinued
VANTAS,HISTRELIN ACETATE,NDA021732,ENDO OPERATIONS,IMPLANT,SUBCUTANEOUS,Discontinued
VANTIN,CEFPODOXIME PROXETIL,NDA050674,PFIZER,TABLET,ORAL,Discontinued
VANTRELA ER,HYDROCODONE BITARTRATE,NDA207975,TEVA BRANDED PHARM,"TABLET, EXTENDED RELEASE",ORAL,Discontinued
VAPO-ISO,ISOPROTERENOL HYDROCHLORIDE,NDA016813,FISONS,SOLUTION,INHALATION,Discontinued
VAPRISOL,CONIVAPTAN HYDROCHLORIDE,NDA021697,APOTEX,INJECTABLE,INTRAVENOUS,Discontinued
VAPRISOL IN 5% DEXTROSE IN PLASTIC CONTAINER,CONIVAPTAN HYDROCHLORIDE,NDA021697,APOTEX,INJECTABLE,INTRAVENOUS,Prescription
VARDENAFIL HYDROCHLORIDE,VARDENAFIL HYDROCHLORIDE,ANDA204632,MACLEODS PHARMS,TABLET,ORAL,Prescription
VARENICLINE,VARENICLINE,ANDA201920,TEVA PHARMS USA,TABLET,ORAL,None (Tentative Approval)
VARENICLINE TARTRATE,VARENICLINE TARTRATE,ANDA201785,PH HEALTH,TABLET,ORAL,Prescription
VARIBAR HONEY,BARIUM SULFATE,NDA208143,BRACCO,SUSPENSION,ORAL,Prescription
VARIBAR NECTAR,BARIUM SULFATE,NDA208143,BRACCO,SUSPENSION,ORAL,Prescription
VARIBAR PUDDING,BARIUM SULFATE,NDA208844,BRACCO,PASTE,ORAL,Prescription
VARIBAR THIN HONEY,BARIUM SULFATE,NDA208143,BRACCO,SUSPENSION,ORAL,Prescription
VARIBAR THIN LIQUID,BARIUM SULFATE,NDA208036,BRACCO,FOR SUSPENSION,ORAL,Prescription
VARITHENA,POLIDOCANOL,NDA205098,BOSTON SCITFC,SOLUTION,INTRAVENOUS,Prescription
VARUBI,ROLAPITANT HYDROCHLORIDE,NDA208399,TERSERA,EMULSION,INTRAVENOUS,Discontinued
VASCEPA,ICOSAPENT ETHYL,NDA202057,AMARIN PHARMS,CAPSULE,ORAL,Prescription
VASCOR,BEPRIDIL HYDROCHLORIDE,NDA019002,JOHNSON AND JOHNSON,TABLET,ORAL,Discontinued
VASCORAY,IOTHALAMATE MEGLUMINE; IOTHALAMATE SODIUM,NDA016783,MALLINCKRODT,INJECTABLE,INJECTION,Discontinued
VASERETIC,ENALAPRIL MALEATE; HYDROCHLOROTHIAZIDE,NDA019221,BAUSCH,TABLET,ORAL,Prescription
VASOCIDIN,PREDNISOLONE ACETATE; SULFACETAMIDE SODIUM,ANDA088791,NOVARTIS,OINTMENT,OPHTHALMIC,Discontinued
VASOCIDIN,PREDNISOLONE SODIUM PHOSPHATE; SULFACETAMIDE SODIUM,NDA018988,NOVARTIS,SOLUTION/DROPS,OPHTHALMIC,Discontinued
VASOCON,NAPHAZOLINE HYDROCHLORIDE,ANDA080235,NOVARTIS,SOLUTION/DROPS,OPHTHALMIC,Discontinued
VASOCON-A,ANTAZOLINE PHOSPHATE; NAPHAZOLINE HYDROCHLORIDE,NDA018746,NOVARTIS,SOLUTION/DROPS,OPHTHALMIC,Discontinued
VASOPRESSIN,VASOPRESSIN,ANDA211538,EAGLE PHARMS,SOLUTION,INTRAVENOUS,Discontinued
VASOPRESSIN IN DEXTROSE 5%,VASOPRESSIN,ANDA213988,DR REDDYS,SOLUTION,INTRAVENOUS,Prescription
VASOPRESSIN IN SODIUM CHLORIDE 0.9%,VASOPRESSIN,NDA217569,BAXTER HLTHCARE CORP,SOLUTION,INTRAVENOUS,Prescription
VASOSTRICT,VASOPRESSIN,NDA204485,PH HEALTH,SOLUTION,INTRAVENOUS,Discontinued
VASOTEC,ENALAPRIL MALEATE,NDA018998,BAUSCH,TABLET,ORAL,Prescription
VASOTEC,ENALAPRILAT,NDA019309,BIOVAIL LABS INTL,INJECTABLE,INJECTION,Discontinued
VASOXYL,METHOXAMINE HYDROCHLORIDE,NDA006772,GLAXOSMITHKLINE,INJECTABLE,INJECTION,Discontinued
VAZALORE,ASPIRIN,NDA203697,PLX PHARMA,CAPSULE,ORAL,Over-the-counter
VAZCULEP,PHENYLEPHRINE HYDROCHLORIDE,NDA204300,EXELA PHARMA,SOLUTION,INTRAVENOUS,Discontinued
VECTIBIX,PANITUMUMAB,BLA125147,AMGEN,INJECTABLE,IV (INFUSION),Prescription
VECTICAL,CALCITRIOL,NDA022087,GALDERMA LABS LP,OINTMENT,TOPICAL,Prescription
VECURONIUM BROMIDE,VECURONIUM BROMIDE,ANDA074334,WATSON LABS,INJECTABLE,INJECTION,Discontinued
VEETIDS,PENICILLIN V POTASSIUM,ANDA061410,APOTHECON,FOR SOLUTION,ORAL,Discontinued
VEETIDS '125',PENICILLIN V POTASSIUM,ANDA062153,APOTHECON,FOR SOLUTION,ORAL,Discontinued
VEETIDS '250',PENICILLIN V POTASSIUM,ANDA062156,APOTHECON,TABLET,ORAL,Discontinued
VEETIDS '500',PENICILLIN V POTASSIUM,ANDA062156,APOTHECON,TABLET,ORAL,Discontinued
VEGZELMA,BEVACIZUMAB-ADCD,BLA761268,CELLTRION,INJECTABLE,INJECTION,Prescription
VEINAMINE 8%,AMINO ACIDS; MAGNESIUM CHLORIDE; POTASSIUM ACETATE; POTASSIUM CHLORIDE; SODIUM ACETATE,NDA017957,HOSPIRA INC,INJECTABLE,INJECTION,Discontinued
VEKLURY,REMDESIVIR,NDA214787,GILEAD SCIENCES INC,SOLUTION,INTRAVENOUS,Discontinued
VELBAN,VINBLASTINE SULFATE,NDA012665,LILLY,INJECTABLE,INJECTION,Discontinued
VELCADE,BORTEZOMIB,NDA021602,TAKEDA PHARMS USA,INJECTABLE,"INTRAVENOUS, SUBCUTANEOUS",Prescription
VELETRI,EPOPROSTENOL SODIUM,NDA022260,ACTELION,INJECTABLE,INJECTION,Prescription
VELIVET,DESOGESTREL; ETHINYL ESTRADIOL,ANDA076455,DURAMED PHARMS BARR,TABLET,ORAL-28,Prescription
VELOSEF,CEPHRADINE,ANDA061976,APOTHECON,INJECTABLE,INJECTION,Discontinued
VELOSEF '125',CEPHRADINE,ANDA061763,APOTHECON,FOR SUSPENSION,ORAL,Discontinued
VELOSEF '250',CEPHRADINE,ANDA061763,APOTHECON,FOR SUSPENSION,ORAL,Discontinued
VELOSEF '500',CEPHRADINE,NDA050548,ERSANA,CAPSULE,ORAL,Discontinued
VELPHORO,FERRIC OXYHYDROXIDE,NDA205109,VIFOR FRESENIUS,"TABLET, CHEWABLE",ORAL,Prescription
VELSIPITY,ETRASIMOD ARGININE,NDA216956,PFIZER,TABLET,ORAL,Prescription
VELTANE,BROMPHENIRAMINE MALEATE,ANDA084088,LANNETT,Tablet,Oral,Prescription
VELTASSA,PATIROMER SORBITEX CALCIUM,NDA205739,VIFOR PHARMA,POWDER,ORAL,Discontinued
VELTIN,CLINDAMYCIN PHOSPHATE; TRETINOIN,NDA050803,CHARTWELL RX,GEL,TOPICAL,Prescription
VEMLIDY,TENOFOVIR ALAFENAMIDE FUMARATE,NDA208464,GILEAD SCIENCES INC,TABLET,ORAL,Prescription
VENCLEXTA,VENETOCLAX,NDA208573,ABBVIE,TABLET,ORAL,Prescription
VENETOCLAX,VENETOCLAX,ANDA214733,DR REDDYS,TABLET,ORAL,Prescription
VENLAFAXINE BESYLATE,VENLAFAXINE BESYLATE,NDA215429,ALMATICA,"TABLET, EXTENDED RELEASE",ORAL,Prescription
VENLAFAXINE HYDROCHLORIDE,VENLAFAXINE HYDROCHLORIDE,ANDA078789,PHARMOBEDIENT,"CAPSULE, EXTENDED RELEASE",ORAL,Discontinued
VENOFER,IRON SUCROSE,NDA021135,AM REGENT,INJECTABLE,INTRAVENOUS,Discontinued
VENTAIRE,PROTOKYLOL HYDROCHLORIDE,ANDA083459,SANOFI AVENTIS US,TABLET,ORAL,Discontinued
VENTAVIS,ILOPROST,NDA021779,ACTELION,SOLUTION,INHALATION,Discontinued
VENTOLIN,ALBUTEROL,NDA018473,GLAXOSMITHKLINE,"AEROSOL, METERED",INHALATION,Discontinued
VENTOLIN,ALBUTEROL SULFATE,NDA019621,GLAXOSMITHKLINE,SYRUP,ORAL,Discontinued
VENTOLIN HFA,ALBUTEROL SULFATE,NDA020983,GLAXOSMITHKLINE,"AEROSOL, METERED",INHALATION,Prescription
VENTOLIN ROTACAPS,ALBUTEROL SULFATE,NDA019489,GLAXOSMITHKLINE,CAPSULE,INHALATION,Discontinued
VENXXIVA,TIOPRONIN,ANDA216990,TORRENT,"TABLET, DELAYED RELEASE",ORAL,Prescription
VEOPOZ,POZELIMAB-BBFG,BLA761339,REGENERON PHARMACEUTICALS,INJECTABLE,INJECTION,Prescription
VEOZAH,FEZOLINETANT,NDA216578,ASTELLAS,TABLET,ORAL,Prescription
VEPESID,ETOPOSIDE,NDA018768,CORDEN PHARMA,INJECTABLE,INJECTION,Discontinued
VEPPANU,VEPDEGESTRANT,NDA219835,RIGEL PHARMS,TABLET,ORAL,Prescription
VERAPAMIL HCL,VERAPAMIL HYDROCHLORIDE,ANDA070672,QUAD PHARMS,Injectable,Injection,Discontinued
VERAPAMIL HYDROCHLORIDE,VERAPAMIL HYDROCHLORIDE,ANDA212965,EUGIA PHARMA,INJECTABLE,INJECTION,Prescription
VERARD,VERARD,NDA001504,THE VERARD COMPANY,UNKNOWN,UNKNOWN,Prescription
VERARING,ETHINYL ESTRADIOL; ETONOGESTREL,ANDA207577,DR REDDYS LABS SA,RING,VAGINAL,Discontinued
VERCYTE,PIPOBROMAN,NDA016245,ABBOTT,TABLET,ORAL,Discontinued
VERDESO,DESONIDE,NDA021978,GENUS,"AEROSOL, FOAM",TOPICAL,Discontinued
VEREGEN,SINECATECHINS,NDA021902,ANI PHARMS,OINTMENT,TOPICAL,Prescription
VERELAN,VERAPAMIL HYDROCHLORIDE,NDA019614,AZURITY,"CAPSULE, EXTENDED RELEASE",ORAL,Prescription
VERELAN PM,VERAPAMIL HYDROCHLORIDE,NDA020943,AZURITY,"CAPSULE, EXTENDED RELEASE",ORAL,Prescription
VERICIGUAT,VERICIGUAT,ANDA220221,TORRENT PHARMACEUTICALS LTD,TABLET,,None (Tentative Approval)
VERILOID,ALKAVERVIR,NDA007336,3M,TABLET,ORAL,Discontinued
VERKAZIA,CYCLOSPORINE,NDA214965,HARROW EYE,EMULSION,OPHTHALMIC,Prescription
VERMIDOL,PIPERAZINE CITRATE,ANDA080992,SOLVAY,SYRUP,ORAL,Discontinued
VERMOX,MEBENDAZOLE,NDA208398,JANSSEN PHARMS,"TABLET, CHEWABLE",ORAL,Discontinued
VERQUVO,VERICIGUAT,NDA214377,MSD,TABLET,ORAL,Prescription
VERSACLOZ,CLOZAPINE,NDA203479,DOUGLAS PHARMS,SUSPENSION,ORAL,Prescription
VERSAPEN,HETACILLIN,NDA050060,BRISTOL,FOR SUSPENSION,ORAL,Discontinued
VERSAPEN-K,HETACILLIN POTASSIUM,ANDA061396,BRISTOL,CAPSULE,ORAL,Discontinued
VERSED,MIDAZOLAM HYDROCHLORIDE,NDA020942,ROCHE,SYRUP,ORAL,Discontinued
VERTAVIS,VERATRUM VIRIDE ROOT,NDA005691,MEDPOINTE PHARM HLC,TABLET,ORAL,Discontinued
VERZENIO,ABEMACICLIB,NDA208716,ELI LILLY AND CO,TABLET,ORAL,Prescription
VESANOID,TRETINOIN,NDA020438,CHEPLAPHARM,CAPSULE,ORAL,Discontinued
VESICARE,SOLIFENACIN SUCCINATE,NDA021518,ASTELLAS,TABLET,ORAL,Discontinued
VESICARE LS,SOLIFENACIN SUCCINATE,NDA209529,ASTELLAS,SUSPENSION,ORAL,Discontinued
VESPRIN,TRIFLUPROMAZINE,NDA011491,APOTHECON,SUSPENSION,ORAL,Discontinued
VESPRIN,TRIFLUPROMAZINE HYDROCHLORIDE,NDA011123,BRISTOL MYERS SQUIBB,TABLET,ORAL,Discontinued
VEVYE,CYCLOSPORINE,NDA217469,HARROW EYE,SOLUTION,OPHTHALMIC,Prescription
VEXOL,RIMEXOLONE,NDA020474,HARROW EYE,SUSPENSION/DROPS,OPHTHALMIC,Discontinued
VFEND,VORICONAZOLE,NDA021266,PF PRISM CV,TABLET,ORAL,Prescription
VI-DOM-A,VITAMIN A PALMITATE,ANDA080972,BAYER PHARMS,CAPSULE,ORAL,Discontinued
VI-TWEL,CYANOCOBALAMIN,NDA007012,BAYER HLTHCARE,INJECTABLE,INJECTION,Discontinued
VIADUR,LEUPROLIDE ACETATE,NDA021088,ORTHO MCNEIL JANSSEN,IMPLANT,IMPLANTATION,Discontinued
VIAGRA,SILDENAFIL CITRATE,NDA020895,VIATRIS,TABLET,ORAL,Prescription
VIBATIV,TELAVANCIN,NDA022407,THERAVANCE INC,INJECTABLE,INJECTION,Prescription
VIBATIV,TELAVANCIN HYDROCHLORIDE,NDA022110,APOTEX,POWDER,INTRAVENOUS,Discontinued
VIBERZI,ELUXADOLINE,NDA206940,ABBVIE,TABLET,ORAL,Prescription
VIBISONE,CYANOCOBALAMIN,ANDA080557,FRESENIUS KABI USA,INJECTABLE,INJECTION,Prescription
VIBRA-TABS,DOXYCYCLINE HYCLATE,NDA050533,PFIZER,TABLET,ORAL,Discontinued
VIBRAMYCIN,DOXYCYCLINE,NDA050006,PFIZER,FOR SUSPENSION,ORAL,Discontinued
VIBRAMYCIN,DOXYCYCLINE CALCIUM,NDA050480,PFIZER,SUSPENSION,ORAL,Discontinued
VIBRAMYCIN,DOXYCYCLINE HYCLATE,NDA050442,PFIZER,INJECTABLE,INJECTION,Discontinued
VICKS FORMULA 44,DIPHENHYDRAMINE HYDROCHLORIDE,ANDA070524,WARNER CHILCOTT,SYRUP,ORAL,Discontinued
VICODIN,ACETAMINOPHEN; HYDROCODONE BITARTRATE,ANDA085667,ABBOTT,TABLET,ORAL,Discontinued
VICODIN ES,ACETAMINOPHEN; HYDROCODONE BITARTRATE,ANDA089736,ABBVIE,TABLET,ORAL,Discontinued
VICODIN HP,ACETAMINOPHEN; HYDROCODONE BITARTRATE,ANDA040117,ABBVIE,TABLET,ORAL,Discontinued
VICOPRIN,ASPIRIN; HYDROCODONE BITARTRATE,ANDA086333,ABBOTT,TABLET,ORAL,Discontinued
VICOPROFEN,HYDROCODONE BITARTRATE; IBUPROFEN,NDA020716,ABBVIE,TABLET,ORAL,Discontinued
VICTOZA,LIRAGLUTIDE,NDA022341,NOVO NORDISK INC,SOLUTION,SUBCUTANEOUS,Prescription
VICTRELIS,BOCEPREVIR,NDA202258,MERCK SHARP DOHME,CAPSULE,ORAL,Discontinued
VIDAZA,AZACITIDINE,NDA050794,BRISTOL-MYERS,POWDER,"INTRAVENOUS, SUBCUTANEOUS",Prescription
VIDEX,DIDANOSINE,NDA020156,BRISTOL,FOR SOLUTION,ORAL,Discontinued
VIDEX EC,DIDANOSINE,NDA021183,BRISTOL MYERS SQUIBB,"CAPSULE, DELAYED REL PELLETS",ORAL,Discontinued
VIEKIRA PAK (COPACKAGED),"DASABUVIR SODIUM; OMBITASVIR, PARITAPREVIR, RITONAVIR",NDA206619,ABBVIE,TABLET,ORAL,Discontinued
VIEKIRA XR,DASABUVIR SODIUM; OMBITASVIR; PARITAPREVIR; RITONAVIR,NDA208624,ABBVIE,"TABLET, EXTENDED RELEASE",ORAL,Discontinued
VIENVA,ETHINYL ESTRADIOL; LEVONORGESTREL,ANDA201088,XIROMED,TABLET,ORAL-28,Prescription
VIGABATRIN,VIGABATRIN,ANDA215601,AUROBINDO PHARMA LTD,TABLET,ORAL,Prescription
VIGADRONE,VIGABATRIN,ANDA210196,BORA,FOR SOLUTION,ORAL,Prescription
VIGAFYDE,VIGABATRIN,NDA217684,PYROS PHARMS,SOLUTION,ORAL,Prescription
VIGAMOX,MOXIFLOXACIN HYDROCHLORIDE,NDA021598,HARROW EYE,SOLUTION/DROPS,OPHTHALMIC,Prescription
VIGPODER,VIGABATRIN,ANDA214961,PYROS PHARMS,FOR SOLUTION,ORAL,Prescription
VIIBRYD,VILAZODONE HYDROCHLORIDE,NDA022567,ABBVIE,TABLET,ORAL,Prescription
VIJOICE,ALPELISIB,NDA215039,NOVARTIS,TABLET,ORAL,Prescription
VILAZODONE HYDROCHLORIDE,VILAZODONE HYDROCHLORIDE,ANDA208200,INVAGEN PHARMS,TABLET,ORAL,Prescription
VILOXAZINE HYDROCHLORIDE,VILOXAZINE HYDROCHLORIDE,ANDA220326,APPCO PHARMA LLC,"CAPSULE, EXTENDED RELEASE",,None (Tentative Approval)
VILTEPSO,VILTOLARSEN,NDA212154,NIPPON SHINYAKU,SOLUTION,INTRAVENOUS,Prescription
VIMIZIM,ELOSULFASE ALFA,BLA125460,BIOMARIN PHARM,INJECTABLE,INJECTION,Prescription
VIMOVO,ESOMEPRAZOLE MAGNESIUM; NAPROXEN,NDA022511,HORIZON,"TABLET, DELAYED RELEASE",ORAL,Discontinued
VIMPAT,LACOSAMIDE,NDA022255,UCB INC,SOLUTION,ORAL,Prescription
VINBLASTINE SULFATE,VINBLASTINE SULFATE,ANDA089565,HOSPIRA,INJECTABLE,INJECTION,Discontinued
VINCASAR PFS,VINCRISTINE SULFATE,ANDA071426,TEVA PARENTERAL,INJECTABLE,INJECTION,Discontinued
VINCREX,VINCRISTINE SULFATE,ANDA070867,BRISTOL MYERS SQUIBB,INJECTABLE,INJECTION,Discontinued
VINCRISTINE SULFATE,VINCRISTINE SULFATE,ANDA070777,QUAD PHARMS,Injectable,Injection,Discontinued
VINCRISTINE SULFATE PFS,VINCRISTINE SULFATE,ANDA071484,HOSPIRA,INJECTABLE,INJECTION,Prescription
VINORELBINE TARTRATE,VINORELBINE TARTRATE,ANDA078011,ACTAVIS TOTOWA,INJECTABLE,INJECTION,Prescription
VIOCIN SULFATE,VIOMYCIN SULFATE,ANDA061086,PFIZER,INJECTABLE,INJECTION,Discontinued
VIOKACE,LIPASE; PANCRELIPASE (AMYLASE; PROTEASE),BLA022542,VIOKACE,TABLET,ORAL,Prescription
VIORELE,DESOGESTREL; ETHINYL ESTRADIOL,ANDA091346,GLENMARK PHARMS LTD,TABLET,ORAL-28,Prescription
VIOXX,ROFECOXIB,NDA021647,MERCK,TABLET,ORAL,Discontinued
VIRA-A,VIDARABINE,NDA050486,PARKEDALE,OINTMENT,OPHTHALMIC,Discontinued
VIRAC REX,LAPYRIUM CHLORIDE; UNDECOYLIUM CHLORIDE IODINE COMPLEX,NDA011914,CHESEBROUGH PONDS,SOLUTION,TOPICAL,Discontinued
VIRACEPT,NELFINAVIR MESYLATE,NDA020779,AGOURON PHARMS,TABLET,ORAL,Prescription
VIRAMUNE,NEVIRAPINE,NDA020933,BOEHRINGER INGELHEIM,SUSPENSION,ORAL,Discontinued
VIRAMUNE XR,NEVIRAPINE,NDA201152,BOEHRINGER INGELHEIM,"TABLET, EXTENDED RELEASE",ORAL,Discontinued
VIRAZOLE,RIBAVIRIN,NDA018859,BAUSCH,FOR SOLUTION,INHALATION,Discontinued
VIREAD,TENOFOVIR DISOPROXIL FUMARATE,NDA021356,GILEAD SCIENCES INC,TABLET,ORAL,Prescription
VIRILON,METHYLTESTOSTERONE,ANDA087750,CHARTWELL,CAPSULE,ORAL,Discontinued
VIROPTIC,TRIFLURIDINE,NDA018299,MONARCH PHARMS,SOLUTION/DROPS,OPHTHALMIC,Prescription
VISICOL,"SODIUM PHOSPHATE, DIBASIC, ANHYDROUS; SODIUM PHOSPHATE, MONOBASIC, MONOHYDRATE",NDA021097,SALIX PHARMS,TABLET,ORAL,Discontinued
VISINE,NAPHAZOLINE HYDROCHLORIDE; PHENIRAMINE MALEATE,NDA020485,KENVUE BRANDS,SOLUTION/DROPS,OPHTHALMIC,Over-the-counter
VISINE L.R.,OXYMETAZOLINE HYDROCHLORIDE,NDA019407,KENVUE BRANDS,SOLUTION/DROPS,OPHTHALMIC,Over-the-counter
VISIONBLUE,TRYPAN BLUE,NDA021670,DORC,SOLUTION,OPHTHALMIC,Prescription
VISIPAQUE 270,IODIXANOL,NDA020808,GE HEALTHCARE,INJECTABLE,INJECTION,Discontinued
VISIPAQUE 320,IODIXANOL,NDA020808,GE HEALTHCARE,INJECTABLE,INJECTION,Prescription
VISKAZIDE,HYDROCHLOROTHIAZIDE; PINDOLOL,NDA018872,NOVARTIS,TABLET,ORAL,Discontinued
VISKEN,PINDOLOL,NDA018285,NOVARTIS,TABLET,ORAL,Discontinued
VISTARIL,HYDROXYZINE HYDROCHLORIDE,NDA011111,PFIZER,INJECTABLE,INJECTION,Discontinued
VISTARIL,HYDROXYZINE PAMOATE,NDA011459,PFIZER,CAPSULE,ORAL,Discontinued
VISTIDE,CIDOFOVIR,NDA020638,GILEAD SCIENCES INC,SOLUTION,INTRAVENOUS,Discontinued
VISTOGARD,URIDINE TRIACETATE,NDA208159,BTG INTL,GRANULE,ORAL,Prescription
VISUDYNE,VERTEPORFIN,NDA021119,BAUSCH LOMB IRELAND,INJECTABLE,INJECTION,Prescription
VITAMIN A,VITAMIN A,ANDA080985,WEST WARD,CAPSULE,ORAL,Discontinued
VITAMIN A,VITAMIN A PALMITATE,ANDA080955,IMPAX LABS,CAPSULE,ORAL,Discontinued
VITAMIN A PALMITATE,VITAMIN A PALMITATE,ANDA083311,ARCUM,CAPSULE,ORAL,Discontinued
VITAMIN A SOLUBILIZED,VITAMIN A PALMITATE,ANDA080921,TEVA,CAPSULE,ORAL,Discontinued
VITAMIN D,ERGOCALCIFEROL,ANDA080747,CHASE CHEM,CAPSULE,ORAL,Discontinued
VITAMIN K1,PHYTONADIONE,ANDA087956,HOSPIRA,INJECTABLE,INJECTION,Discontinued
VITAPED,ASCORBIC ACID; BIOTIN; CYANOCOBALAMIN; ERGOCALCIFEROL; FOLIC ACID; NIACINAMIDE; PANTOTHENIC ACID; PHYTONADIONE; PYRIDOXINE; RIBOFLAVIN; THIAMINE; VITAMIN A PALMITATE; VITAMIN E,NDA020176,HOSPIRA,INJECTABLE,INJECTION,Discontinued
VITEKTA,ELVITEGRAVIR,NDA203093,GILEAD SCIENCES INC,TABLET,ORAL,Discontinued
VITRAKVI,LAROTRECTINIB SULFATE,NDA210861,BAYER HLTHCARE,CAPSULE,ORAL,Prescription
VITRASE,HYALURONIDASE,BLA021640,BAUSCH AND LOMB,INJECTABLE,INJECTION,Discontinued
VITRASERT,GANCICLOVIR,NDA020569,BAUSCH AND LOMB,IMPLANT,IMPLANTATION,Discontinued
VITRAVENE PRESERVATIVE FREE,FOMIVIRSEN SODIUM,NDA020961,NOVARTIS,INJECTABLE,INJECTION,Discontinued
VITUZ,CHLORPHENIRAMINE MALEATE; HYDROCODONE BITARTRATE,NDA204307,PERSION,SOLUTION,ORAL,Discontinued
VIVACAINE,BUPIVACAINE HYDROCHLORIDE; EPINEPHRINE BITARTRATE,ANDA077250,SEPTODONT,INJECTABLE,INJECTION,Prescription
VIVACTIL,PROTRIPTYLINE HYDROCHLORIDE,ANDA073645,CHARTWELL RX,TABLET,ORAL,Discontinued
VIVELLE,ESTRADIOL,NDA020323,SANDOZ,SYSTEM,TRANSDERMAL,Discontinued
VIVELLE-DOT,ESTRADIOL,NDA020538,SANDOZ,SYSTEM,TRANSDERMAL,Prescription
VIVIMUSTA,BENDAMUSTINE HYDROCHLORIDE,NDA212209,AZURITY,SOLUTION,INTRAVENOUS,Prescription
VIVITROL,NALTREXONE,NDA021897,ALKERMES,"FOR SUSPENSION, EXTENDED RELEASE",INTRAMUSCULAR,Prescription
VIVJOA,OTESECONAZOLE,NDA215888,MYCOVIA PHARMS,CAPSULE,ORAL,Prescription
VIVLODEX,MELOXICAM,NDA207233,ICEUTICA OPERATIONS,CAPSULE,ORAL,Discontinued
VIZAMYL,FLUTEMETAMOL F-18,NDA203137,GE HEALTHCARE,INJECTABLE,INTRAVENOUS,Prescription
VIZIMPRO,DACOMITINIB,NDA211288,PFIZER,TABLET,ORAL,Discontinued
VIZZ,ACECLIDINE HYDROCHLORIDE,NDA218585,LENZ THERAP,SOLUTION/DROPS,OPHTHALMIC,Prescription
VOCABRIA,CABOTEGRAVIR SODIUM,NDA212887,VIIV HLTHCARE,TABLET,ORAL,Prescription
VOGELXO,TESTOSTERONE,NDA204399,UPSHER SMITH LABS,"GEL, METERED",TRANSDERMAL,Prescription
VOLMAX,ALBUTEROL SULFATE,NDA019604,MURO,"TABLET, EXTENDED RELEASE",ORAL,Discontinued
VOLNEA,DESOGESTREL; ETHINYL ESTRADIOL,ANDA202689,XIROMED,TABLET,ORAL-28,Prescription
VOLTAREN,DICLOFENAC SODIUM,NDA020037,NOVARTIS,SOLUTION/DROPS,OPHTHALMIC,Discontinued
VOLTAREN ARTHRITIS PAIN,DICLOFENAC SODIUM,NDA022122,HALEON US HOLDINGS,GEL,TOPICAL,Over-the-counter
VOLTAREN-XR,DICLOFENAC SODIUM,NDA020254,NOVARTIS,"TABLET, EXTENDED RELEASE",ORAL,Discontinued
VONJO,PACRITINIB CITRATE,NDA208712,SOBI,CAPSULE,ORAL,Prescription
VONTROL,DIPHENIDOL HYDROCHLORIDE,NDA016033,GLAXOSMITHKLINE,TABLET,ORAL,Discontinued
VOQUEZNA,VONOPRAZAN FUMARATE,NDA218710,PHATHOM PHARMACEUTICALS INC,TABLET,ORAL,Prescription
VOQUEZNA DUAL PAK,AMOXICILLIN; VONOPRAZAN FUMARATE,NDA215153,PHATHOM,"CAPSULE, TABLET",ORAL,Prescription
VOQUEZNA TRIPLE PAK,AMOXICILLIN; CLARITHROMYCIN; VONOPRAZAN FUMARATE,NDA215152,PHATHOM,"CAPSULE, TABLET, TABLET",ORAL,Prescription
VORANIGO,VORASIDENIB,NDA218784,SERVIER,TABLET,ORAL,Prescription
VORAXAZE,GLUCARPIDASE,BLA125327,BTG INTERNATIONAL INC,INJECTABLE,INJECTION,Prescription
VORICONAZOLE,VORICONAZOLE,ANDA090547,MYLAN PHARMS INC,TABLET,ORAL,Prescription
VORTIOXETINE,VORTIOXETINE,ANDA211085,CIPLA LTD,TABLET,ORAL,None (Tentative Approval)
VORTIOXETINE HYDROBROMIDE,VORTIOXETINE,ANDA211165,MACLEODS PHARMACEUTICALS LTD,TABLET:FILM COATED,,None (Tentative Approval)
VORTIOXETINE HYDROBROMIDE,VORTIOXETINE HYDROBROMIDE,ANDA211130,APOTEX INC,TABLET,,None (Tentative Approval)
VOSEVI,SOFOSBUVIR; VELPATASVIR; VOXILAPREVIR,NDA209195,GILEAD SCIENCES INC,TABLET,ORAL,Prescription
VOSOL,"ACETIC ACID, GLACIAL",NDA012179,HIKMA,SOLUTION/DROPS,OTIC,Discontinued
VOSOL HC,"ACETIC ACID, GLACIAL; HYDROCORTISONE",NDA012770,SAPTALIS PHARMS,SOLUTION/DROPS,OTIC,Prescription
VOSPIRE ER,ALBUTEROL SULFATE,ANDA076130,STRIDES PHARMA INTL,"TABLET, EXTENDED RELEASE",ORAL,Discontinued
VOSTALLY,RAMIPRIL,NDA219757,ROSEMONT PHARMS,SOLUTION,ORAL,Discontinued
VOTRIENT,PAZOPANIB HYDROCHLORIDE,NDA022465,NOVARTIS,TABLET,ORAL,Prescription
VOXZOGO,VOSORITIDE,NDA214938,BIOMARIN PHARM,POWDER,SUBCUTANEOUS,Prescription
VOYDEYA,DANICOPAN,NDA218037,ALEXION PHARMS INC,TABLET,ORAL,Prescription
VOYXACT,SIBEPRENLIMAB-SZSI,BLA761434,OTSUKA PHARM CO LTD,INJECTABLE,INJECTION,Prescription
VPRIV,VELAGLUCERASE ALFA,BLA022575,SHIRE HUMAN GENETIC,INJECTABLE,INTRAVENOUS,Prescription
VRAYLAR,CARIPRAZINE HYDROCHLORIDE,NDA204370,ABBVIE,CAPSULE,ORAL,Prescription
VTAMA,TAPINAROF,NDA215272,ORGANON LLC,CREAM,TOPICAL,Prescription
VUITY,PILOCARPINE HYDROCHLORIDE,NDA214028,ABBVIE,SOLUTION/DROPS,OPHTHALMIC,Discontinued
VUMERITY,DIROXIMEL FUMARATE,NDA211855,BIOGEN,"CAPSULE, DELAYED RELEASE",ORAL,Prescription
VUMON,TENIPOSIDE,NDA020119,HQ SPECLT PHARMA,INJECTABLE,INJECTION,Discontinued
VUSION,MICONAZOLE NITRATE; WHITE PETROLATUM; ZINC OXIDE,NDA021026,MYLAN,OINTMENT,TOPICAL,Prescription
VYALEV,FOSCARBIDOPA; FOSLEVODOPA,NDA216962,ABBVIE,SOLUTION,SUBCUTANEOUS,Prescription
VYBRIQUE,SILDENAFIL CITRATE,NDA210858,IBSA,FILM,ORAL,Prescription
VYDUO,NEBIVOLOL HYDROCHLORIDE; VALSARTAN,ANDA210596,PRINSTON INC,TABLET,ORAL,Prescription
VYEPTI,EPTINEZUMAB-JJMR,BLA761119,"Lundbeck Seattle BioPharmaceuticals, Inc.",INJECTABLE,INJECTION,Prescription
VYFEMLA,ETHINYL ESTRADIOL; NORETHINDRONE,ANDA201886,LUPIN,TABLET,ORAL-28,Prescription
VYKAT XR,DIAZOXIDE CHOLINE,NDA216665,SOLENO THERAP,"TABLET, EXTENDED RELEASE",ORAL,Prescription
VYKOURA,LEUCOVORIN CALCIUM,NDA220406,AVYXA HOLDINGS,SOLUTION,"INTRAMUSCULAR, INTRAVENOUS",Prescription
VYLEESI (AUTOINJECTOR),BREMELANOTIDE ACETATE,NDA210557,COSETTE,SOLUTION,SUBCUTANEOUS,Prescription
VYLOY,ZOLBETUXIMAB-CLZB,BLA761365,ASTELLAS,INJECTABLE,INJECTION,Prescription
VYNDAMAX,TAFAMIDIS,NDA212161,FOLDRX PHARMS,CAPSULE,ORAL,Prescription
VYNDAQEL,TAFAMIDIS MEGLUMINE,NDA211996,FOLDRX PHARMS,CAPSULE,ORAL,Discontinued
VYONDYS 53,GOLODIRSEN,NDA211970,SAREPTA THERAPS INC,SOLUTION,INTRAVENOUS,Prescription
VYSCOXA,CELECOXIB,NDA211759,CARWIN PHARM ASSOC,SUSPENSION,ORAL,Prescription
VYTORIN,EZETIMIBE; SIMVASTATIN,NDA021687,ORGANON,TABLET,ORAL,Prescription
VYVANSE,LISDEXAMFETAMINE DIMESYLATE,NDA021977,TAKEDA PHARMS USA,CAPSULE,ORAL,Prescription
VYVGART,EFGARTIGIMOD ALFA,BLA761195,ARGENX BV,INJECTABLE,INJECTION,Prescription
VYVGART HYTRULO,EFGARTIGIMOD ALFA AND HYALURONIDASE-QVFC,BLA761304,ARGENX BV,INJECTABLE,INJECTION,Prescription
VYXEOS,CYTARABINE; DAUNORUBICIN,NDA209401,JAZZ PHARMS THERAP,POWDER,INTRAVENOUS,Prescription
VYZULTA,LATANOPROSTENE BUNOD,NDA207795,BAUSCH AND LOMB,SOLUTION/DROPS,OPHTHALMIC,Prescription
WAINUA,EPLONTERSEN SODIUM,NDA217388,ASTRAZENECA AB,SOLUTION,SUBCUTANEOUS,Prescription
WAINUA (AUTOINJECTOR),EPLONTERSEN SODIUM,NDA217388,ASTRAZENECA AB,SOLUTION,SUBCUTANEOUS,Prescription
WAKIX,PITOLISANT HYDROCHLORIDE,NDA211150,HARMONY,TABLET,ORAL,Prescription
WAMPOCAP,NIACIN,NDA011073,MEDPOINTE PHARM HLC,CAPSULE,ORAL,Discontinued
WARFARIN SODIUM,WARFARIN SODIUM,ANDA086118,WATSON LABS,TABLET,ORAL,Discontinued
WAYRILZ,RILZABRUTINIB,NDA219685,GENZYME CORP,TABLET,ORAL,Prescription
WEGOVY,SEMAGLUTIDE,NDA215256,NOVO,SOLUTION,SUBCUTANEOUS,Prescription
WEGOVY FLEXTOUCH,SEMAGLUTIDE,NDA215256,NOVO,SOLUTION,SUBCUTANEOUS,Prescription
WEGOVY HD,SEMAGLUTIDE,NDA215256,NOVO,SOLUTION,SUBCUTANEOUS,Prescription
WELCHOL,COLESEVELAM HYDROCHLORIDE,NDA022362,COSETTE,FOR SUSPENSION,ORAL,Discontinued
WELIREG,BELZUTIFAN,NDA215383,MERCK SHARP DOHME,TABLET,ORAL,Prescription
WELLBUTRIN,BUPROPION HYDROCHLORIDE,NDA018644,GLAXOSMITHKLINE,TABLET,ORAL,Discontinued
WELLBUTRIN SR,BUPROPION HYDROCHLORIDE,NDA020358,GLAXOSMITHKLINE,"TABLET, EXTENDED RELEASE",ORAL,Prescription
WELLBUTRIN XL,BUPROPION HYDROCHLORIDE,NDA021515,BAUSCH,"TABLET, EXTENDED RELEASE",ORAL,Prescription
WELLCOVORIN,LEUCOVORIN CALCIUM,ANDA087439,GLAXOSMITHKLINE,SOLUTION,"INTRAMUSCULAR, INTRAVENOUS",Discontinued
WERA,ETHINYL ESTRADIOL; NORETHINDRONE,ANDA091204,NOVAST LABS LTD,TABLET,ORAL-28,Prescription
WESTADONE,METHADONE HYDROCHLORIDE,NDA017108,SANDOZ,"TABLET, EFFERVESCENT",ORAL,Discontinued
WESTCORT,HYDROCORTISONE VALERATE,NDA018726,SUN PHARM INDS INC,OINTMENT,TOPICAL,Discontinued
WEZLANA,USTEKINUMAB-AUUB,BLA761285,AMGEN INC,INJECTABLE,"INTRAVENOUS, SUBCUTANEOUS",Prescription
WIDAPLIK,AMLODIPINE BESYLATE; INDAPAMIDE; TELMISARTAN,NDA219423,AZURITY,TABLET,ORAL,Discontinued
WIGRAINE,CAFFEINE; ERGOTAMINE TARTRATE,ANDA086562,ORGANON USA INC,TABLET,ORAL,Discontinued
WIGRETTES,ERGOTAMINE TARTRATE,ANDA086750,ORGANON USA INC,TABLET,SUBLINGUAL,Discontinued
WILPO,PHENTERMINE HYDROCHLORIDE,NDA012737,SANDOZ,TABLET,ORAL,Discontinued
WINLEVI,CLASCOTERONE,NDA213433,SUN PHARM,CREAM,TOPICAL,Prescription
WINREVAIR,SOTATERCEPT-CSRK,BLA761363,MERCK SHARP DOHME,INJECTABLE,INJECTION,Prescription
WINSTROL,STANOZOLOL,NDA012885,LUNDBECK INC,TABLET,ORAL,Discontinued
WIXELA INHUB,FLUTICASONE PROPIONATE; SALMETEROL XINAFOATE,ANDA208891,MYLAN,POWDER,INHALATION,Prescription
WOLFINA,RAUWOLFIA SERPENTINA ROOT,NDA009255,FOREST PHARMS,TABLET,ORAL,Discontinued
WOMEN'S ROGAINE,MINOXIDIL,NDA021812,KENVUE BRANDS,"AEROSOL, FOAM",TOPICAL,Over-the-counter
WYAMINE SULFATE,MEPHENTERMINE SULFATE,NDA008248,BAXTER HLTHCARE CORP,INJECTABLE,INJECTION,Discontinued
WYAMYCIN E,ERYTHROMYCIN ETHYLSUCCINATE,ANDA062123,WYETH AYERST,SUSPENSION,ORAL,Discontinued
WYAMYCIN S,ERYTHROMYCIN STEARATE,ANDA061675,WYETH AYERST,TABLET,ORAL,Discontinued
WYGESIC,ACETAMINOPHEN; PROPOXYPHENE HYDROCHLORIDE,ANDA084999,CARACO,TABLET,ORAL,Discontinued
WYMOX,AMOXICILLIN,ANDA062120,WYETH AYERST,CAPSULE,ORAL,Discontinued
WYNZORA,BETAMETHASONE DIPROPIONATE; CALCIPOTRIENE,NDA213422,MC2,CREAM,TOPICAL,Prescription
WYOST,DENOSUMAB-BBDZ,BLA761362,SANDOZ INC,INJECTABLE,SUBCUTANEOUS,Prescription
WYTENSIN,GUANABENZ ACETATE,NDA018587,WYETH AYERST,TABLET,ORAL,Discontinued
X-TROZINE,PHENDIMETRAZINE TARTRATE,ANDA087394,SHIRE RICHWOOD,CAPSULE,ORAL,Discontinued
X-TROZINE L.A.,PHENDIMETRAZINE TARTRATE,ANDA087371,SHIRE RICHWOOD,"CAPSULE, EXTENDED RELEASE",ORAL,Discontinued
XACDURO (COPACKAGED),DURLOBACTAM SODIUM; SULBACTAM SODIUM,NDA216974,ENTASIS THERAP,POWDER,INTRAVENOUS,Prescription
XACIATO,CLINDAMYCIN PHOSPHATE,NDA215650,ORGANON LLC,GEL,VAGINAL,Prescription
XADAGO,SAFINAMIDE MESYLATE,NDA207145,MDD US,TABLET,ORAL,Prescription
XALATAN,LATANOPROST,NDA020597,UPJOHN,SOLUTION/DROPS,OPHTHALMIC,Prescription
XALKORI,CRIZOTINIB,NDA217581,PF PRISM CV,"CAPSULE, PELLETS",ORAL,Prescription
XANAX,ALPRAZOLAM,NDA018276,UPJOHN,TABLET,ORAL,Prescription
XANAX XR,ALPRAZOLAM,NDA021434,UPJOHN,"TABLET, EXTENDED RELEASE",ORAL,Prescription
XARACOLL,BUPIVACAINE HYDROCHLORIDE,NDA209511,INNOCOLL PHARMS,IMPLANT,IMPLANTATION,Discontinued
XARELTO,RIVAROXABAN,NDA202439,JANSSEN PHARMS,TABLET,ORAL,Prescription
XARTEMIS XR,ACETAMINOPHEN; OXYCODONE HYDROCHLORIDE,NDA204031,MALLINCKRODT INC,"TABLET, EXTENDED RELEASE",ORAL,Discontinued
XATMEP,METHOTREXATE SODIUM,NDA208400,AZURITY,SOLUTION,ORAL,Prescription
XBRYK,DENOSUMAB-DSSB,BLA761392,SAMSUNG BIOEPIS CO LTD,INJECTABLE,SUBCUTANEOUS,Prescription
XCOPRI,CENOBAMATE,NDA212839,SK LIFE,TABLET,ORAL,Prescription
XDEMVY,LOTILANER,NDA217603,TARSUS,SOLUTION/DROPS,OPHTHALMIC,Prescription
XEGLYZE,ABAMETAPIR,NDA206966,LNHC,LOTION,TOPICAL,Discontinued
XELJANZ,TOFACITINIB CITRATE,NDA203214,PF PRISM CV,TABLET,ORAL,Prescription
XELJANZ XR,TOFACITINIB CITRATE,NDA208246,PFIZER,"TABLET, EXTENDED RELEASE",ORAL,Prescription
XELODA,CAPECITABINE,NDA020896,CHEPLAPHARM,TABLET,ORAL,Discontinued
XELPROS,LATANOPROST,NDA206185,SUN PHARM,EMULSION,OPHTHALMIC,Discontinued
XELSTRYM,DEXTROAMPHETAMINE,NDA215401,NOVEN PHARMS INC,SYSTEM,TRANSDERMAL,Prescription
XENAZINE,TETRABENAZINE,NDA021894,BAUSCH,TABLET,ORAL,Prescription
XENEISOL,XENON XE-133,NDA017262,MALLINCKRODT,SOLUTION,"INHALATION, INJECTION",Discontinued
XENICAL,ORLISTAT,NDA020766,CHEPLAPHARM,CAPSULE,ORAL,Prescription
XENLETA,LEFAMULIN ACETATE,NDA211672,HONG KONG,TABLET,ORAL,Prescription
XENON XE 127,XENON XE-127,NDA018536,MALLINCKRODT,GAS,INHALATION,Discontinued
XENON XE 133,XENON XE-133,NDA017687,GE HEALTHCARE,GAS,INHALATION,Discontinued
XENON XE 133-V.S.S.,XENON XE-133,NDA017687,GE HEALTHCARE,GAS,INHALATION,Discontinued
XENOVIEW,XENON XE-129 HYPERPOLARIZED,NDA214375,POLAREAN,GAS,INHALATION,Prescription
XENPOZYME,OLIPUDASE ALFA-RPCP,BLA761261,GENZYME CORP,INJECTABLE,INJECTION,Prescription
XEPI,OZENOXACIN,NDA208945,LNHC,CREAM,TOPICAL,Discontinued
XERAVA,ERAVACYCLINE DIHYDROCHLORIDE,NDA211109,TETRAPHASE PHARMS,POWDER,INTRAVENOUS,Prescription
XERESE,ACYCLOVIR; HYDROCORTISONE,NDA022436,BAUSCH,CREAM,TOPICAL,Prescription
XERMELO,TELOTRISTAT ETIPRATE,NDA208794,TERSERA,TABLET,ORAL,Prescription
XGEVA,DENOSUMAB,BLA125320,AMGEN,INJECTABLE,SUBCUTANEOUS,Prescription
XHANCE,FLUTICASONE PROPIONATE,NDA209022,PARATEK PHARMS,"SPRAY, METERED",NASAL,Prescription
XIAFLEX,COLLAGENASE CLOSTRIDIUM HISTOLYTICUM,BLA125338,AUXILIUM PHARMS,SOLUTION,INJECTION,Prescription
XIBROM,BROMFENAC SODIUM,NDA021664,BAUSCH AND LOMB INC,SOLUTION/DROPS,OPHTHALMIC,Discontinued
XIFAXAN,RIFAXIMIN,NDA021361,SALIX PHARMS,TABLET,ORAL,Prescription
XIFYRM,MELOXICAM,NDA218395,AZURITY,SOLUTION,INTRAVENOUS,Prescription
XIGDUO XR,DAPAGLIFLOZIN; METFORMIN HYDROCHLORIDE,NDA205649,ASTRAZENECA AB,"TABLET, EXTENDED RELEASE",ORAL,Prescription
XIIDRA,LIFITEGRAST,NDA208073,BAUSCH AND LOMB INC,SOLUTION/DROPS,OPHTHALMIC,Prescription
XIMINO,MINOCYCLINE HYDROCHLORIDE,NDA201922,JOURNEY,"CAPSULE, EXTENDED RELEASE",ORAL,Discontinued
XIPERE,TRIAMCINOLONE ACETONIDE,NDA211950,BAUSCH AND LOMB INC,SUSPENSION,INJECTION,Prescription
XOCOVA,ENSITRELVIR,NDA220442,SHIONOGI,TABLET,ORAL,Prescription
XOFIGO,RADIUM RA-223 DICHLORIDE,NDA203971,BAYER HLTHCARE,SOLUTION,INTRAVENOUS,Prescription
XOFLUZA,BALOXAVIR MARBOXIL,NDA210854,GENENTECH INC,TABLET,ORAL,Prescription
XOLAIR,OMALIZUMAB,BLA103976,GENENTECH,VIAL,,Prescription
XOLEGEL,KETOCONAZOLE,NDA021946,INA PHARMS,GEL,TOPICAL,Discontinued
XOLREMDI,MAVORIXAFOR,NDA218709,X4 PHARMS,CAPSULE,ORAL,Prescription
XOPENEX,LEVALBUTEROL HYDROCHLORIDE,NDA020837,HIKMA,SOLUTION,INHALATION,Discontinued
XOPENEX HFA,LEVALBUTEROL TARTRATE,NDA021730,LUPIN,"AEROSOL, METERED",INHALATION,Prescription
XOSPATA,GILTERITINIB FUMARATE,NDA211349,ASTELLAS,TABLET,ORAL,Prescription
XPHOZAH,TENAPANOR HYDROCHLORIDE,NDA213931,ARDELYX INC,TABLET,ORAL,Prescription
XPOVIO,SELINEXOR,NDA212306,KARYOPHARM THERAPS,TABLET,ORAL,Prescription
XROMI,HYDROXYUREA,NDA216593,NOVA LABS LTD,SOLUTION,ORAL,Prescription
XTAMPZA ER,OXYCODONE,NDA208090,COLLEGIUM PHARM INC,"CAPSULE, EXTENDED RELEASE",ORAL,Prescription
XTANDI,ENZALUTAMIDE,NDA203415,ASTELLAS,CAPSULE,ORAL,Prescription
XTORO,FINAFLOXACIN,NDA206307,FONSECA BIOSCIENCES,SUSPENSION/DROPS,OTIC,Prescription
XTRELUS,GUAIFENESIN; HYDROCODONE BITARTRATE,NDA208085,ECI PHARMS LLC,TABLET,ORAL,Discontinued
XTRENBO,DENOSUMAB-QBDE,BLA761439,HIKMA PHARMACEUTICALS USA INC,SOLUTION,INJECTION,Prescription
XULANE,ETHINYL ESTRADIOL; NORELGESTROMIN,ANDA200910,MYLAN TECHNOLOGIES,"FILM, EXTENDED RELEASE",TRANSDERMAL,Prescription
XULTOPHY 100/3.6,INSULIN DEGLUDEC; LIRAGLUTIDE,BLA208583,NOVO,SOLUTION,SUBCUTANEOUS,Prescription
XURIDEN,URIDINE TRIACETATE,NDA208169,BTG INTL,GRANULE,ORAL,Prescription
XYLO-PFAN,XYLOSE,NDA017605,SAVAGE LABS,POWDER,ORAL,Discontinued
XYLOCAINE,LIDOCAINE,NDA008048,ASTRAZENECA,OINTMENT,TOPICAL,Discontinued
XYLOCAINE,LIDOCAINE HYDROCHLORIDE,NDA010418,ASTRAZENECA,INJECTABLE,INJECTION,Discontinued
XYLOCAINE 1.5% W/ DEXTROSE 7.5%,LIDOCAINE HYDROCHLORIDE,NDA016297,FRESENIUS KABI USA,INJECTABLE,SPINAL,Discontinued
XYLOCAINE 4% PRESERVATIVE FREE,LIDOCAINE HYDROCHLORIDE,NDA010417,FRESENIUS KABI USA,INJECTABLE,INJECTION,Discontinued
XYLOCAINE 5% W/ GLUCOSE 7.5%,LIDOCAINE HYDROCHLORIDE,NDA010496,ASTRAZENECA,INJECTABLE,SPINAL,Discontinued
XYLOCAINE DENTAL,LIDOCAINE HYDROCHLORIDE,NDA021380,DENTSPLY PHARM,INJECTABLE,INJECTION,Discontinued
XYLOCAINE DENTAL WITH EPINEPHRINE,EPINEPHRINE; LIDOCAINE HYDROCHLORIDE,NDA021381,DENTSPLY PHARM,INJECTABLE,INJECTION,Discontinued
XYLOCAINE PRESERVATIVE FREE,LIDOCAINE HYDROCHLORIDE,NDA016801,FRESENIUS KABI USA,INJECTABLE,INJECTION,Discontinued
XYLOCAINE VISCOUS,LIDOCAINE HYDROCHLORIDE,NDA009470,FRESENIUS KABI USA,SOLUTION,ORAL,Discontinued
XYLOCAINE W/ EPINEPHRINE,EPINEPHRINE; LIDOCAINE HYDROCHLORIDE,NDA010418,ASTRAZENECA,INJECTABLE,INJECTION,Discontinued
XYLOSE,XYLOSE,NDA018856,LYNE,POWDER,ORAL,Discontinued
XYOSTED (AUTOINJECTOR),TESTOSTERONE ENANTHATE,NDA209863,ANTARES PHARMA INC,SOLUTION,SUBCUTANEOUS,Prescription
XYREM,SODIUM OXYBATE,NDA021196,JAZZ PHARMS,SOLUTION,ORAL,Prescription
XYROSA,DOXYCYCLINE,NDA209259,SUN PHARM INDS LTD,TABLET,ORAL,None (Tentative Approval)
XYWAV,CALCIUM OXYBATE; MAGNESIUM OXYBATE; POTASSIUM OXYBATE; SODIUM OXYBATE,NDA212690,JAZZ,SOLUTION,ORAL,Prescription
XYZAL,LEVOCETIRIZINE DIHYDROCHLORIDE,NDA022064,CHATTEM SANOFI,TABLET,ORAL,Discontinued
XYZAL ALLERGY 24HR,LEVOCETIRIZINE DIHYDROCHLORIDE,NDA209089,CHATTEM SANOFI,TABLET,ORAL,Over-the-counter
Xeomin,incobotulinumtoxinA,BLA125360,MERZ PHARMS,INJECTABLE,INJECTION,Prescription
YAELA,DROSPIRENONE; ETHINYL ESTRADIOL,ANDA202015,NOVAST LABS,TABLET,ORAL-28,Prescription
YARGESA,MIGLUSTAT,ANDA209821,EDENBRIDGE PHARMS,CAPSULE,ORAL,Prescription
YARTEMLEA,NARSOPLIMAB-WUUG,BLA761152,OMEROS CORP,INJECTION,,Prescription
YASMIN,DROSPIRENONE; ETHINYL ESTRADIOL,NDA021098,BAYER HLTHCARE,TABLET,ORAL-28,Prescription
YAZ,DROSPIRENONE; ETHINYL ESTRADIOL,NDA022045,BAYER HLTHCARE,TABLET,ORAL,Prescription
YCANTH,CANTHARIDIN,NDA212905,VERRICA PHARMS,SOLUTION,TOPICAL,Prescription
YERVOY,IPILIMUMAB,BLA125377,BRISTOL MYERS SQUIBB,INJECTABLE,INJECTION,Prescription
YESAFILI,AFLIBERCEPT-JBVF,BLA761274,BIOCON BIOLOGICS INC,INJECTABLE,INJECTION,Prescription
YESINTEK,USTEKINUMAB-KFCE,BLA761406,BIOCON BIOLOGICS INC,INJECTABLE,INJECTION,Prescription
YEZTUGO,LENACAPAVIR,NDA220018,GILEAD SCIENCES INC,SOLUTION,SUBCUTANEOUS,Prescription
YEZTUGO,LENACAPAVIR SODIUM,NDA220018,GILEAD SCIENCES INC,SOLUTION,SUBCUTANEOUS,Prescription
YONDELIS,TRABECTEDIN,NDA207953,JANSSEN PRODS,POWDER,INTRAVENOUS,Prescription
YONSA,ABIRATERONE ACETATE,NDA210308,SUN PHARM,TABLET,ORAL,Prescription
YORVIPATH,PALOPEGTERIPARATIDE,NDA216490,ASCENDIS PHARMA BONE,SOLUTION,SUBCUTANEOUS,Prescription
YOSPRALA,ASPIRIN; OMEPRAZOLE,NDA205103,GENUS LIFESCIENCES,"TABLET, DELAYED RELEASE",ORAL,Discontinued
YTTERBIUM YB 169 DTPA,PENTETATE CALCIUM TRISODIUM YB-169,NDA017518,3M,INJECTABLE,INJECTION,Discontinued
YUFLYMA,ADALIMUMAB-AATY,BLA761219,CELLTRION,INJECTABLE,INJECTION,Prescription
YUPELRI,REVEFENACIN,NDA210598,MYLAN IRELAND LTD,SOLUTION,INHALATION,Prescription
YUSIMRY,ADALIMUMAB-AQVH,BLA761216,COHERUS BIOSCIENCES INC,INJECTABLE,INJECTION,Prescription
YUTIQ,FLUOCINOLONE ACETONIDE,NDA210331,ALIMERA SCIENCES INC,IMPLANT,INTRAVITREAL,Prescription
YUTOPAR,RITODRINE HYDROCHLORIDE,NDA018555,ASTRAZENECA,TABLET,ORAL,Discontinued
YUTREPIA,TREPROSTINIL SODIUM,NDA213005,LIQUIDIA TECH,POWDER,INHALATION,Prescription
YUVEZZI,BRIMONIDINE TARTRATE; CARBACHOL,NDA220142,VISUS,SOLUTION/DROPS,OPHTHALMIC,Prescription
YUVIWEL,NAVEPEGRITIDE,NDA219164,ASCENDIS,POWDER,SUBCUTANEOUS,Prescription
ZADITOR,KETOTIFEN FUMARATE,NDA021066,ALCON PHARMA,SOLUTION/DROPS,OPHTHALMIC,Discontinued
ZAFIRLUKAST,ZAFIRLUKAST,ANDA090372,DR REDDYS LABS LTD,TABLET,ORAL,Prescription
ZAGAM,SPARFLOXACIN,NDA020677,MYLAN,TABLET,ORAL,Discontinued
ZALEPLON,ZALEPLON,ANDA077238,NATCO PHARMA,CAPSULE,ORAL,Discontinued
ZALTRAP,ZIV-AFLIBERCEPT,BLA125418,SANOFI AVENTIS US,INJECTABLE,INJECTION,Prescription
ZANAFLEX,TIZANIDINE HYDROCHLORIDE,NDA021447,LEGACY,CAPSULE,ORAL,Prescription
ZANOSAR,STREPTOZOCIN,NDA050577,TEVA PHARMS USA,INJECTABLE,INJECTION,Discontinued
ZANTAC,RANITIDINE HYDROCHLORIDE,NDA019675,GLAXO GRP LTD,SYRUP,ORAL,Discontinued
ZANTAC 150,RANITIDINE HYDROCHLORIDE,NDA018703,GLAXO GRP LTD,TABLET,ORAL,Discontinued
ZANTAC 25,RANITIDINE HYDROCHLORIDE,NDA020251,GLAXO GRP LTD,"TABLET, EFFERVESCENT",ORAL,Discontinued
ZANTAC 300,RANITIDINE HYDROCHLORIDE,NDA018703,GLAXO GRP LTD,TABLET,ORAL,Discontinued
ZANTAC 75,RANITIDINE HYDROCHLORIDE,NDA020520,CHATTEM SANOFI,TABLET,ORAL,Discontinued
ZANTAC IN PLASTIC CONTAINER,RANITIDINE HYDROCHLORIDE,NDA019593,PAI HOLDINGS PHARM,INJECTABLE,INJECTION,Discontinued
ZARONTIN,ETHOSUXIMIDE,ANDA080258,PARKE-DAVIS,SYRUP,ORAL,Prescription
ZAROXOLYN,METOLAZONE,NDA017386,I3 PHARMS,TABLET,ORAL,Discontinued
ZARXIO,FILGRASTIM-SNDZ,BLA125553,SANDOZ INC,INJECTABLE,INJECTION,Prescription
ZAVESCA,MIGLUSTAT,NDA021348,ACTELION,CAPSULE,ORAL,Prescription
ZAVZPRET,ZAVEGEPANT HYDROCHLORIDE,NDA216386,PFIZER,"SPRAY, METERED",NASAL,Prescription
ZAXOPAM,OXAZEPAM,ANDA070640,QUANTUM PHARMICS,CAPSULE,ORAL,Discontinued
ZAYNICH,CEFEPIME HYDROCHLORIDE; ZIDEBACTAM,NDA220787,WOCKHARDT BIO AG,POWDER,INTRAVENOUS,Prescription
ZEBETA,BISOPROLOL FUMARATE,NDA019982,TEVA BRANDED PHARM,TABLET,ORAL,Discontinued
ZECUITY,SUMATRIPTAN SUCCINATE,NDA202278,TEVA BRANDED PHARM,SYSTEM,IONTOPHORESIS,Discontinued
ZEFAZONE,CEFMETAZOLE SODIUM,NDA050637,PHARMACIA AND UPJOHN,INJECTABLE,INJECTION,Discontinued
ZEFAZONE IN PLASTIC CONTAINER,CEFMETAZOLE SODIUM,NDA050683,PHARMACIA AND UPJOHN,INJECTABLE,INJECTION,Discontinued
ZEGALOGUE,DASIGLUCAGON HYDROCHLORIDE,NDA214231,ZEALAND PHARMA,SOLUTION,SUBCUTANEOUS,Discontinued
ZEGALOGUE (AUTOINJECTOR),DASIGLUCAGON HYDROCHLORIDE,NDA214231,ZEALAND PHARMA,SOLUTION,SUBCUTANEOUS,Discontinued
ZEGERID,MAGNESIUM HYDROXIDE; OMEPRAZOLE; SODIUM BICARBONATE,NDA021850,SANTARUS,"TABLET, CHEWABLE",ORAL,Discontinued
ZEGERID,OMEPRAZOLE; SODIUM BICARBONATE,NDA021849,SALIX,CAPSULE,ORAL,Discontinued
ZEGERID OTC,OMEPRAZOLE; SODIUM BICARBONATE,NDA022283,RILEY CONSUMER,FOR SUSPENSION,ORAL,Over-the-counter
ZEGFROVY,SUNVOZERTINIB,NDA219839,DIZAL,TABLET,ORAL,Prescription
ZEJULA,NIRAPARIB TOSYLATE,NDA214876,GLAXOSMITHKLINE,TABLET,ORAL,Prescription
ZELAPAR,SELEGILINE HYDROCHLORIDE,NDA021479,BAUSCH,"TABLET, ORALLY DISINTEGRATING",ORAL,Prescription
ZELBORAF,VEMURAFENIB,NDA202429,HOFFMANN LA ROCHE,TABLET,ORAL,Prescription
ZELNORM,TEGASEROD MALEATE,NDA021200,ALFASIGMA,TABLET,ORAL,Discontinued
ZELSUVMI,BERDAZIMER SODIUM,NDA217424,LNHC,GEL,TOPICAL,Prescription
ZELVYSIA,SAPROPTERIN DIHYDROCHLORIDE,ANDA218645,AUCTA,FOR SOLUTION,ORAL,Prescription
ZEMBRACE SYMTOUCH,SUMATRIPTAN SUCCINATE,NDA208223,TONIX MEDS,SOLUTION,SUBCUTANEOUS,Prescription
ZEMDRI,PLAZOMICIN SULFATE,NDA210303,CIPLA USA,SOLUTION,INTRAVENOUS,Discontinued
ZEMPLAR,PARICALCITOL,NDA020819,ABBVIE,SOLUTION,INTRAVENOUS,Prescription
ZEMURON,ROCURONIUM BROMIDE,NDA020214,ORGANON USA INC,INJECTABLE,INJECTION,Discontinued
ZENATANE,ISOTRETINOIN,ANDA202099,DR REDDYS LABS LTD,CAPSULE,ORAL,Prescription
ZENAVOD,DOXYCYCLINE,NDA208286,DR REDDYS LABS LTD,CAPSULE,ORAL,None (Tentative Approval)
ZENBEXUS,IBERDOMIDE,NDA221075,BRISTOL MYERS SQUIBB,CAPSULE,ORAL,Prescription
ZENPEP,LIPASE; PANCRELIPASE (AMYLASE; PROTEASE),BLA022210,EURAND PHARMA LTD,"CAPSULE, DELAYED RELEASE",ORAL,Prescription
ZEPATIER,ELBASVIR; GRAZOPREVIR,NDA208261,MSD SUB MERCK,TABLET,ORAL,Discontinued
ZEPBOUND,TIRZEPATIDE,NDA217806,ELI LILLY AND CO,SOLUTION,SUBCUTANEOUS,Prescription
ZEPBOUND (AUTOINJECTOR),TIRZEPATIDE,NDA217806,ELI LILLY AND CO,SOLUTION,SUBCUTANEOUS,Prescription
ZEPBOUND KWIKPEN,TIRZEPATIDE,NDA217806,ELI LILLY AND CO,SOLUTION,SUBCUTANEOUS,Prescription
ZEPOSIA,OZANIMOD HYDROCHLORIDE,NDA209899,BRISTOL,CAPSULE,ORAL,Prescription
ZEPZELCA,LURBINECTEDIN,NDA213702,JAZZ,POWDER,INTRAVENOUS,Prescription
ZERBAXA,CEFTOLOZANE SULFATE; TAZOBACTAM SODIUM,NDA206829,CUBIST PHARMS LLC,POWDER,INTRAVENOUS,Prescription
ZERIT,STAVUDINE,NDA020413,BRISTOL,FOR SOLUTION,ORAL,Discontinued
ZERIT XR,STAVUDINE,NDA021453,BRISTOL MYERS SQUIBB,"CAPSULE, EXTENDED RELEASE",ORAL,Discontinued
ZERVIATE,CETIRIZINE HYDROCHLORIDE,NDA208694,HARROW EYE,SOLUTION/DROPS,OPHTHALMIC,Prescription
ZESTORETIC,HYDROCHLOROTHIAZIDE; LISINOPRIL,NDA019888,ALMATICA,TABLET,ORAL,Prescription
ZESTRIL,LISINOPRIL,NDA019777,TWI PHARMS,TABLET,ORAL,Prescription
ZETIA,EZETIMIBE,NDA021445,ORGANON,TABLET,ORAL,Prescription
ZETONNA,CICLESONIDE,NDA202129,AZURITY,"AEROSOL, METERED",NASAL,Discontinued
ZEVALIN,IBRITUMOMAB TIUXETAN,BLA125019,SPECTRUM PHARMS,INJECTABLE,INJECTION,Prescription
ZEVTERA,CEFTOBIPROLE MEDOCARIL SODIUM,NDA218275,ISTX,POWDER,INTRAVENOUS,Prescription
ZIAC,BISOPROLOL FUMARATE; HYDROCHLOROTHIAZIDE,NDA020186,TEVA BRANDED PHARM,TABLET,ORAL,Prescription
ZIAGEN,ABACAVIR SULFATE,NDA020977,VIIV HLTHCARE,TABLET,ORAL,Discontinued
ZIANA,CLINDAMYCIN PHOSPHATE; TRETINOIN,NDA050802,BAUSCH,GEL,TOPICAL,Prescription
ZIBA-RX,BACITRACIN ZINC,ANDA061737,X GEN PHARMS,POWDER,FOR RX COMPOUNDING,Discontinued
ZIDE,HYDROCHLOROTHIAZIDE,ANDA083925,SOLVAY,TABLET,ORAL,Discontinued
ZIDOVUDINE,ZIDOVUDINE,ANDA078349,CIPLA LTD,CAPSULE,ORAL,Prescription
ZIEXTENZO,PEGFILGRASTIM-BMEZ,BLA761045,SANDOZ INC,INJECTABLE,INJECTION,Prescription
ZIIHERA,ZANIDATAMAB-HRII,BLA761416,JAZZ PHARMS,INJECTABLE,INJECTION,Prescription
ZILBRYSQ,ZILUCOPLAN SODIUM,NDA216834,UCB INC,SOLUTION,SUBCUTANEOUS,Prescription
ZILEUTON,ZILEUTON,ANDA215742,ANNORA PHARMA,"TABLET, EXTENDED RELEASE",ORAL,Prescription
ZILRETTA,TRIAMCINOLONE ACETONIDE,NDA208845,PACIRA PHARMS INC,"FOR SUSPENSION, EXTENDED RELEASE",INTRA-ARTICULAR,Prescription
ZILXI,MINOCYCLINE HYDROCHLORIDE,NDA213690,JOURNEY,"AEROSOL, FOAM",TOPICAL,Prescription
ZIMHI,NALOXONE HYDROCHLORIDE,NDA212854,ZMI PHARMA,SOLUTION,"INTRAMUSCULAR, SUBCUTANEOUS",Prescription
ZIMRIXBY,RITUXIMAB-CDXX,BLA761376,DR REDDYS LABS SA,INJECTION,,Prescription
ZINACEF,CEFUROXIME SODIUM,NDA050558,PAI HOLDINGS PHARM,INJECTABLE,INJECTION,Discontinued
ZINACEF IN PLASTIC CONTAINER,CEFUROXIME SODIUM,NDA050643,PAI HOLDINGS PHARM,INJECTABLE,INJECTION,Discontinued
ZINBRYTA,DACLIZUMAB,BLA761029,BIOGEN,INJECTABLE,INJECTION,Prescription
"ZINC BACITRACIN,NEOMYCIN SULFATE,POLYMYXIN B SULFATE & HYDROCORTISONE",BACITRACIN ZINC; HYDROCORTISONE; NEOMYCIN SULFATE; POLYMYXIN B SULFATE,ANDA062389,PHARMAFAIR,OINTMENT,OPHTHALMIC,Discontinued
ZINC CHLORIDE,ZINC CHLORIDE,ANDA217625,STIRA,INJECTABLE,INJECTION,Prescription
ZINC CHLORIDE IN PLASTIC CONTAINER,ZINC CHLORIDE,NDA018959,HOSPIRA,INJECTABLE,INJECTION,Prescription
ZINC SULFATE,ZINC SULFATE,ANDA214597,NIVAGEN PHARMS INC,SOLUTION,INTRAVENOUS,Prescription
"ZINC SULFATE HEPTAHYDRATE, CUPRIC SULFATE, MANGANESE SULFATE, SELENIOUS ACID","ZINC SULFATE HEPTAHYDRATE, CUPRIC SULFATE, MANGANESE SULFATE, SELENIOUS ACID",ANDA219632,GLAND PHARMA LIMITED,INJECTION,,None (Tentative Approval)
ZINECARD,DEXRAZOXANE HYDROCHLORIDE,NDA020212,PFIZER,INJECTABLE,INJECTION,Discontinued
ZINGO,LIDOCAINE HYDROCHLORIDE,NDA022114,POWDER PHARMS,SYSTEM,INTRADERMAL,Discontinued
ZINPLAVA,BEZLOTOXUMAB,BLA761046,MERCK SHARP DOHME,INJECTABLE,INJECTION,Prescription
ZIOPTAN,TAFLUPROST,NDA202514,THEA PHARMA,SOLUTION/DROPS,OPHTHALMIC,Prescription
ZIPAN-25,PROMETHAZINE HYDROCHLORIDE,ANDA083997,ALTANA,INJECTABLE,INJECTION,Discontinued
ZIPAN-50,PROMETHAZINE HYDROCHLORIDE,ANDA083997,ALTANA,INJECTABLE,INJECTION,Discontinued
ZIPRASIDONE HYDROCHLORIDE,ZIPRASIDONE HYDROCHLORIDE,ANDA077565,DR REDDYS LABS INC,CAPSULE,ORAL,Prescription
ZIPRASIDONE MESYLATE,ZIPRASIDONE MESYLATE,ANDA216091,MSN,POWDER,INTRAMUSCULAR,Prescription
ZIPSOR,DICLOFENAC POTASSIUM,NDA022202,COSETTE,CAPSULE,ORAL,Prescription
ZIRABEV,BEVACIZUMAB-BVZR,BLA761099,PFIZER INC,INJECTABLE,INJECTION,Prescription
ZIRGAN,GANCICLOVIR,NDA022211,BAUSCH AND LOMB,GEL,OPHTHALMIC,Prescription
ZITHROMAX,AZITHROMYCIN,NDA050733,PFIZER,INJECTABLE,INJECTION,Discontinued
ZITUVIMET,METFORMIN HYDROCHLORIDE; SITAGLIPTIN,NDA216743,ZYDUS LIFESCIENCES,TABLET,ORAL,Prescription
ZITUVIMET XR,METFORMIN HYDROCHLORIDE; SITAGLIPTIN,NDA216778,ZYDUS LIFESCIENCES,"TABLET, EXTENDED RELEASE",ORAL,Prescription
ZITUVIO,SITAGLIPTIN,NDA211566,ZYDUS LIFESCIENCES,TABLET,ORAL,Prescription
ZMAX,AZITHROMYCIN,NDA050797,PF PRISM CV,"FOR SUSPENSION, EXTENDED RELEASE",ORAL,Discontinued
ZOCOR,SIMVASTATIN,NDA019766,ORGANON,TABLET,ORAL,Discontinued
ZOFRAN,ONDANSETRON HYDROCHLORIDE,NDA020605,SANDOZ,SOLUTION,ORAL,Discontinued
ZOFRAN AND DEXTROSE IN PLASTIC CONTAINER,ONDANSETRON HYDROCHLORIDE,NDA020403,GLAXOSMITHKLINE,INJECTABLE,INJECTION,Discontinued
ZOFRAN ODT,ONDANSETRON,NDA020781,SANDOZ,"TABLET, ORALLY DISINTEGRATING",ORAL,Discontinued
ZOFRAN PRESERVATIVE FREE,ONDANSETRON HYDROCHLORIDE,NDA020007,SANDOZ,INJECTABLE,INJECTION,Discontinued
ZOHYDRO ER,HYDROCODONE BITARTRATE,NDA202880,RECRO GAINESVILLE,"CAPSULE, EXTENDED RELEASE",ORAL,Discontinued
ZOKINVY,LONAFARNIB,NDA213969,SENTYNL THERAPS INC,CAPSULE,ORAL,Prescription
ZOLADEX,GOSERELIN,NDA020515,TERSERA,IMPLANT,IMPLANTATION,Prescription
ZOLADEX,GOSERELIN ACETATE,NDA020578,TERSERA,IMPLANT,IMPLANTATION,Prescription
ZOLEDRONIC,ZOLEDRONIC ACID,ANDA205749,GLAND,INJECTABLE,INTRAVENOUS,Prescription
ZOLEDRONIC ACID,ZOLEDRONIC ACID,ANDA091516,FRESENIUS KABI USA,INJECTABLE,INTRAVENOUS,Prescription
ZOLINZA,VORINOSTAT,NDA021991,MSD SUB MERCK,CAPSULE,ORAL,Prescription
ZOLMITRIPTAN,ZOLMITRIPTAN,ANDA202956,JUBILANT GENERICS,"TABLET, ORALLY DISINTEGRATING",ORAL,Prescription
ZOLOFT,SERTRALINE HYDROCHLORIDE,NDA019839,VIATRIS,TABLET,ORAL,Discontinued
ZOLPIDEM TARTRATE,ZOLPIDEM TARTRATE,ANDA076410,TEVA,TABLET,ORAL,Discontinued
ZOLPIMIST,ZOLPIDEM TARTRATE,NDA022196,AYTU,"SPRAY, METERED",ORAL,Discontinued
ZOLYMBUS,BIMATOPROST,NDA217307,THEA PHARMA,GEL,OPHTHALMIC,Prescription
ZOMACTON,SOMATROPIN,BLA019774,FERRING,INJECTABLE,INJECTION,Prescription
ZOMETA,ZOLEDRONIC ACID,NDA021223,NOVARTIS,INJECTABLE,INTRAVENOUS,Discontinued
ZOMIG,ZOLMITRIPTAN,NDA020768,IPR,TABLET,ORAL,Discontinued
ZOMIG-ZMT,ZOLMITRIPTAN,NDA021231,ASTRAZENECA,"TABLET, ORALLY DISINTEGRATING",ORAL,Discontinued
ZONALON,DOXEPIN HYDROCHLORIDE,NDA020126,MYLAN,CREAM,TOPICAL,Prescription
ZONEGRAN,ZONISAMIDE,NDA020789,ADVANZ PHARMA,CAPSULE,ORAL,Prescription
ZONISADE,ZONISAMIDE,NDA214273,AZURITY,SUSPENSION,ORAL,Prescription
ZONISAMIDE,ZONISAMIDE,ANDA077651,GLENMARK PHARMS,CAPSULE,ORAL,Prescription
ZONTIVITY,VORAPAXAR SULFATE,NDA204886,KEY THERAP,TABLET,ORAL,Discontinued
ZORBTIVE,SOMATROPIN RECOMBINANT,BLA021597,EMD SERONO,INJECTABLE,INJECTION,Discontinued
ZORTRESS,EVEROLIMUS,NDA021560,NOVARTIS,TABLET,ORAL,Prescription
ZORVOLEX,DICLOFENAC,NDA204592,ZYLA,CAPSULE,ORAL,Discontinued
ZORYVE,ROFLUMILAST,NDA215985,ARCUTIS,CREAM,TOPICAL,Prescription
ZOSYN,PIPERACILLIN SODIUM; TAZOBACTAM SODIUM,NDA050684,WYETH PHARMS,INJECTABLE,INJECTION,Discontinued
ZOSYN IN PLASTIC CONTAINER,PIPERACILLIN SODIUM; TAZOBACTAM SODIUM,NDA050750,BAXTER HLTHCARE CORP,INJECTABLE,INJECTION,Prescription
ZOVIA 1/35E-21,ETHINYL ESTRADIOL; ETHYNODIOL DIACETATE,ANDA072720,WATSON PHARMS TEVA,TABLET,ORAL-21,Discontinued
ZOVIA 1/35E-28,ETHINYL ESTRADIOL; ETHYNODIOL DIACETATE,ANDA072721,DR REDDYS LABS SA,TABLET,ORAL-28,Discontinued
ZOVIA 1/50E-21,ETHINYL ESTRADIOL; ETHYNODIOL DIACETATE,ANDA072722,WATSON LABS,TABLET,ORAL-21,Discontinued
ZOVIRAX,ACYCLOVIR,NDA018604,BAUSCH,OINTMENT,TOPICAL,Prescription
ZOVIRAX,ACYCLOVIR SODIUM,NDA018603,GLAXOSMITHKLINE,INJECTABLE,INJECTION,Discontinued
ZTALMY,GANAXOLONE,NDA215904,IMMEDICA PHARMA,SUSPENSION,ORAL,Prescription
ZTLIDO,LIDOCAINE,NDA207962,SCILEX PHARMS,PATCH,TOPICAL,Prescription
ZUBSOLV,BUPRENORPHINE HYDROCHLORIDE; NALOXONE HYDROCHLORIDE,NDA204242,EDENBRIDGE PHARMS,TABLET,SUBLINGUAL,Prescription
ZULRESSO,BREXANOLONE,NDA211371,SAGE THERAP SUPERNUS,SOLUTION,INTRAVENOUS,Discontinued
ZUMANDIMINE,DROSPIRENONE; ETHINYL ESTRADIOL,ANDA209407,AUROBINDO PHARMA LTD,TABLET,ORAL-28,Prescription
ZUNVEYL,BENZGALANTAMINE GLUCONATE,NDA218549,ALPHA COGNITION,"TABLET, DELAYED RELEASE",ORAL,Prescription
ZUPLENZ,ONDANSETRON,NDA022524,AQUESTIVE,FILM,ORAL,Discontinued
ZURAGARD,ISOPROPYL ALCOHOL,NDA210872,ZUREX PHARMA,SOLUTION,TOPICAL,Over-the-counter
ZURAMPIC,LESINURAD,NDA207988,IRONWOOD PHARMS INC,TABLET,ORAL,Discontinued
ZURNAI (AUTOINJECTOR),NALMEFENE HYDROCHLORIDE,NDA218590,KNOA PHARMA,SOLUTION,"INTRAMUSCULAR, SUBCUTANEOUS",Prescription
ZURZUVAE,ZURANOLONE,NDA217369,BIOGEN,CAPSULE,ORAL,Prescription
ZUSDURI,MITOMYCIN,NDA215793,UROGEN PHARMA,POWDER,INTRAVESICAL,Prescription
ZUTRIPRO,CHLORPHENIRAMINE MALEATE; HYDROCODONE BITARTRATE; PSEUDOEPHEDRINE HYDROCHLORIDE,NDA022439,PERSION,SOLUTION,ORAL,Discontinued
ZYBAN,BUPROPION HYDROCHLORIDE,NDA020711,GLAXOSMITHKLINE,"TABLET, EXTENDED RELEASE",ORAL,Discontinued
ZYCLARA,IMIQUIMOD,NDA022483,BAUSCH,CREAM,TOPICAL,Prescription
ZYCUBO,COPPER HISTIDINATE,NDA211241,SENTYNL THERAPS INC,POWDER,SUBCUTANEOUS,Prescription
ZYDELIG,IDELALISIB,NDA205858,GILEAD SCIENCES INC,TABLET,ORAL,Prescription
ZYDONE,ACETAMINOPHEN; HYDROCODONE BITARTRATE,ANDA040288,VINTAGE PHARMS LLC,TABLET,ORAL,Discontinued
ZYFLO,ZILEUTON,NDA020471,CHIESI,TABLET,ORAL,Discontinued
ZYFLO CR,ZILEUTON,NDA022052,CHIESI,"TABLET, EXTENDED RELEASE",ORAL,Discontinued
ZYFREL,ACETAMINOPHEN; HYDROCODONE BITARTRATE,ANDA090468,CYPRESS PHARM INC,SOLUTION,ORAL,Discontinued
ZYKADIA,CERITINIB,NDA211225,NOVARTIS,TABLET,ORAL,Prescription
ZYLET,LOTEPREDNOL ETABONATE; TOBRAMYCIN,NDA050804,BAUSCH AND LOMB,SUSPENSION/DROPS,OPHTHALMIC,Prescription
ZYLOPRIM,ALLOPURINOL,NDA016084,CASPER PHARMA LLC,TABLET,ORAL,Prescription
ZYMAR,GATIFLOXACIN,NDA021493,ALLERGAN,SOLUTION/DROPS,OPHTHALMIC,Discontinued
ZYMAXID,GATIFLOXACIN,NDA022548,ABBVIE,SOLUTION/DROPS,OPHTHALMIC,Prescription
ZYMFENTRA,INFLIXIMAB-DYYB,BLA761358,CELLTRION,INJECTABLE,INJECTION,Prescription
ZYNLONTA,LONCASTUXIMAB TESIRINE-LPYL,BLA761196,ADC Therapeutics SA,INJECTABLE,INJECTION,Prescription
ZYNRELEF KIT,BUPIVACAINE; MELOXICAM,NDA211988,HERON THERAPS INC,"SOLUTION, EXTENDED RELEASE",PERIARTICULAR,Prescription
ZYNYZ,RETIFANLIMAB-DLWR,BLA761334,INCYTE CORP,INJECTABLE,INTRAVENOUS,Prescription
ZYOGREEN,INDOCYANINE GREEN,NDA218579,PROVEPHARM SAS,SOLUTION,"INTRAVENOUS, INTERSTITIAL",Prescription
ZYPITAMAG,PITAVASTATIN MAGNESIUM,NDA208379,MEDICURE,TABLET,ORAL,Prescription
ZYPREXA,OLANZAPINE,NDA020592,CHEPLAPHARM,TABLET,ORAL,Prescription
ZYPREXA RELPREVV,OLANZAPINE PAMOATE,NDA022173,CHEPLAPHARM,"SUSPENSION, EXTENDED RELEASE",INTRAMUSCULAR,Prescription
ZYPREXA ZYDIS,OLANZAPINE,NDA021086,CHEPLAPHARM,"TABLET, ORALLY DISINTEGRATING",ORAL,Prescription
ZYRTEC,CETIRIZINE HYDROCHLORIDE,NDA020346,J AND J CONSUMER INC,SOLUTION,ORAL,Discontinued
ZYRTEC ALLERGY,CETIRIZINE HYDROCHLORIDE,NDA019835,KENVUE BRANDS,TABLET,ORAL,Over-the-counter
ZYRTEC HIVES,CETIRIZINE HYDROCHLORIDE,NDA019835,KENVUE BRANDS,TABLET,ORAL,Discontinued
ZYRTEC-D 12 HOUR,CETIRIZINE HYDROCHLORIDE; PSEUDOEPHEDRINE HYDROCHLORIDE,NDA021150,KENVUE BRANDS,"TABLET, EXTENDED RELEASE",ORAL,Over-the-counter
ZYTIGA,ABIRATERONE ACETATE,NDA202379,JANSSEN BIOTECH,TABLET,ORAL,Prescription
ZYVOX,LINEZOLID,NDA021132,PFIZER,FOR SUSPENSION,ORAL,Prescription
